Study ID	Patient ID	Sample ID	Diagnosis Age	Biochemical Recurrence Indicator	Bone Scan Result	Cancer Type	Cancer Type Detailed	Cellularity	Neoplasm American Joint Committee on Cancer Clinical Distant Metastasis M Stage	Neoplasm American Joint Committee on Cancer Clinical Primary Tumor T Stage	Cohort	Ct scan ab pelvis indicator	Ct scan ab pelvis results	Days to biochemical recurrence first	Days to bone Scan performed	Days to Sample Collection.	Days to ct scan ab pelvis	Death from Initial Pathologic Diagnosis Date	Last Alive Less Initial Pathologic Diagnosis Date Calculated Day Value	Days to Last Followup	Days to mri	Days to PSA	Disease Free (Months)	Disease Free Status	Diagonstic MRI Result	ERG FISH Result	Ethnicity Category	ETS	Family History of Prostate Adenocarcinoma	Form completion date	Gleason pattern primary	Gleason pattern secondary	Gleason pattern tertiary	Radical Prostatectomy Gleason Score for Prostate Cancer	Gleason Score Percent 4 & 5	Neoplasm Histologic Type Name	Neoadjuvant Therapy Type Administered Prior To Resection Text	Prior Cancer Diagnosis Occurence	ICD-10 Classification	International Classification of Diseases for Oncology, Third Edition ICD-O-3 Histology Code	International Classification of Diseases for Oncology, Third Edition ICD-O-3 Site Code	Informed consent verified	Initial pathologic diagnosis method	Year Cancer Initial Diagnosis	Is FFPE	Primary Tumor Laterality	Longest Dimension	Lymph Node(s) Examined Number	Primary Lymph Node Presentation Assessment Ind-3	Positive Finding Lymph Node Hematoxylin and Eosin Staining Microscopy Count	Mri results	Mutation Count	New Neoplasm Event Post Initial Therapy Indicator	Oct embedded	Oncotree Code	Overall Survival (Months)	Overall Survival Status	Neoplasm Disease Lymph Node Stage American Joint Committee on Cancer Code	American Joint Committee on Cancer Tumor Stage Code	Pathology Report File Name	Pathology report uuid	Platform	Ploidy	Primary Tumor Site	Tissue Prospective Collection Indicator	Psa most recent results	Absolute Purity	Race Category	Did patient start adjuvant postoperative radiotherapy?	Surgical Margin Resection Status	Tissue Retrospective Collection Indicator	Number of Samples Per Patient	Sample Type	Sample type id	Sex	Shortest Dimension	Somatic Status	Specimen Second Longest Dimension	Adjuvant Postoperative Targeted Therapy Administered Indicator	Tissue Source Site	TMB (nonsynonymous)	Treatment	Primary Therapy Outcome Success Type	Tumor Level	Person Neoplasm Status	Tumor Disease Anatomic Site	Vial number	Patient's Vital Status	WGS Based Purity Estimation
prad_cpcg_2017	CPCG0001-F1	CPCG0001-F1	69.4	YES	NA	Prostate Cancer	Prostate Adenocarcinoma	90	NA	NA	CPC-GENE	NA	NA	3498.181875	NA	NA	NA	NA	NA	NA	NA	NA	NA	NA	NA	NA	NA	Positive	NA	NA	NA	NA	NA	3+4	NA	NA	NA	NA	NA	NA	NA	NA	NA	NA	NA	NA	NA	NA	NA	NA	NA	10	NA	NA	PRAD	NA	NA	NA	T2B	NA	NA	WGS	NA	NA	NA	7.7	NA	NA	NA	NA	NA	1	NA	NA	Male	NA	Matched	NA	NA	NA	0.333333333333	IGRT	NA	NA	NA	Prostate	NA	NA	0.987485939
prad_cpcg_2017	CPCG0003-F1	CPCG0003-F1	71.77	YES	NA	Prostate Cancer	Prostate Adenocarcinoma	90	NA	NA	CPC-GENE	NA	NA	1799.160625	NA	NA	NA	NA	NA	NA	NA	NA	NA	NA	NA	NA	NA	Negative	NA	NA	NA	NA	NA	3+4	NA	NA	NA	NA	NA	NA	NA	NA	NA	NA	NA	NA	NA	NA	NA	NA	NA	10	NA	NA	PRAD	NA	NA	NA	T2A	NA	NA	WGS	2.13	NA	NA	10.0	NA	NA	NA	NA	NA	1	NA	NA	Male	NA	Matched	NA	NA	NA	0.333333333333	IGRT	NA	NA	NA	Prostate	NA	NA	0.98619574
prad_cpcg_2017	CPCG0006-F1	CPCG0006-F1	73.54	NO	NA	Prostate Cancer	Prostate Adenocarcinoma	70	NA	NA	CPC-GENE	NA	NA	3046.185	NA	NA	NA	NA	NA	NA	NA	NA	NA	NA	NA	NA	NA	Negative	NA	NA	NA	NA	NA	4+3	NA	NA	NA	NA	NA	NA	NA	NA	NA	NA	NA	NA	NA	NA	NA	NA	NA	13	NA	NA	PRAD	NA	NA	NA	T2B	NA	NA	WGS	1.96	NA	NA	8.4	NA	NA	NA	NA	NA	1	NA	NA	Male	NA	Matched	NA	NA	NA	0.433333333333	IGRT	NA	NA	NA	Prostate	NA	NA	0.986770348
prad_cpcg_2017	CPCG0020-F1	CPCG0020-F1	70.84	YES	NA	Prostate Cancer	Prostate Adenocarcinoma	75	NA	NA	CPC-GENE	NA	NA	3156.9775	NA	NA	NA	NA	NA	NA	NA	NA	NA	NA	NA	NA	NA	Negative	NA	NA	NA	NA	NA	3+4	NA	NA	NA	NA	NA	NA	NA	NA	NA	NA	NA	NA	NA	NA	NA	NA	NA	12	NA	NA	PRAD	NA	NA	NA	T1C	NA	NA	WGS	NA	NA	NA	16.0	NA	NA	NA	NA	NA	1	NA	NA	Male	NA	Matched	NA	NA	NA	0.4	IGRT	NA	NA	NA	Prostate	NA	NA	0.987765515
prad_cpcg_2017	CPCG0022-F1	CPCG0022-F1	70.35	NO	NA	Prostate Cancer	Prostate Adenocarcinoma	NA	NA	NA	CPC-GENE	NA	NA	2463.915625	NA	NA	NA	NA	NA	NA	NA	NA	NA	NA	NA	NA	NA	Negative	NA	NA	NA	NA	NA	3+3	NA	NA	NA	NA	NA	NA	NA	NA	NA	NA	NA	NA	NA	NA	NA	NA	NA	NA	NA	NA	PRAD	NA	NA	NA	T1C	NA	NA	WGS	NA	NA	NA	12.6	NA	NA	NA	NA	NA	1	NA	NA	Male	NA	Matched	NA	NA	NA	0	IGRT	NA	NA	NA	Prostate	NA	NA	0.986101988
prad_cpcg_2017	CPCG0027-F1	CPCG0027-F1	64.57	YES	NA	Prostate Cancer	Prostate Adenocarcinoma	NA	NA	NA	CPC-GENE	NA	NA	1562.0525	NA	NA	NA	NA	NA	NA	NA	NA	NA	NA	NA	NA	NA	Negative	NA	NA	NA	NA	NA	3+3	NA	NA	NA	NA	NA	NA	NA	NA	NA	NA	NA	NA	NA	NA	NA	NA	NA	NA	NA	NA	PRAD	NA	NA	NA	T1C	NA	NA	WGS	1.87	NA	NA	5.0	NA	NA	NA	NA	NA	1	NA	NA	Male	NA	Matched	NA	NA	NA	0	IGRT	NA	NA	NA	Prostate	NA	NA	0.989353818
prad_cpcg_2017	CPCG0040-F1	CPCG0040-F1	71.46	NO	NA	Prostate Cancer	Prostate Adenocarcinoma	NA	NA	NA	CPC-GENE	NA	NA	4220.159376	NA	NA	NA	NA	NA	NA	NA	NA	NA	NA	NA	NA	NA	Negative	NA	NA	NA	NA	NA	3+4	NA	NA	NA	NA	NA	NA	NA	NA	NA	NA	NA	NA	NA	NA	NA	NA	NA	13	NA	NA	PRAD	NA	NA	NA	T1C	NA	NA	WGS	NA	NA	NA	9.0	NA	NA	NA	NA	NA	1	NA	NA	Male	NA	Matched	NA	NA	NA	0.433333333333	IGRT	NA	NA	NA	Prostate	NA	NA	0.981220344
prad_cpcg_2017	CPCG0046-F1	CPCG0046-F1	79.41	NO	NA	Prostate Cancer	Prostate Adenocarcinoma	NA	NA	NA	CPC-GENE	NA	NA	3065.969375	NA	NA	NA	NA	NA	NA	NA	NA	NA	NA	NA	NA	NA	Negative	NA	NA	NA	NA	NA	4+3	NA	NA	NA	NA	NA	NA	NA	NA	NA	NA	NA	NA	NA	NA	NA	NA	NA	1	NA	NA	PRAD	NA	NA	NA	T1C	NA	NA	WGS	NA	NA	NA	5.1	NA	NA	NA	NA	NA	1	NA	NA	Male	NA	Matched	NA	NA	NA	0.0333333333333	IGRT	NA	NA	NA	Prostate	NA	NA	0.955607185
prad_cpcg_2017	CPCG0047-F1	CPCG0047-F1	71.92	YES	NA	Prostate Cancer	Prostate Adenocarcinoma	NA	NA	NA	CPC-GENE	NA	NA	2361.036875	NA	NA	NA	NA	NA	NA	NA	NA	NA	NA	NA	NA	NA	Positive	NA	NA	NA	NA	NA	4+3	NA	NA	NA	NA	NA	NA	NA	NA	NA	NA	NA	NA	NA	NA	NA	NA	NA	12	NA	NA	PRAD	NA	NA	NA	T2C	NA	NA	WGS	NA	NA	NA	13.2	NA	NA	NA	NA	NA	1	NA	NA	Male	NA	Matched	NA	NA	NA	0.4	IGRT	NA	NA	NA	Prostate	NA	NA	0.985668542
prad_cpcg_2017	CPCG0048-F1	CPCG0048-F1	74.3	YES	NA	Prostate Cancer	Prostate Adenocarcinoma	NA	NA	NA	CPC-GENE	NA	NA	1692.93375	NA	NA	NA	NA	NA	NA	NA	NA	NA	NA	NA	NA	NA	Positive	NA	NA	NA	NA	NA	3+3	NA	NA	NA	NA	NA	NA	NA	NA	NA	NA	NA	NA	NA	NA	NA	NA	NA	3	NA	NA	PRAD	NA	NA	NA	T2B	NA	NA	WGS	NA	NA	NA	5.1	NA	NA	NA	NA	NA	1	NA	NA	Male	NA	Matched	NA	NA	NA	0.1	IGRT	NA	NA	NA	Prostate	NA	NA	0.963609215
prad_cpcg_2017	CPCG0050-F1	CPCG0050-F1	75.78	NO	NA	Prostate Cancer	Prostate Adenocarcinoma	NA	NA	NA	CPC-GENE	NA	NA	2277.9425	NA	NA	NA	NA	NA	NA	NA	NA	NA	NA	NA	NA	NA	Negative	NA	NA	NA	NA	NA	3+3	NA	NA	NA	NA	NA	NA	NA	NA	NA	NA	NA	NA	NA	NA	NA	NA	NA	17	NA	NA	PRAD	NA	NA	NA	T1C	NA	NA	WGS	NA	NA	NA	7.7	NA	NA	NA	NA	NA	1	NA	NA	Male	NA	Matched	NA	NA	NA	0.566666666667	IGRT	NA	NA	NA	Prostate	NA	NA	0.990340369
prad_cpcg_2017	CPCG0057-F1	CPCG0057-F1	70.44	NO	NA	Prostate Cancer	Prostate Adenocarcinoma	NA	NA	NA	CPC-GENE	NA	NA	5041.058751	NA	NA	NA	NA	NA	NA	NA	NA	NA	NA	NA	NA	NA	Positive	NA	NA	NA	NA	NA	3+3	NA	NA	NA	NA	NA	NA	NA	NA	NA	NA	NA	NA	NA	NA	NA	NA	NA	11	NA	NA	PRAD	NA	NA	NA	T2A	NA	NA	WGS	1.81	NA	NA	10.0	NA	NA	NA	NA	NA	1	NA	NA	Male	NA	Matched	NA	NA	NA	0.366666666667	IGRT	NA	NA	NA	Prostate	NA	NA	0.985765359
prad_cpcg_2017	CPCG0063-F1	CPCG0063-F1	68.61	NO	NA	Prostate Cancer	Prostate Adenocarcinoma	NA	NA	NA	CPC-GENE	NA	NA	2564.055	NA	NA	NA	NA	NA	NA	NA	NA	NA	NA	NA	NA	NA	Negative	NA	NA	NA	NA	NA	4+3	NA	NA	NA	NA	NA	NA	NA	NA	NA	NA	NA	NA	NA	NA	NA	NA	NA	17	NA	NA	PRAD	NA	NA	NA	T2A	NA	NA	WGS	1.93	NA	NA	3.8	NA	NA	NA	NA	NA	1	NA	NA	Male	NA	Matched	NA	NA	NA	0.533333333333	IGRT	NA	NA	NA	Prostate	NA	NA	0.964023558
prad_cpcg_2017	CPCG0073-F1	CPCG0073-F1	71.58	YES	NA	Prostate Cancer	Prostate Adenocarcinoma	NA	NA	NA	CPC-GENE	NA	NA	959.9987499	NA	NA	NA	NA	NA	NA	NA	NA	NA	NA	NA	NA	NA	Positive	NA	NA	NA	NA	NA	4+3	NA	NA	NA	NA	NA	NA	NA	NA	NA	NA	NA	NA	NA	NA	NA	NA	NA	11	NA	NA	PRAD	NA	NA	NA	T1C	NA	NA	WGS	NA	NA	NA	10.3	NA	NA	NA	NA	NA	1	NA	NA	Male	NA	Matched	NA	NA	NA	0.366666666667	IGRT	NA	NA	NA	Prostate	NA	NA	0.978957198
prad_cpcg_2017	CPCG0078-F1	CPCG0078-F1	60.96	YES	NA	Prostate Cancer	Prostate Adenocarcinoma	NA	NA	NA	CPC-GENE	NA	NA	1566.9225	NA	NA	NA	NA	NA	NA	NA	NA	NA	NA	NA	NA	NA	Negative	NA	NA	NA	NA	NA	4+3	NA	NA	NA	NA	NA	NA	NA	NA	NA	NA	NA	NA	NA	NA	NA	NA	NA	12	NA	NA	PRAD	NA	NA	NA	T2B	NA	NA	WGS	NA	NA	NA	3.3	NA	NA	NA	NA	NA	1	NA	NA	Male	NA	Matched	NA	NA	NA	0.4	IGRT	NA	NA	NA	Prostate	NA	NA	0.930986675
prad_cpcg_2017	CPCG0081-F1	CPCG0081-F1	75.05	YES	NA	Prostate Cancer	Prostate Adenocarcinoma	NA	NA	NA	CPC-GENE	NA	NA	2801.163125	NA	NA	NA	NA	NA	NA	NA	NA	NA	NA	NA	NA	NA	Positive	NA	NA	NA	NA	NA	4+3	NA	NA	NA	NA	NA	NA	NA	NA	NA	NA	NA	NA	NA	NA	NA	NA	NA	7	NA	NA	PRAD	NA	NA	NA	T2A	NA	NA	WGS	2.07	NA	NA	17.8	NA	NA	NA	NA	NA	1	NA	NA	Male	NA	Matched	NA	NA	NA	0.233333333333	IGRT	NA	NA	NA	Prostate	NA	NA	0.984901504
prad_cpcg_2017	CPCG0083-F1	CPCG0083-F1	61.47	YES	NA	Prostate Cancer	Prostate Adenocarcinoma	NA	NA	NA	CPC-GENE	NA	NA	2269.115625	NA	NA	NA	NA	NA	NA	NA	NA	NA	NA	NA	NA	NA	Positive	NA	NA	NA	NA	NA	3+4	NA	NA	NA	NA	NA	NA	NA	NA	NA	NA	NA	NA	NA	NA	NA	NA	NA	18	NA	NA	PRAD	NA	NA	NA	T2B	NA	NA	WGS	1.87	NA	NA	12.7	NA	NA	NA	NA	NA	1	NA	NA	Male	NA	Matched	NA	NA	NA	0.6	IGRT	NA	NA	NA	Prostate	NA	NA	0.960558865
prad_cpcg_2017	CPCG0087-F1	CPCG0087-F1	72.82	YES	NA	Prostate Cancer	Prostate Adenocarcinoma	NA	NA	NA	CPC-GENE	NA	NA	1387.036875	NA	NA	NA	NA	NA	NA	NA	NA	NA	NA	NA	NA	NA	Positive	NA	NA	NA	NA	NA	3+4	NA	NA	NA	NA	NA	NA	NA	NA	NA	NA	NA	NA	NA	NA	NA	NA	NA	12	NA	NA	PRAD	NA	NA	NA	T1C	NA	NA	WGS	3.64	NA	NA	9.4	NA	NA	NA	NA	NA	1	NA	NA	Male	NA	Matched	NA	NA	NA	0.4	IGRT	NA	NA	NA	Prostate	NA	NA	0.989911686
prad_cpcg_2017	CPCG0090-F1	CPCG0090-F1	77.59	YES	NA	Prostate Cancer	Prostate Adenocarcinoma	NA	NA	NA	CPC-GENE	NA	NA	3212.069375	NA	NA	NA	NA	NA	NA	NA	NA	NA	NA	NA	NA	NA	Negative	NA	NA	NA	NA	NA	3+3	NA	NA	NA	NA	NA	NA	NA	NA	NA	NA	NA	NA	NA	NA	NA	NA	NA	11	NA	NA	PRAD	NA	NA	NA	T1C	NA	NA	WGS	NA	NA	NA	11.2	NA	NA	NA	NA	NA	1	NA	NA	Male	NA	Matched	NA	NA	NA	0.366666666667	IGRT	NA	NA	NA	Prostate	NA	NA	0.987697014
prad_cpcg_2017	CPCG0094-F1	CPCG0094-F1	77.58	YES	NA	Prostate Cancer	Prostate Adenocarcinoma	80	NA	NA	CPC-GENE	NA	NA	3145.106875	NA	NA	NA	NA	NA	NA	NA	NA	NA	NA	NA	NA	NA	Positive	NA	NA	NA	NA	NA	4+3	NA	NA	NA	NA	NA	NA	NA	NA	NA	NA	NA	NA	NA	NA	NA	NA	NA	18	NA	NA	PRAD	NA	NA	NA	T2B	NA	NA	WGS	1.75	NA	NA	16.41	NA	NA	NA	NA	NA	1	NA	NA	Male	NA	Matched	NA	NA	NA	0.6	IGRT	NA	NA	NA	Prostate	NA	NA	0.958216265
prad_cpcg_2017	CPCG0095-F1	CPCG0095-F1	68.53	YES	NA	Prostate Cancer	Prostate Adenocarcinoma	50	NA	NA	CPC-GENE	NA	NA	3871.041249	NA	NA	NA	NA	NA	NA	NA	NA	NA	NA	NA	NA	NA	Positive	NA	NA	NA	NA	NA	4+3	NA	NA	NA	NA	NA	NA	NA	NA	NA	NA	NA	NA	NA	NA	NA	NA	NA	3	NA	NA	PRAD	NA	NA	NA	T2A	NA	NA	WGS	NA	NA	NA	4.0	NA	NA	NA	NA	NA	1	NA	NA	Male	NA	Matched	NA	NA	NA	0.1	IGRT	NA	NA	NA	Prostate	NA	NA	0.974849128
prad_cpcg_2017	CPCG0098-F1	CPCG0098-F1	80.65	YES	NA	Prostate Cancer	Prostate Adenocarcinoma	NA	NA	NA	CPC-GENE	NA	NA	1348.076875	NA	NA	NA	NA	NA	NA	NA	NA	NA	NA	NA	NA	NA	Negative	NA	NA	NA	NA	NA	4+3	NA	NA	NA	NA	NA	NA	NA	NA	NA	NA	NA	NA	NA	NA	NA	NA	NA	24	NA	NA	PRAD	NA	NA	NA	T1C	NA	NA	WGS	NA	NA	NA	7.5	NA	NA	NA	NA	NA	1	NA	NA	Male	NA	Matched	NA	NA	NA	0.766666666667	IGRT	NA	NA	NA	Prostate	NA	NA	0.957871969
prad_cpcg_2017	CPCG0099-F1	CPCG0099-F1	66.17	NO	NA	Prostate Cancer	Prostate Adenocarcinoma	80	NA	NA	CPC-GENE	NA	NA	2951	NA	NA	NA	NA	NA	NA	NA	NA	NA	NA	NA	NA	NA	Negative	NA	NA	NA	NA	NA	3+4	NA	NA	NA	NA	NA	NA	NA	NA	NA	NA	NA	NA	NA	NA	NA	NA	NA	37	NA	NA	PRAD	NA	NA	NA	T2C	NA	NA	WGS	1.86	NA	NA	6.96	NA	NA	NA	NA	NA	1	NA	NA	Male	NA	Matched	NA	NA	NA	1.26666666667	RadP	NA	NA	NA	Prostate	NA	NA	0.975636327
prad_cpcg_2017	CPCG0102-F1	CPCG0102-F1	58.06	NO	NA	Prostate Cancer	Prostate Adenocarcinoma	60	NA	NA	CPC-GENE	NA	NA	4064	NA	NA	NA	NA	NA	NA	NA	NA	NA	NA	NA	NA	NA	Negative	NA	NA	NA	NA	NA	4+3	NA	NA	NA	NA	NA	NA	NA	NA	NA	NA	NA	NA	NA	NA	NA	NA	NA	1	NA	NA	PRAD	NA	NA	NA	T3B	NA	NA	WGS	NA	NA	NA	8.65	NA	NA	NA	NA	NA	1	NA	NA	Male	NA	Matched	NA	NA	NA	0.0333333333333	RadP	NA	NA	NA	Prostate	NA	NA	0.963392074
prad_cpcg_2017	CPCG0114-F1	CPCG0114-F1	67.66	NO	NA	Prostate Cancer	Prostate Adenocarcinoma	70	NA	NA	CPC-GENE	NA	NA	2396.04	NA	NA	NA	NA	NA	NA	NA	NA	NA	NA	NA	NA	NA	Positive	NA	NA	NA	NA	NA	4+3	NA	NA	NA	NA	NA	NA	NA	NA	NA	NA	NA	NA	NA	NA	NA	NA	NA	1	NA	NA	PRAD	NA	NA	NA	T2B	NA	NA	WGS	NA	NA	NA	4.4	NA	NA	NA	NA	NA	1	NA	NA	Male	NA	Matched	NA	NA	NA	0.0333333333333	IGRT	NA	NA	NA	Prostate	NA	NA	0.960175891
prad_cpcg_2017	CPCG0117-F1	CPCG0117-F1	71.31	YES	NA	Prostate Cancer	Prostate Adenocarcinoma	NA	NA	NA	CPC-GENE	NA	NA	2893.9975	NA	NA	NA	NA	NA	NA	NA	NA	NA	NA	NA	NA	NA	Negative	NA	NA	NA	NA	NA	3+4	NA	NA	NA	NA	NA	NA	NA	NA	NA	NA	NA	NA	NA	NA	NA	NA	NA	15	NA	NA	PRAD	NA	NA	NA	T2A	NA	NA	WGS	1.79	NA	NA	10.1	NA	NA	NA	NA	NA	1	NA	NA	Male	NA	Matched	NA	NA	NA	0.5	IGRT	NA	NA	NA	Prostate	NA	NA	0.969050287
prad_cpcg_2017	CPCG0121-F1	CPCG0121-F1	63.52	NO	NA	Prostate Cancer	Prostate Adenocarcinoma	NA	NA	NA	CPC-GENE	NA	NA	3957.179376	NA	NA	NA	NA	NA	NA	NA	NA	NA	NA	NA	NA	NA	Positive	NA	NA	NA	NA	NA	3+4	NA	NA	NA	NA	NA	NA	NA	NA	NA	NA	NA	NA	NA	NA	NA	NA	NA	5	NA	NA	PRAD	NA	NA	NA	T1C	NA	NA	WGS	1.82	NA	NA	7.2	NA	NA	NA	NA	NA	1	NA	NA	Male	NA	Matched	NA	NA	NA	0.166666666667	IGRT	NA	NA	NA	Prostate	NA	NA	0.972622595
prad_cpcg_2017	CPCG0122-F1	CPCG0122-F1	65.64	NO	NA	Prostate Cancer	Prostate Adenocarcinoma	NA	NA	NA	CPC-GENE	NA	NA	2960.046875	NA	NA	NA	NA	NA	NA	NA	NA	NA	NA	NA	NA	NA	Positive	NA	NA	NA	NA	NA	3+3	NA	NA	NA	NA	NA	NA	NA	NA	NA	NA	NA	NA	NA	NA	NA	NA	NA	1	NA	NA	PRAD	NA	NA	NA	T1C	NA	NA	WGS	NA	NA	NA	6.4	NA	NA	NA	NA	NA	1	NA	NA	Male	NA	Matched	NA	NA	NA	0.0333333333333	IGRT	NA	NA	NA	Prostate	NA	NA	0.989479567
prad_cpcg_2017	CPCG0123-F1	CPCG0123-F1	70.67	YES	NA	Prostate Cancer	Prostate Adenocarcinoma	70	NA	NA	CPC-GENE	NA	NA	3563.926875	NA	NA	NA	NA	NA	NA	NA	NA	NA	NA	NA	NA	NA	Positive	NA	NA	NA	NA	NA	3+4	NA	NA	NA	NA	NA	NA	NA	NA	NA	NA	NA	NA	NA	NA	NA	NA	NA	11	NA	NA	PRAD	NA	NA	NA	T2A	NA	NA	WGS	NA	NA	NA	8.8	NA	NA	NA	NA	NA	1	NA	NA	Male	NA	Matched	NA	NA	NA	0.366666666667	IGRT	NA	NA	NA	Prostate	NA	NA	0.966497133
prad_cpcg_2017	CPCG0124-F1	CPCG0124-F1	72.05	NO	NA	Prostate Cancer	Prostate Adenocarcinoma	NA	NA	NA	CPC-GENE	NA	NA	3633.933125	NA	NA	NA	NA	NA	NA	NA	NA	NA	NA	NA	NA	NA	Positive	NA	NA	NA	NA	NA	4+3	NA	NA	NA	NA	NA	NA	NA	NA	NA	NA	NA	NA	NA	NA	NA	NA	NA	12	NA	NA	PRAD	NA	NA	NA	T2A	NA	NA	WGS	NA	NA	NA	7.2	NA	NA	NA	NA	NA	1	NA	NA	Male	NA	Matched	NA	NA	NA	0.433333333333	IGRT	NA	NA	NA	Prostate	NA	NA	0.974547807
prad_cpcg_2017	CPCG0127-F1	CPCG0127-F1	54.43	NO	NA	Prostate Cancer	Prostate Adenocarcinoma	NA	NA	NA	CPC-GENE	NA	NA	2431.043125	NA	NA	NA	NA	NA	NA	NA	NA	NA	NA	NA	NA	NA	Negative	NA	NA	NA	NA	NA	3+4	NA	NA	NA	NA	NA	NA	NA	NA	NA	NA	NA	NA	NA	NA	NA	NA	NA	NA	NA	NA	PRAD	NA	NA	NA	T2A	NA	NA	WGS	NA	NA	NA	29.9	NA	NA	NA	NA	NA	1	NA	NA	Male	NA	Matched	NA	NA	NA	0	IGRT	NA	NA	NA	Prostate	NA	NA	0.976035033
prad_cpcg_2017	CPCG0128-F1	CPCG0128-F1	70.2	YES	NA	Prostate Cancer	Prostate Adenocarcinoma	NA	NA	NA	CPC-GENE	NA	NA	4339.17	NA	NA	NA	NA	NA	NA	NA	NA	NA	NA	NA	NA	NA	Negative	NA	NA	NA	NA	NA	3+4	NA	NA	NA	NA	NA	NA	NA	NA	NA	NA	NA	NA	NA	NA	NA	NA	NA	19	NA	NA	PRAD	NA	NA	NA	T1C	NA	NA	WGS	NA	NA	NA	30.3	NA	NA	NA	NA	NA	1	NA	NA	Male	NA	Matched	NA	NA	NA	0.633333333333	IGRT	NA	NA	NA	Prostate	NA	NA	0.951495212
prad_cpcg_2017	CPCG0154-F1	CPCG0154-F1	55.43	NO	NA	Prostate Cancer	Prostate Adenocarcinoma	NA	NA	NA	CPC-GENE	NA	NA	4442.048751	NA	NA	NA	NA	NA	NA	NA	NA	NA	NA	NA	NA	NA	Positive	NA	NA	NA	NA	NA	3+3	NA	NA	NA	NA	NA	NA	NA	NA	NA	NA	NA	NA	NA	NA	NA	NA	NA	6	NA	NA	PRAD	NA	NA	NA	T2A	NA	NA	WGS	NA	NA	NA	13.8	NA	NA	NA	NA	NA	1	NA	NA	Male	NA	Matched	NA	NA	NA	0.2	IGRT	NA	NA	NA	Prostate	NA	NA	0.969215309
prad_cpcg_2017	CPCG0158-F1	CPCG0158-F1	70.29	NO	NA	Prostate Cancer	Prostate Adenocarcinoma	NA	NA	NA	CPC-GENE	NA	NA	3055.925	NA	NA	NA	NA	NA	NA	NA	NA	NA	NA	NA	NA	NA	Positive	NA	NA	NA	NA	NA	3+4	NA	NA	NA	NA	NA	NA	NA	NA	NA	NA	NA	NA	NA	NA	NA	NA	NA	17	NA	NA	PRAD	NA	NA	NA	T1C	NA	NA	WGS	NA	NA	NA	10.0	NA	NA	NA	NA	NA	1	NA	NA	Male	NA	Matched	NA	NA	NA	0.566666666667	IGRT	NA	NA	NA	Prostate	NA	NA	0.969838148
prad_cpcg_2017	CPCG0166-F1	CPCG0166-F1	74.0	NO	NA	Prostate Cancer	Prostate Adenocarcinoma	NA	NA	NA	CPC-GENE	NA	NA	2146.148125	NA	NA	NA	NA	NA	NA	NA	NA	NA	NA	NA	NA	NA	Negative	NA	NA	NA	NA	NA	3+4	NA	NA	NA	NA	NA	NA	NA	NA	NA	NA	NA	NA	NA	NA	NA	NA	NA	2	NA	NA	PRAD	NA	NA	NA	T2A	NA	NA	WGS	NA	NA	NA	6.8	NA	NA	NA	NA	NA	1	NA	NA	Male	NA	Matched	NA	NA	NA	0.0666666666667	IGRT	NA	NA	NA	Prostate	NA	NA	0.969288471
prad_cpcg_2017	CPCG0182-F1	CPCG0182-F1	57.03	NO	NA	Prostate Cancer	Prostate Adenocarcinoma	70	NA	NA	CPC-GENE	NA	NA	2218	NA	NA	NA	NA	NA	NA	NA	NA	NA	NA	NA	NA	NA	Positive	NA	NA	NA	NA	NA	4+3	NA	NA	NA	NA	NA	NA	NA	NA	NA	NA	NA	NA	NA	NA	NA	NA	NA	4	NA	NA	PRAD	NA	NA	NA	T2C	NA	NA	WGS	NA	NA	NA	7.64	NA	NA	NA	NA	NA	1	NA	NA	Male	NA	Matched	NA	NA	NA	0.133333333333	RadP	NA	NA	NA	Prostate	NA	NA	0.990650525
prad_cpcg_2017	CPCG0183-F1	CPCG0183-F1	64.26	NO	NA	Prostate Cancer	Prostate Adenocarcinoma	90	NA	NA	CPC-GENE	NA	NA	3344	NA	NA	NA	NA	NA	NA	NA	NA	NA	NA	NA	NA	NA	Negative	NA	NA	NA	NA	NA	4+3	NA	NA	NA	NA	NA	NA	NA	NA	NA	NA	NA	NA	NA	NA	NA	NA	NA	11	NA	NA	PRAD	NA	NA	NA	T3A	NA	NA	WGS	NA	NA	NA	5.67	NA	NA	NA	NA	NA	1	NA	NA	Male	NA	Matched	NA	NA	NA	0.366666666667	RadP	NA	NA	NA	Prostate	NA	NA	0.972743162
prad_cpcg_2017	CPCG0184-F1	CPCG0184-F1	51.84	YES	NA	Prostate Cancer	Prostate Adenocarcinoma	90	NA	NA	CPC-GENE	NA	NA	344.0000001	NA	NA	NA	NA	NA	NA	NA	NA	NA	NA	NA	NA	NA	Negative	NA	NA	NA	NA	NA	4+3	NA	NA	NA	NA	NA	NA	NA	NA	NA	NA	NA	NA	NA	NA	NA	NA	NA	13	NA	NA	PRAD	NA	NA	NA	T3A	NA	NA	WGS	3.37	NA	NA	5.53	NA	NA	NA	NA	NA	1	NA	NA	Male	NA	Matched	NA	NA	NA	0.433333333333	RadP	NA	NA	NA	Prostate	NA	NA	0.968710776
prad_cpcg_2017	CPCG0185-F1	CPCG0185-F1	59.96	NO	NA	Prostate Cancer	Prostate Adenocarcinoma	70	NA	NA	CPC-GENE	NA	NA	2955	NA	NA	NA	NA	NA	NA	NA	NA	NA	NA	NA	NA	NA	Positive	NA	NA	NA	NA	NA	3+4	NA	NA	NA	NA	NA	NA	NA	NA	NA	NA	NA	NA	NA	NA	NA	NA	NA	15	NA	NA	PRAD	NA	NA	NA	T3A	NA	NA	WGS	NA	NA	NA	4.49	NA	NA	NA	NA	NA	1	NA	NA	Male	NA	Matched	NA	NA	NA	0.5	RadP	NA	NA	NA	Prostate	NA	NA	0.964072934
prad_cpcg_2017	CPCG0189-F1	CPCG0189-F1	57.44	NO	NA	Prostate Cancer	Prostate Adenocarcinoma	70	NA	NA	CPC-GENE	NA	NA	4835.000002	NA	NA	NA	NA	NA	NA	NA	NA	NA	NA	NA	NA	NA	Positive	NA	NA	NA	NA	NA	3+4	NA	NA	NA	NA	NA	NA	NA	NA	NA	NA	NA	NA	NA	NA	NA	NA	NA	19	NA	NA	PRAD	NA	NA	NA	T2B	NA	NA	WGS	1.75	NA	NA	6.52	NA	NA	NA	NA	NA	1	NA	NA	Male	NA	Matched	NA	NA	NA	0.633333333333	RadP	NA	NA	NA	Prostate	NA	NA	0.951502599
prad_cpcg_2017	CPCG0190-F1	CPCG0190-F1	74.14	YES	NA	Prostate Cancer	Prostate Adenocarcinoma	50	NA	NA	CPC-GENE	NA	NA	1100	NA	NA	NA	NA	NA	NA	NA	NA	NA	NA	NA	NA	NA	Negative	NA	NA	NA	NA	NA	3+4	NA	NA	NA	NA	NA	NA	NA	NA	NA	NA	NA	NA	NA	NA	NA	NA	NA	4	NA	NA	PRAD	NA	NA	NA	T3A	NA	NA	WGS	NA	NA	NA	4.3	NA	NA	NA	NA	NA	1	NA	NA	Male	NA	Matched	NA	NA	NA	0.133333333333	RadP	NA	NA	NA	Prostate	NA	NA	0.968681781
prad_cpcg_2017	CPCG0191-F1	CPCG0191-F1	60.69	YES	NA	Prostate Cancer	Prostate Adenocarcinoma	90	NA	NA	CPC-GENE	NA	NA	834.9999999	NA	NA	NA	NA	NA	NA	NA	NA	NA	NA	NA	NA	NA	Positive	NA	NA	NA	NA	NA	4+3	NA	NA	NA	NA	NA	NA	NA	NA	NA	NA	NA	NA	NA	NA	NA	NA	NA	10	NA	NA	PRAD	NA	NA	NA	T3A	NA	NA	WGS	1.81	NA	NA	11.1	NA	NA	NA	NA	NA	1	NA	NA	Male	NA	Matched	NA	NA	NA	0.333333333333	RadP	NA	NA	NA	Prostate	NA	NA	0.970660308
prad_cpcg_2017	CPCG0196-F1	CPCG0196-F1	52.49	YES	NA	Prostate Cancer	Prostate Adenocarcinoma	70	NA	NA	CPC-GENE	NA	NA	980.9999999	NA	NA	NA	NA	NA	NA	NA	NA	NA	NA	NA	NA	NA	Positive	NA	NA	NA	NA	NA	4+3	NA	NA	NA	NA	NA	NA	NA	NA	NA	NA	NA	NA	NA	NA	NA	NA	NA	7	NA	NA	PRAD	NA	NA	NA	T3B	NA	NA	WGS	NA	NA	NA	4.88	NA	NA	NA	NA	NA	1	NA	NA	Male	NA	Matched	NA	NA	NA	0.233333333333	RadP	NA	NA	NA	Prostate	NA	NA	0.987248603
prad_cpcg_2017	CPCG0199-F1	CPCG0199-F1	74.15	YES	NA	Prostate Cancer	Prostate Adenocarcinoma	NA	NA	NA	CPC-GENE	NA	NA	1442.12875	NA	NA	NA	NA	NA	NA	NA	NA	NA	NA	NA	NA	NA	Negative	NA	NA	NA	NA	NA	4+3	NA	NA	NA	NA	NA	NA	NA	NA	NA	NA	NA	NA	NA	NA	NA	NA	NA	9	NA	NA	PRAD	NA	NA	NA	T2A	NA	NA	WGS	1.78	NA	NA	6.3	NA	NA	NA	NA	NA	1	NA	NA	Male	NA	Matched	NA	NA	NA	0.3	IGRT	NA	NA	NA	Prostate	NA	NA	0.96672836
prad_cpcg_2017	CPCG0201-F1	CPCG0201-F1	63.42	NO	NA	Prostate Cancer	Prostate Adenocarcinoma	NA	NA	NA	CPC-GENE	NA	NA	3673.197501	NA	NA	NA	NA	NA	NA	NA	NA	NA	NA	NA	NA	NA	Positive	NA	NA	NA	NA	NA	4+3	NA	NA	NA	NA	NA	NA	NA	NA	NA	NA	NA	NA	NA	NA	NA	NA	NA	28	NA	NA	PRAD	NA	NA	NA	T1C	NA	NA	WGS	1.69	NA	NA	1.6	NA	NA	NA	NA	NA	1	NA	NA	Male	NA	Matched	NA	NA	NA	0.933333333333	IGRT	NA	NA	NA	Prostate	NA	NA	0.959928156
prad_cpcg_2017	CPCG0205-F1	CPCG0205-F1	64.98	YES	NA	Prostate Cancer	Prostate Adenocarcinoma	NA	NA	NA	CPC-GENE	NA	NA	3492.094375	NA	NA	NA	NA	NA	NA	NA	NA	NA	NA	NA	NA	NA	Negative	NA	NA	NA	NA	NA	3+4	NA	NA	NA	NA	NA	NA	NA	NA	NA	NA	NA	NA	NA	NA	NA	NA	NA	9	NA	NA	PRAD	NA	NA	NA	T2A	NA	NA	WGS	1.85	NA	NA	20.4	NA	NA	NA	NA	NA	1	NA	NA	Male	NA	Matched	NA	NA	NA	0.3	IGRT	NA	NA	NA	Prostate	NA	NA	0.970176001
prad_cpcg_2017	CPCG0206-F1	CPCG0206-F1	66.86	NO	NA	Prostate Cancer	Prostate Adenocarcinoma	NA	NA	NA	CPC-GENE	NA	NA	2255.114375	NA	NA	NA	NA	NA	NA	NA	NA	NA	NA	NA	NA	NA	Negative	NA	NA	NA	NA	NA	4+3	NA	NA	NA	NA	NA	NA	NA	NA	NA	NA	NA	NA	NA	NA	NA	NA	NA	10	NA	NA	PRAD	NA	NA	NA	T1C	NA	NA	WGS	1.83	NA	NA	8.0	NA	NA	NA	NA	NA	1	NA	NA	Male	NA	Matched	NA	NA	NA	0.333333333333	IGRT	NA	NA	NA	Prostate	NA	NA	0.963001817
prad_cpcg_2017	CPCG0208-F1	CPCG0208-F1	60.41	NO	NA	Prostate Cancer	Prostate Adenocarcinoma	90	NA	NA	CPC-GENE	NA	NA	4156	NA	NA	NA	NA	NA	NA	NA	NA	NA	NA	NA	NA	NA	Negative	NA	NA	NA	NA	NA	3+4	NA	NA	NA	NA	NA	NA	NA	NA	NA	NA	NA	NA	NA	NA	NA	NA	NA	12	NA	NA	PRAD	NA	NA	NA	T2C	NA	NA	WGS	NA	NA	NA	5.7	NA	NA	NA	NA	NA	1	NA	NA	Male	NA	Matched	NA	NA	NA	0.4	RadP	NA	NA	NA	Prostate	NA	NA	0.974897413
prad_cpcg_2017	CPCG0210-F1	CPCG0210-F1	51.36	YES	NA	Prostate Cancer	Prostate Adenocarcinoma	80	NA	NA	CPC-GENE	NA	NA	2164	NA	NA	NA	NA	NA	NA	NA	NA	NA	NA	NA	NA	NA	Negative	NA	NA	NA	NA	NA	4+3	NA	NA	NA	NA	NA	NA	NA	NA	NA	NA	NA	NA	NA	NA	NA	NA	NA	13	NA	NA	PRAD	NA	NA	NA	T2C	NA	NA	WGS	1.84	NA	NA	3.51	NA	NA	NA	NA	NA	1	NA	NA	Male	NA	Matched	NA	NA	NA	0.433333333333	RadP	NA	NA	NA	Prostate	NA	NA	0.978959841
prad_cpcg_2017	CPCG0211-F1	CPCG0211-F1	75.18	YES	NA	Prostate Cancer	Prostate Adenocarcinoma	NA	NA	NA	CPC-GENE	NA	NA	1871.90625	NA	NA	NA	NA	NA	NA	NA	NA	NA	NA	NA	NA	NA	Positive	NA	NA	NA	NA	NA	3+4	NA	NA	NA	NA	NA	NA	NA	NA	NA	NA	NA	NA	NA	NA	NA	NA	NA	15	NA	NA	PRAD	NA	NA	NA	T2A	NA	NA	WGS	NA	NA	NA	4.5	NA	NA	NA	NA	NA	1	NA	NA	Male	NA	Matched	NA	NA	NA	0.466666666667	IGRT	NA	NA	NA	Prostate	NA	NA	0.986326992
prad_cpcg_2017	CPCG0212-F1	CPCG0212-F1	71.21	YES	NA	Prostate Cancer	Prostate Adenocarcinoma	NA	NA	NA	CPC-GENE	NA	NA	1253.111875	NA	NA	NA	NA	NA	NA	NA	NA	NA	NA	NA	NA	NA	Negative	NA	NA	NA	NA	NA	3+4	NA	NA	NA	NA	NA	NA	NA	NA	NA	NA	NA	NA	NA	NA	NA	NA	NA	9	NA	NA	PRAD	NA	NA	NA	T1C	NA	NA	WGS	NA	NA	NA	7.0	NA	NA	NA	NA	NA	1	NA	NA	Male	NA	Matched	NA	NA	NA	0.3	IGRT	NA	NA	NA	Prostate	NA	NA	0.975341872
prad_cpcg_2017	CPCG0213-F1	CPCG0213-F1	67.18	YES	NA	Prostate Cancer	Prostate Adenocarcinoma	NA	NA	NA	CPC-GENE	NA	NA	2802.07625	NA	NA	NA	NA	NA	NA	NA	NA	NA	NA	NA	NA	NA	Positive	NA	NA	NA	NA	NA	3+4	NA	NA	NA	NA	NA	NA	NA	NA	NA	NA	NA	NA	NA	NA	NA	NA	NA	6	NA	NA	PRAD	NA	NA	NA	T2A	NA	NA	WGS	NA	NA	NA	9.3	NA	NA	NA	NA	NA	1	NA	NA	Male	NA	Matched	NA	NA	NA	0.2	IGRT	NA	NA	NA	Prostate	NA	NA	0.972839378
prad_cpcg_2017	CPCG0217-F1	CPCG0217-F1	61.48	YES	NA	Prostate Cancer	Prostate Adenocarcinoma	NA	NA	NA	CPC-GENE	NA	NA	2605	NA	NA	NA	NA	NA	NA	NA	NA	NA	NA	NA	NA	NA	Negative	NA	NA	NA	NA	NA	3+3	NA	NA	NA	NA	NA	NA	NA	NA	NA	NA	NA	NA	NA	NA	NA	NA	NA	9	NA	NA	PRAD	NA	NA	NA	T3B	NA	NA	WGS	NA	NA	NA	6.5	NA	NA	NA	NA	NA	1	NA	NA	Male	NA	Matched	NA	NA	NA	0.3	RadP	NA	NA	NA	Prostate	NA	NA	0.962038511
prad_cpcg_2017	CPCG0232-F1	CPCG0232-F1	71.59	NO	NA	Prostate Cancer	Prostate Adenocarcinoma	40	NA	NA	CPC-GENE	NA	NA	3892.999998	NA	NA	NA	NA	NA	NA	NA	NA	NA	NA	NA	NA	NA	Positive	NA	NA	NA	NA	NA	3+4	NA	NA	NA	NA	NA	NA	NA	NA	NA	NA	NA	NA	NA	NA	NA	NA	NA	9	NA	NA	PRAD	NA	NA	NA	T3A	NA	NA	WGS	1.79	NA	NA	8.15	NA	NA	NA	NA	NA	1	NA	NA	Male	NA	Matched	NA	NA	NA	0.3	RadP	NA	NA	NA	Prostate	NA	NA	0.990417872
prad_cpcg_2017	CPCG0233-F1	CPCG0233-F1	70.34	NO	NA	Prostate Cancer	Prostate Adenocarcinoma	90	NA	NA	CPC-GENE	NA	NA	3185	NA	NA	NA	NA	NA	NA	NA	NA	NA	NA	NA	NA	NA	Negative	NA	NA	NA	NA	NA	4+3	NA	NA	NA	NA	NA	NA	NA	NA	NA	NA	NA	NA	NA	NA	NA	NA	NA	15	NA	NA	PRAD	NA	NA	NA	T3A	NA	NA	WGS	1.84	NA	NA	4.63	NA	NA	NA	NA	NA	1	NA	NA	Male	NA	Matched	NA	NA	NA	0.5	RadP	NA	NA	NA	Prostate	NA	NA	0.972489541
prad_cpcg_2017	CPCG0234-F1	CPCG0234-F1	70.09	NO	NA	Prostate Cancer	Prostate Adenocarcinoma	NA	NA	NA	CPC-GENE	NA	NA	3432.1325	NA	NA	NA	NA	NA	NA	NA	NA	NA	NA	NA	NA	NA	Negative	NA	NA	NA	NA	NA	3+4	NA	NA	NA	NA	NA	NA	NA	NA	NA	NA	NA	NA	NA	NA	NA	NA	NA	4	NA	NA	PRAD	NA	NA	NA	T1C	NA	NA	WGS	NA	NA	NA	5.7	NA	NA	NA	NA	NA	1	NA	NA	Male	NA	Matched	NA	NA	NA	0.133333333333	IGRT	NA	NA	NA	Prostate	NA	NA	0.971309404
prad_cpcg_2017	CPCG0236-F1	CPCG0236-F1	59.08	YES	NA	Prostate Cancer	Prostate Adenocarcinoma	90	NA	NA	CPC-GENE	NA	NA	354.0000001	NA	NA	NA	NA	NA	NA	NA	NA	NA	NA	NA	NA	NA	Negative	NA	NA	NA	NA	NA	4+3	NA	NA	NA	NA	NA	NA	NA	NA	NA	NA	NA	NA	NA	NA	NA	NA	NA	11	NA	NA	PRAD	NA	NA	NA	T3A	NA	NA	WGS	NA	NA	NA	10.92	NA	NA	NA	NA	NA	1	NA	NA	Male	NA	Matched	NA	NA	NA	0.366666666667	RadP	NA	NA	NA	Prostate	NA	NA	0.979102747
prad_cpcg_2017	CPCG0237-F1	CPCG0237-F1	60.43	YES	NA	Prostate Cancer	Prostate Adenocarcinoma	NA	NA	NA	CPC-GENE	NA	NA	3211.15625	NA	NA	NA	NA	NA	NA	NA	NA	NA	NA	NA	NA	NA	Negative	NA	NA	NA	NA	NA	3+3	NA	NA	NA	NA	NA	NA	NA	NA	NA	NA	NA	NA	NA	NA	NA	NA	NA	3	NA	NA	PRAD	NA	NA	NA	T2A	NA	NA	WGS	NA	NA	NA	10.7	NA	NA	NA	NA	NA	1	NA	NA	Male	NA	Matched	NA	NA	NA	0.1	IGRT	NA	NA	NA	Prostate	NA	NA	0.983847878
prad_cpcg_2017	CPCG0238-F1	CPCG0238-F1	55.65	YES	NA	Prostate Cancer	Prostate Adenocarcinoma	NA	NA	NA	CPC-GENE	NA	NA	270.9999999	NA	NA	NA	NA	NA	NA	NA	NA	NA	NA	NA	NA	NA	Positive	NA	NA	NA	NA	NA	3+4	NA	NA	NA	NA	NA	NA	NA	NA	NA	NA	NA	NA	NA	NA	NA	NA	NA	9	NA	NA	PRAD	NA	NA	NA	T3A	NA	NA	WGS	NA	NA	NA	7.92	NA	NA	NA	NA	NA	1	NA	NA	Male	NA	Matched	NA	NA	NA	0.3	RadP	NA	NA	NA	Prostate	NA	NA	0.980818808
prad_cpcg_2017	CPCG0241-F1	CPCG0241-F1	66.6	YES	NA	Prostate Cancer	Prostate Adenocarcinoma	70	NA	NA	CPC-GENE	NA	NA	208.0000001	NA	NA	NA	NA	NA	NA	NA	NA	NA	NA	NA	NA	NA	Positive	NA	NA	NA	NA	NA	3+4	NA	NA	NA	NA	NA	NA	NA	NA	NA	NA	NA	NA	NA	NA	NA	NA	NA	6	NA	NA	PRAD	NA	NA	NA	T3A	NA	NA	WGS	NA	NA	NA	5.64	NA	NA	NA	NA	NA	1	NA	NA	Male	NA	Matched	NA	NA	NA	0.2	RadP	NA	NA	NA	Prostate	NA	NA	0.990765697
prad_cpcg_2017	CPCG0242-F1	CPCG0242-F1	56.04	YES	NA	Prostate Cancer	Prostate Adenocarcinoma	NA	NA	NA	CPC-GENE	NA	NA	96.99999987	NA	NA	NA	NA	NA	NA	NA	NA	NA	NA	NA	NA	NA	Positive	NA	NA	NA	NA	NA	4+3	NA	NA	NA	NA	NA	NA	NA	NA	NA	NA	NA	NA	NA	NA	NA	NA	NA	23	NA	NA	PRAD	NA	NA	NA	T3A	NA	NA	WGS	NA	NA	NA	4.0	NA	NA	NA	NA	NA	1	NA	NA	Male	NA	Matched	NA	NA	NA	0.766666666667	RadP	NA	NA	NA	Prostate	NA	NA	0.983479033
prad_cpcg_2017	CPCG0243-F1	CPCG0243-F1	63.71	NO	NA	Prostate Cancer	Prostate Adenocarcinoma	NA	NA	NA	CPC-GENE	NA	NA	4389.087501	NA	NA	NA	NA	NA	NA	NA	NA	NA	NA	NA	NA	NA	Negative	NA	NA	NA	NA	NA	3+3	NA	NA	NA	NA	NA	NA	NA	NA	NA	NA	NA	NA	NA	NA	NA	NA	NA	16	NA	NA	PRAD	NA	NA	NA	T2B	NA	NA	WGS	NA	NA	NA	13.6	NA	NA	NA	NA	NA	1	NA	NA	Male	NA	Matched	NA	NA	NA	0.533333333333	IGRT	NA	NA	NA	Prostate	NA	NA	0.985866772
prad_cpcg_2017	CPCG0246-F1	CPCG0246-F1	60.6	YES	NA	Prostate Cancer	Prostate Adenocarcinoma	80	NA	NA	CPC-GENE	NA	NA	397.0000002	NA	NA	NA	NA	NA	NA	NA	NA	NA	NA	NA	NA	NA	Negative	NA	NA	NA	NA	NA	3+3	NA	NA	NA	NA	NA	NA	NA	NA	NA	NA	NA	NA	NA	NA	NA	NA	NA	7	NA	NA	PRAD	NA	NA	NA	T2C	NA	NA	WGS	NA	NA	NA	5.64	NA	NA	NA	NA	NA	1	NA	NA	Male	NA	Matched	NA	NA	NA	0.233333333333	RadP	NA	NA	NA	Prostate	NA	NA	0.976779552
prad_cpcg_2017	CPCG0248-F1	CPCG0248-F1	54.21	NO	NA	Prostate Cancer	Prostate Adenocarcinoma	80	NA	NA	CPC-GENE	NA	NA	2519	NA	NA	NA	NA	NA	NA	NA	NA	NA	NA	NA	NA	NA	Positive	NA	NA	NA	NA	NA	3+4	NA	NA	NA	NA	NA	NA	NA	NA	NA	NA	NA	NA	NA	NA	NA	NA	NA	11	NA	NA	PRAD	NA	NA	NA	T3A	NA	NA	WGS	1.77	NA	NA	5.1	NA	NA	NA	NA	NA	1	NA	NA	Male	NA	Matched	NA	NA	NA	0.366666666667	RadP	NA	NA	NA	Prostate	NA	NA	0.985176883
prad_cpcg_2017	CPCG0249-F1	CPCG0249-F1	66.08	YES	NA	Prostate Cancer	Prostate Adenocarcinoma	80	NA	NA	CPC-GENE	NA	NA	916	NA	NA	NA	NA	NA	NA	NA	NA	NA	NA	NA	NA	NA	Negative	NA	NA	NA	NA	NA	3+4	NA	NA	NA	NA	NA	NA	NA	NA	NA	NA	NA	NA	NA	NA	NA	NA	NA	27	NA	NA	PRAD	NA	NA	NA	T3B	NA	NA	WGS	1.84	NA	NA	7.1	NA	NA	NA	NA	NA	1	NA	NA	Male	NA	Matched	NA	NA	NA	0.9	RadP	NA	NA	NA	Prostate	NA	NA	0.986054938
prad_cpcg_2017	CPCG0250-F1	CPCG0250-F1	62.0	NO	NA	Prostate Cancer	Prostate Adenocarcinoma	60	NA	NA	CPC-GENE	NA	NA	4701	NA	NA	NA	NA	NA	NA	NA	NA	NA	NA	NA	NA	NA	Positive	NA	NA	NA	NA	NA	3+3	NA	NA	NA	NA	NA	NA	NA	NA	NA	NA	NA	NA	NA	NA	NA	NA	NA	NA	NA	NA	PRAD	NA	NA	NA	T2C	NA	NA	WGS	NA	NA	NA	4.23	NA	NA	NA	NA	NA	1	NA	NA	Male	NA	Matched	NA	NA	NA	0	RadP	NA	NA	NA	Prostate	NA	NA	0.98055776
prad_cpcg_2017	CPCG0251-F1	CPCG0251-F1	52.13	NO	NA	Prostate Cancer	Prostate Adenocarcinoma	60	NA	NA	CPC-GENE	NA	NA	4018.999999	NA	NA	NA	NA	NA	NA	NA	NA	NA	NA	NA	NA	NA	Negative	NA	NA	NA	NA	NA	3+4	NA	NA	NA	NA	NA	NA	NA	NA	NA	NA	NA	NA	NA	NA	NA	NA	NA	3	NA	NA	PRAD	NA	NA	NA	T2C	NA	NA	WGS	NA	NA	NA	13.41	NA	NA	NA	NA	NA	1	NA	NA	Male	NA	Matched	NA	NA	NA	0.1	RadP	NA	NA	NA	Prostate	NA	NA	0.977198113
prad_cpcg_2017	CPCG0255-F1	CPCG0255-F1	72.02	NO	NA	Prostate Cancer	Prostate Adenocarcinoma	80	NA	NA	CPC-GENE	NA	NA	4064	NA	NA	NA	NA	NA	NA	NA	NA	NA	NA	NA	NA	NA	Negative	NA	NA	NA	NA	NA	3+3	NA	NA	NA	NA	NA	NA	NA	NA	NA	NA	NA	NA	NA	NA	NA	NA	NA	5	NA	NA	PRAD	NA	NA	NA	T2C	NA	NA	WGS	NA	NA	NA	6.9	NA	NA	NA	NA	NA	1	NA	NA	Male	NA	Matched	NA	NA	NA	0.166666666667	RadP	NA	NA	NA	Prostate	NA	NA	0.97869518
prad_cpcg_2017	CPCG0256-F1	CPCG0256-F1	63.87	NO	NA	Prostate Cancer	Prostate Adenocarcinoma	60	NA	NA	CPC-GENE	NA	NA	2171	NA	NA	NA	NA	NA	NA	NA	NA	NA	NA	NA	NA	NA	Positive	NA	NA	NA	NA	NA	3+4	NA	NA	NA	NA	NA	NA	NA	NA	NA	NA	NA	NA	NA	NA	NA	NA	NA	6	NA	NA	PRAD	NA	NA	NA	T3A	NA	NA	WGS	NA	NA	NA	7.32	NA	NA	NA	NA	NA	1	NA	NA	Male	NA	Matched	NA	NA	NA	0.2	RadP	NA	NA	NA	Prostate	NA	NA	0.979809708
prad_cpcg_2017	CPCG0258-F1	CPCG0258-F1	49.22	NO	NA	Prostate Cancer	Prostate Adenocarcinoma	70	NA	NA	CPC-GENE	NA	NA	3877.999999	NA	NA	NA	NA	NA	NA	NA	NA	NA	NA	NA	NA	NA	Positive	NA	NA	NA	NA	NA	3+3	NA	NA	NA	NA	NA	NA	NA	NA	NA	NA	NA	NA	NA	NA	NA	NA	NA	3	NA	NA	PRAD	NA	NA	NA	T2C	NA	NA	WGS	NA	NA	NA	5.13	NA	NA	NA	NA	NA	1	NA	NA	Male	NA	Matched	NA	NA	NA	0.1	RadP	NA	NA	NA	Prostate	NA	NA	0.968158014
prad_cpcg_2017	CPCG0259-F1	CPCG0259-F1	55.86	YES	NA	Prostate Cancer	Prostate Adenocarcinoma	80	NA	NA	CPC-GENE	NA	NA	535	NA	NA	NA	NA	NA	NA	NA	NA	NA	NA	NA	NA	NA	Negative	NA	NA	NA	NA	NA	3+3	NA	NA	NA	NA	NA	NA	NA	NA	NA	NA	NA	NA	NA	NA	NA	NA	NA	13	NA	NA	PRAD	NA	NA	NA	T3A	NA	NA	WGS	NA	NA	NA	11.65	NA	NA	NA	NA	NA	1	NA	NA	Male	NA	Matched	NA	NA	NA	0.433333333333	RadP	NA	NA	NA	Prostate	NA	NA	0.986421692
prad_cpcg_2017	CPCG0260-F1	CPCG0260-F1	65.33	NO	NA	Prostate Cancer	Prostate Adenocarcinoma	80	NA	NA	CPC-GENE	NA	NA	3994.999998	NA	NA	NA	NA	NA	NA	NA	NA	NA	NA	NA	NA	NA	Positive	NA	NA	NA	NA	NA	4+3	NA	NA	NA	NA	NA	NA	NA	NA	NA	NA	NA	NA	NA	NA	NA	NA	NA	12	NA	NA	PRAD	NA	NA	NA	T2B	NA	NA	WGS	1.81	NA	NA	6.59	NA	NA	NA	NA	NA	1	NA	NA	Male	NA	Matched	NA	NA	NA	0.4	RadP	NA	NA	NA	Prostate	NA	NA	0.987825091
prad_cpcg_2017	CPCG0262-F1	CPCG0262-F1	62.98	NO	NA	Prostate Cancer	Prostate Adenocarcinoma	70	NA	NA	CPC-GENE	NA	NA	2127	NA	NA	NA	NA	NA	NA	NA	NA	NA	NA	NA	NA	NA	Positive	NA	NA	NA	NA	NA	3+4	NA	NA	NA	NA	NA	NA	NA	NA	NA	NA	NA	NA	NA	NA	NA	NA	NA	5	NA	NA	PRAD	NA	NA	NA	T2C	NA	NA	WGS	NA	NA	NA	5.7	NA	NA	NA	NA	NA	1	NA	NA	Male	NA	Matched	NA	NA	NA	0.166666666667	RadP	NA	NA	NA	Prostate	NA	NA	0.985316622
prad_cpcg_2017	CPCG0263-F1	CPCG0263-F1	66.42	NO	NA	Prostate Cancer	Prostate Adenocarcinoma	60	NA	NA	CPC-GENE	NA	NA	3211	NA	NA	NA	NA	NA	NA	NA	NA	NA	NA	NA	NA	NA	Negative	NA	NA	NA	NA	NA	3+3	NA	NA	NA	NA	NA	NA	NA	NA	NA	NA	NA	NA	NA	NA	NA	NA	NA	12	NA	NA	PRAD	NA	NA	NA	T2A	NA	NA	WGS	1.88	NA	NA	13.9	NA	NA	NA	NA	NA	1	NA	NA	Male	NA	Matched	NA	NA	NA	0.4	RadP	NA	NA	NA	Prostate	NA	NA	0.979608287
prad_cpcg_2017	CPCG0265-F1	CPCG0265-F1	63.21	NO	NA	Prostate Cancer	Prostate Adenocarcinoma	70	NA	NA	CPC-GENE	NA	NA	3059	NA	NA	NA	NA	NA	NA	NA	NA	NA	NA	NA	NA	NA	Positive	NA	NA	NA	NA	NA	3+3	NA	NA	NA	NA	NA	NA	NA	NA	NA	NA	NA	NA	NA	NA	NA	NA	NA	9	NA	NA	PRAD	NA	NA	NA	T3A	NA	NA	WGS	NA	NA	NA	9.34	NA	NA	NA	NA	NA	1	NA	NA	Male	NA	Matched	NA	NA	NA	0.3	RadP	NA	NA	NA	Prostate	NA	NA	0.97946173
prad_cpcg_2017	CPCG0266-F1	CPCG0266-F1	66.09	NO	NA	Prostate Cancer	Prostate Adenocarcinoma	80	NA	NA	CPC-GENE	NA	NA	3482	NA	NA	NA	NA	NA	NA	NA	NA	NA	NA	NA	NA	NA	Positive	NA	NA	NA	NA	NA	3+4	NA	NA	NA	NA	NA	NA	NA	NA	NA	NA	NA	NA	NA	NA	NA	NA	NA	17	NA	NA	PRAD	NA	NA	NA	T2C	NA	NA	WGS	NA	NA	NA	1.74	NA	NA	NA	NA	NA	1	NA	NA	Male	NA	Matched	NA	NA	NA	0.566666666667	RadP	NA	NA	NA	Prostate	NA	NA	0.977314743
prad_cpcg_2017	CPCG0267-F1	CPCG0267-F1	44.51	NO	NA	Prostate Cancer	Prostate Adenocarcinoma	90	NA	NA	CPC-GENE	NA	NA	1991	NA	NA	NA	NA	NA	NA	NA	NA	NA	NA	NA	NA	NA	Negative	NA	NA	NA	NA	NA	3+4	NA	NA	NA	NA	NA	NA	NA	NA	NA	NA	NA	NA	NA	NA	NA	NA	NA	5	NA	NA	PRAD	NA	NA	NA	T2C	NA	NA	WGS	NA	NA	NA	17.1	NA	NA	NA	NA	NA	1	NA	NA	Male	NA	Matched	NA	NA	NA	0.166666666667	RadP	NA	NA	NA	Prostate	NA	NA	0.973242048
prad_cpcg_2017	CPCG0268-F1	CPCG0268-F1	59.29	YES	NA	Prostate Cancer	Prostate Adenocarcinoma	60	NA	NA	CPC-GENE	NA	NA	2651	NA	NA	NA	NA	NA	NA	NA	NA	NA	NA	NA	NA	NA	Negative	NA	NA	NA	NA	NA	3+3	NA	NA	NA	NA	NA	NA	NA	NA	NA	NA	NA	NA	NA	NA	NA	NA	NA	4	NA	NA	PRAD	NA	NA	NA	T3A	NA	NA	WGS	NA	NA	NA	12.35	NA	NA	NA	NA	NA	1	NA	NA	Male	NA	Matched	NA	NA	NA	0.133333333333	RadP	NA	NA	NA	Prostate	NA	NA	0.979609124
prad_cpcg_2017	CPCG0269-F1	CPCG0269-F1	68.27	NO	NA	Prostate Cancer	Prostate Adenocarcinoma	70	NA	NA	CPC-GENE	NA	NA	2070	NA	NA	NA	NA	NA	NA	NA	NA	NA	NA	NA	NA	NA	Negative	NA	NA	NA	NA	NA	3+3	NA	NA	NA	NA	NA	NA	NA	NA	NA	NA	NA	NA	NA	NA	NA	NA	NA	12	NA	NA	PRAD	NA	NA	NA	T2C	NA	NA	WGS	NA	NA	NA	13.21	NA	NA	NA	NA	NA	1	NA	NA	Male	NA	Matched	NA	NA	NA	0.4	RadP	NA	NA	NA	Prostate	NA	NA	0.971595353
prad_cpcg_2017	CPCG0324-F1	CPCG0324-F1	64.75	YES	NA	Prostate Cancer	Prostate Adenocarcinoma	70	NA	NA	CPC-GENE	NA	NA	2742	NA	NA	NA	NA	NA	NA	NA	NA	NA	NA	NA	NA	NA	Positive	NA	NA	NA	NA	NA	3+4	NA	NA	NA	NA	NA	NA	NA	NA	NA	NA	NA	NA	NA	NA	NA	NA	NA	6	NA	NA	PRAD	NA	NA	NA	T3A	NA	NA	WGS	NA	NA	NA	12.1	NA	NA	NA	NA	NA	1	NA	NA	Male	NA	Matched	NA	NA	NA	0.2	RadP	NA	NA	NA	Prostate	NA	NA	0.979947426
prad_cpcg_2017	CPCG0331-F1	CPCG0331-F1	69.89	NO	NA	Prostate Cancer	Prostate Adenocarcinoma	70	NA	NA	CPC-GENE	NA	NA	2170	NA	NA	NA	NA	NA	NA	NA	NA	NA	NA	NA	NA	NA	Positive	NA	NA	NA	NA	NA	3+4	NA	NA	NA	NA	NA	NA	NA	NA	NA	NA	NA	NA	NA	NA	NA	NA	NA	13	NA	NA	PRAD	NA	NA	NA	T3A	NA	NA	WGS	NA	NA	NA	11.08	NA	NA	NA	NA	NA	1	NA	NA	Male	NA	Matched	NA	NA	NA	0.466666666667	RadP	NA	NA	NA	Prostate	NA	NA	0.91582805
prad_cpcg_2017	CPCG0334-F1	CPCG0334-F1	53.72	NO	NA	Prostate Cancer	Prostate Adenocarcinoma	80	NA	NA	CPC-GENE	NA	NA	2281	NA	NA	NA	NA	NA	NA	NA	NA	NA	NA	NA	NA	NA	Negative	NA	NA	NA	NA	NA	3+4	NA	NA	NA	NA	NA	NA	NA	NA	NA	NA	NA	NA	NA	NA	NA	NA	NA	9	NA	NA	PRAD	NA	NA	NA	T3A	NA	NA	WGS	NA	NA	NA	7.41	NA	NA	NA	NA	NA	1	NA	NA	Male	NA	Matched	NA	NA	NA	0.3	RadP	NA	NA	NA	Prostate	NA	NA	0.982954278
prad_cpcg_2017	CPCG0336-F1	CPCG0336-F1	60.87	NO	NA	Prostate Cancer	Prostate Adenocarcinoma	60	NA	NA	CPC-GENE	NA	NA	2194	NA	NA	NA	NA	NA	NA	NA	NA	NA	NA	NA	NA	NA	Positive	NA	NA	NA	NA	NA	3+3	NA	NA	NA	NA	NA	NA	NA	NA	NA	NA	NA	NA	NA	NA	NA	NA	NA	11	NA	NA	PRAD	NA	NA	NA	T3A	NA	NA	WGS	NA	NA	NA	9.08	NA	NA	NA	NA	NA	1	NA	NA	Male	NA	Matched	NA	NA	NA	0.366666666667	RadP	NA	NA	NA	Prostate	NA	NA	0.986674797
prad_cpcg_2017	CPCG0339-F1	CPCG0339-F1	57.69	NO	NA	Prostate Cancer	Prostate Adenocarcinoma	70	NA	NA	CPC-GENE	NA	NA	2144	NA	NA	NA	NA	NA	NA	NA	NA	NA	NA	NA	NA	NA	Negative	NA	NA	NA	NA	NA	3+4	NA	NA	NA	NA	NA	NA	NA	NA	NA	NA	NA	NA	NA	NA	NA	NA	NA	4	NA	NA	PRAD	NA	NA	NA	T3A	NA	NA	WGS	NA	NA	NA	14.29	NA	NA	NA	NA	NA	1	NA	NA	Male	NA	Matched	NA	NA	NA	0.133333333333	RadP	NA	NA	NA	Prostate	NA	NA	0.970407057
prad_cpcg_2017	CPCG0340-F1	CPCG0340-F1	62.0	NO	NA	Prostate Cancer	Prostate Adenocarcinoma	70	NA	NA	CPC-GENE	NA	NA	2399	NA	NA	NA	NA	NA	NA	NA	NA	NA	NA	NA	NA	NA	Positive	NA	NA	NA	NA	NA	3+4	NA	NA	NA	NA	NA	NA	NA	NA	NA	NA	NA	NA	NA	NA	NA	NA	NA	10	NA	NA	PRAD	NA	NA	NA	T2C	NA	NA	WGS	1.79	NA	NA	4.41	NA	NA	NA	NA	NA	1	NA	NA	Male	NA	Matched	NA	NA	NA	0.333333333333	RadP	NA	NA	NA	Prostate	NA	NA	0.977928918
prad_cpcg_2017	CPCG0341-F1	CPCG0341-F1	56.82	NO	NA	Prostate Cancer	Prostate Adenocarcinoma	80	NA	NA	CPC-GENE	NA	NA	3382	NA	NA	NA	NA	NA	NA	NA	NA	NA	NA	NA	NA	NA	Positive	NA	NA	NA	NA	NA	4+3	NA	NA	NA	NA	NA	NA	NA	NA	NA	NA	NA	NA	NA	NA	NA	NA	NA	7	NA	NA	PRAD	NA	NA	NA	T2C	NA	NA	WGS	NA	NA	NA	11.3	NA	NA	NA	NA	NA	1	NA	NA	Male	NA	Matched	NA	NA	NA	0.233333333333	RadP	NA	NA	NA	Prostate	NA	NA	0.970875165
prad_cpcg_2017	CPCG0342-F1	CPCG0342-F1	52.18	NO	NA	Prostate Cancer	Prostate Adenocarcinoma	80	NA	NA	CPC-GENE	NA	NA	2434	NA	NA	NA	NA	NA	NA	NA	NA	NA	NA	NA	NA	NA	Positive	NA	NA	NA	NA	NA	4+3	NA	NA	NA	NA	NA	NA	NA	NA	NA	NA	NA	NA	NA	NA	NA	NA	NA	9	NA	NA	PRAD	NA	NA	NA	T3A	NA	NA	WGS	NA	NA	NA	6.3	NA	NA	NA	NA	NA	1	NA	NA	Male	NA	Matched	NA	NA	NA	0.3	RadP	NA	NA	NA	Prostate	NA	NA	0.980102317
prad_cpcg_2017	CPCG0344-F1	CPCG0344-F1	60.91	NO	NA	Prostate Cancer	Prostate Adenocarcinoma	70	NA	NA	CPC-GENE	NA	NA	4387.999999	NA	NA	NA	NA	NA	NA	NA	NA	NA	NA	NA	NA	NA	Negative	NA	NA	NA	NA	NA	3+3	NA	NA	NA	NA	NA	NA	NA	NA	NA	NA	NA	NA	NA	NA	NA	NA	NA	8	NA	NA	PRAD	NA	NA	NA	T2C	NA	NA	WGS	3.68	NA	NA	5.5	NA	NA	NA	NA	NA	1	NA	NA	Male	NA	Matched	NA	NA	NA	0.266666666667	RadP	NA	NA	NA	Prostate	NA	NA	0.975261265
prad_cpcg_2017	CPCG0345-F1	CPCG0345-F1	60.38	NO	NA	Prostate Cancer	Prostate Adenocarcinoma	70	NA	NA	CPC-GENE	NA	NA	1817	NA	NA	NA	NA	NA	NA	NA	NA	NA	NA	NA	NA	NA	Negative	NA	NA	NA	NA	NA	3+4	NA	NA	NA	NA	NA	NA	NA	NA	NA	NA	NA	NA	NA	NA	NA	NA	NA	15	NA	NA	PRAD	NA	NA	NA	T3B	NA	NA	WGS	1.99	NA	NA	6.6	NA	NA	NA	NA	NA	1	NA	NA	Male	NA	Matched	NA	NA	NA	0.5	RadP	NA	NA	NA	Prostate	NA	NA	0.99150328
prad_cpcg_2017	CPCG0346-F1	CPCG0346-F1	59.73	NO	NA	Prostate Cancer	Prostate Adenocarcinoma	80	NA	NA	CPC-GENE	NA	NA	2137	NA	NA	NA	NA	NA	NA	NA	NA	NA	NA	NA	NA	NA	Positive	NA	NA	NA	NA	NA	3+4	NA	NA	NA	NA	NA	NA	NA	NA	NA	NA	NA	NA	NA	NA	NA	NA	NA	1	NA	NA	PRAD	NA	NA	NA	T3A	NA	NA	WGS	NA	NA	NA	6.5	NA	NA	NA	NA	NA	1	NA	NA	Male	NA	Matched	NA	NA	NA	0.0333333333333	RadP	NA	NA	NA	Prostate	NA	NA	0.968020809
prad_cpcg_2017	CPCG0348-F1	CPCG0348-F1	57.04	NO	NA	Prostate Cancer	Prostate Adenocarcinoma	70	NA	NA	CPC-GENE	NA	NA	2535	NA	NA	NA	NA	NA	NA	NA	NA	NA	NA	NA	NA	NA	Negative	NA	NA	NA	NA	NA	3+4	NA	NA	NA	NA	NA	NA	NA	NA	NA	NA	NA	NA	NA	NA	NA	NA	NA	6	NA	NA	PRAD	NA	NA	NA	T3A	NA	NA	WGS	NA	NA	NA	4.22	NA	NA	NA	NA	NA	1	NA	NA	Male	NA	Matched	NA	NA	NA	0.2	RadP	NA	NA	NA	Prostate	NA	NA	0.985980959
prad_cpcg_2017	CPCG0350-F1	CPCG0350-F1	53.16	NO	NA	Prostate Cancer	Prostate Adenocarcinoma	70	NA	NA	CPC-GENE	NA	NA	1787	NA	NA	NA	NA	NA	NA	NA	NA	NA	NA	NA	NA	NA	Positive	NA	NA	NA	NA	NA	4+3	NA	NA	NA	NA	NA	NA	NA	NA	NA	NA	NA	NA	NA	NA	NA	NA	NA	19	NA	NA	PRAD	NA	NA	NA	T3B	NA	NA	WGS	NA	NA	NA	39.47	NA	NA	NA	NA	NA	1	NA	NA	Male	NA	Matched	NA	NA	NA	0.633333333333	RadP	NA	NA	NA	Prostate	NA	NA	0.988285887
prad_cpcg_2017	CPCG0352-F1	CPCG0352-F1	55.52	NO	NA	Prostate Cancer	Prostate Adenocarcinoma	90	NA	NA	CPC-GENE	NA	NA	1921	NA	NA	NA	NA	NA	NA	NA	NA	NA	NA	NA	NA	NA	Positive	NA	NA	NA	NA	NA	4+3	NA	NA	NA	NA	NA	NA	NA	NA	NA	NA	NA	NA	NA	NA	NA	NA	NA	12	NA	NA	PRAD	NA	NA	NA	T2C	NA	NA	WGS	NA	NA	NA	9.1	NA	NA	NA	NA	NA	1	NA	NA	Male	NA	Matched	NA	NA	NA	0.4	RadP	NA	NA	NA	Prostate	NA	NA	0.987846468
prad_cpcg_2017	CPCG0353-F1	CPCG0353-F1	65.64	YES	NA	Prostate Cancer	Prostate Adenocarcinoma	70	NA	NA	CPC-GENE	NA	NA	966.9999999	NA	NA	NA	NA	NA	NA	NA	NA	NA	NA	NA	NA	NA	Negative	NA	NA	NA	NA	NA	3+4	NA	NA	NA	NA	NA	NA	NA	NA	NA	NA	NA	NA	NA	NA	NA	NA	NA	4	NA	NA	PRAD	NA	NA	NA	T3B	NA	NA	WGS	NA	NA	NA	9.0	NA	NA	NA	NA	NA	1	NA	NA	Male	NA	Matched	NA	NA	NA	0.133333333333	RadP	NA	NA	NA	Prostate	NA	NA	0.988243779
prad_cpcg_2017	CPCG0354-F1	CPCG0354-F1	61.38	YES	NA	Prostate Cancer	Prostate Adenocarcinoma	80	NA	NA	CPC-GENE	NA	NA	2026	NA	NA	NA	NA	NA	NA	NA	NA	NA	NA	NA	NA	NA	Positive	NA	NA	NA	NA	NA	3+4	NA	NA	NA	NA	NA	NA	NA	NA	NA	NA	NA	NA	NA	NA	NA	NA	NA	10	NA	NA	PRAD	NA	NA	NA	T2C	NA	NA	WGS	1.83	NA	NA	6.7	NA	NA	NA	NA	NA	1	NA	NA	Male	NA	Matched	NA	NA	NA	0.333333333333	RadP	NA	NA	NA	Prostate	NA	NA	0.988142292
prad_cpcg_2017	CPCG0355-F1	CPCG0355-F1	55.49	NO	NA	Prostate Cancer	Prostate Adenocarcinoma	80	NA	NA	CPC-GENE	NA	NA	3032	NA	NA	NA	NA	NA	NA	NA	NA	NA	NA	NA	NA	NA	Negative	NA	NA	NA	NA	NA	3+3	NA	NA	NA	NA	NA	NA	NA	NA	NA	NA	NA	NA	NA	NA	NA	NA	NA	5	NA	NA	PRAD	NA	NA	NA	T2C	NA	NA	WGS	1.88	NA	NA	6.7	NA	NA	NA	NA	NA	1	NA	NA	Male	NA	Matched	NA	NA	NA	0.166666666667	RadP	NA	NA	NA	Prostate	NA	NA	0.988007487
prad_cpcg_2017	CPCG0356-F1	CPCG0356-F1	51.64	NO	NA	Prostate Cancer	Prostate Adenocarcinoma	60	NA	NA	CPC-GENE	NA	NA	1923	NA	NA	NA	NA	NA	NA	NA	NA	NA	NA	NA	NA	NA	Positive	NA	NA	NA	NA	NA	4+3	NA	NA	NA	NA	NA	NA	NA	NA	NA	NA	NA	NA	NA	NA	NA	NA	NA	7	NA	NA	PRAD	NA	NA	NA	T2C	NA	NA	WGS	NA	NA	NA	8.49	NA	NA	NA	NA	NA	1	NA	NA	Male	NA	Matched	NA	NA	NA	0.233333333333	RadP	NA	NA	NA	Prostate	NA	NA	0.988080327
prad_cpcg_2017	CPCG0357-F1	CPCG0357-F1	59.06	NO	NA	Prostate Cancer	Prostate Adenocarcinoma	70	NA	NA	CPC-GENE	NA	NA	2054	NA	NA	NA	NA	NA	NA	NA	NA	NA	NA	NA	NA	NA	Positive	NA	NA	NA	NA	NA	3+4	NA	NA	NA	NA	NA	NA	NA	NA	NA	NA	NA	NA	NA	NA	NA	NA	NA	8	NA	NA	PRAD	NA	NA	NA	T2C	NA	NA	WGS	NA	NA	NA	3.11	NA	NA	NA	NA	NA	1	NA	NA	Male	NA	Matched	NA	NA	NA	0.266666666667	RadP	NA	NA	NA	Prostate	NA	NA	0.987498845
prad_cpcg_2017	CPCG0358-F1	CPCG0358-F1	68.79	NO	NA	Prostate Cancer	Prostate Adenocarcinoma	40	NA	NA	CPC-GENE	NA	NA	2778	NA	NA	NA	NA	NA	NA	NA	NA	NA	NA	NA	NA	NA	Positive	NA	NA	NA	NA	NA	3+4	NA	NA	NA	NA	NA	NA	NA	NA	NA	NA	NA	NA	NA	NA	NA	NA	NA	5	NA	NA	PRAD	NA	NA	NA	T2A	NA	NA	WGS	1.79	NA	NA	5.88	NA	NA	NA	NA	NA	1	NA	NA	Male	NA	Matched	NA	NA	NA	0.166666666667	RadP	NA	NA	NA	Prostate	NA	NA	0.986994367
prad_cpcg_2017	CPCG0360-F1	CPCG0360-F1	66.22	NO	NA	Prostate Cancer	Prostate Adenocarcinoma	80	NA	NA	CPC-GENE	NA	NA	2119	NA	NA	NA	NA	NA	NA	NA	NA	NA	NA	NA	NA	NA	Negative	NA	NA	NA	NA	NA	3+4	NA	NA	NA	NA	NA	NA	NA	NA	NA	NA	NA	NA	NA	NA	NA	NA	NA	4	NA	NA	PRAD	NA	NA	NA	T3B	NA	NA	WGS	1.82	NA	NA	14.0	NA	NA	NA	NA	NA	1	NA	NA	Male	NA	Matched	NA	NA	NA	0.133333333333	RadP	NA	NA	NA	Prostate	NA	NA	0.98860832
prad_cpcg_2017	CPCG0361-F1	CPCG0361-F1	70.07	NO	NA	Prostate Cancer	Prostate Adenocarcinoma	60	NA	NA	CPC-GENE	NA	NA	2071	NA	NA	NA	NA	NA	NA	NA	NA	NA	NA	NA	NA	NA	Positive	NA	NA	NA	NA	NA	3+4	NA	NA	NA	NA	NA	NA	NA	NA	NA	NA	NA	NA	NA	NA	NA	NA	NA	NA	NA	NA	PRAD	NA	NA	NA	T3A	NA	NA	WGS	NA	NA	NA	4.6	NA	NA	NA	NA	NA	1	NA	NA	Male	NA	Matched	NA	NA	NA	0	RadP	NA	NA	NA	Prostate	NA	NA	0.985267276
prad_cpcg_2017	CPCG0362-F1	CPCG0362-F1	57.65	YES	NA	Prostate Cancer	Prostate Adenocarcinoma	70	NA	NA	CPC-GENE	NA	NA	49.99999987	NA	NA	NA	NA	NA	NA	NA	NA	NA	NA	NA	NA	NA	Positive	NA	NA	NA	NA	NA	3+4	NA	NA	NA	NA	NA	NA	NA	NA	NA	NA	NA	NA	NA	NA	NA	NA	NA	4	NA	NA	PRAD	NA	NA	NA	T3B	NA	NA	WGS	NA	NA	NA	8.77	NA	NA	NA	NA	NA	1	NA	NA	Male	NA	Matched	NA	NA	NA	0.133333333333	RadP	NA	NA	NA	Prostate	NA	NA	0.988070026
prad_cpcg_2017	CPCG0363-F1	CPCG0363-F1	56.64	NO	NA	Prostate Cancer	Prostate Adenocarcinoma	70	NA	NA	CPC-GENE	NA	NA	2288	NA	NA	NA	NA	NA	NA	NA	NA	NA	NA	NA	NA	NA	Negative	NA	NA	NA	NA	NA	3+4	NA	NA	NA	NA	NA	NA	NA	NA	NA	NA	NA	NA	NA	NA	NA	NA	NA	NA	NA	NA	PRAD	NA	NA	NA	T2C	NA	NA	WGS	NA	NA	NA	4.27	NA	NA	NA	NA	NA	1	NA	NA	Male	NA	Matched	NA	NA	NA	0	RadP	NA	NA	NA	Prostate	NA	NA	0.987208173
prad_cpcg_2017	CPCG0364-F1	CPCG0364-F1	63.2	NO	NA	Prostate Cancer	Prostate Adenocarcinoma	60	NA	NA	CPC-GENE	NA	NA	2113	NA	NA	NA	NA	NA	NA	NA	NA	NA	NA	NA	NA	NA	Positive	NA	NA	NA	NA	NA	3+3	NA	NA	NA	NA	NA	NA	NA	NA	NA	NA	NA	NA	NA	NA	NA	NA	NA	17	NA	NA	PRAD	NA	NA	NA	T3A	NA	NA	WGS	NA	NA	NA	8.11	NA	NA	NA	NA	NA	1	NA	NA	Male	NA	Matched	NA	NA	NA	0.6	RadP	NA	NA	NA	Prostate	NA	NA	0.98451186
prad_cpcg_2017	CPCG0365-F1	CPCG0365-F1	71.69	NO	NA	Prostate Cancer	Prostate Adenocarcinoma	60	NA	NA	CPC-GENE	NA	NA	1996	NA	NA	NA	NA	NA	NA	NA	NA	NA	NA	NA	NA	NA	Negative	NA	NA	NA	NA	NA	3+3	NA	NA	NA	NA	NA	NA	NA	NA	NA	NA	NA	NA	NA	NA	NA	NA	NA	5	NA	NA	PRAD	NA	NA	NA	T2C	NA	NA	WGS	NA	NA	NA	4.23	NA	NA	NA	NA	NA	1	NA	NA	Male	NA	Matched	NA	NA	NA	0.166666666667	RadP	NA	NA	NA	Prostate	NA	NA	0.984424731
prad_cpcg_2017	CPCG0366-F1	CPCG0366-F1	60.54	NO	NA	Prostate Cancer	Prostate Adenocarcinoma	80	NA	NA	CPC-GENE	NA	NA	4092	NA	NA	NA	NA	NA	NA	NA	NA	NA	NA	NA	NA	NA	Positive	NA	NA	NA	NA	NA	3+4	NA	NA	NA	NA	NA	NA	NA	NA	NA	NA	NA	NA	NA	NA	NA	NA	NA	5	NA	NA	PRAD	NA	NA	NA	T3A	NA	NA	WGS	NA	NA	NA	15.0	NA	NA	NA	NA	NA	1	NA	NA	Male	NA	Matched	NA	NA	NA	0.166666666667	RadP	NA	NA	NA	Prostate	NA	NA	0.981709127
prad_cpcg_2017	CPCG0368-F1	CPCG0368-F1	63.67	NO	NA	Prostate Cancer	Prostate Adenocarcinoma	50	NA	NA	CPC-GENE	NA	NA	1661	NA	NA	NA	NA	NA	NA	NA	NA	NA	NA	NA	NA	NA	Negative	NA	NA	NA	NA	NA	3+3	NA	NA	NA	NA	NA	NA	NA	NA	NA	NA	NA	NA	NA	NA	NA	NA	NA	NA	NA	NA	PRAD	NA	NA	NA	T2C	NA	NA	WGS	NA	NA	NA	4.39	NA	NA	NA	NA	NA	1	NA	NA	Male	NA	Matched	NA	NA	NA	0	RadP	NA	NA	NA	Prostate	NA	NA	0.98792709
prad_cpcg_2017	CPCG0369-F1	CPCG0369-F1	63.7	NO	NA	Prostate Cancer	Prostate Adenocarcinoma	70	NA	NA	CPC-GENE	NA	NA	2351	NA	NA	NA	NA	NA	NA	NA	NA	NA	NA	NA	NA	NA	Positive	NA	NA	NA	NA	NA	3+4	NA	NA	NA	NA	NA	NA	NA	NA	NA	NA	NA	NA	NA	NA	NA	NA	NA	26	NA	NA	PRAD	NA	NA	NA	T3A	NA	NA	WGS	1.86	NA	NA	7.18	NA	NA	NA	NA	NA	1	NA	NA	Male	NA	Matched	NA	NA	NA	0.866666666667	RadP	NA	NA	NA	Prostate	NA	NA	0.984328887
prad_cpcg_2017	CPCG0371-F1	CPCG0371-F1	60.7	NO	NA	Prostate Cancer	Prostate Adenocarcinoma	80	NA	NA	CPC-GENE	NA	NA	2043	NA	NA	NA	NA	NA	NA	NA	NA	NA	NA	NA	NA	NA	Positive	NA	NA	NA	NA	NA	3+4	NA	NA	NA	NA	NA	NA	NA	NA	NA	NA	NA	NA	NA	NA	NA	NA	NA	15	NA	NA	PRAD	NA	NA	NA	T3A	NA	NA	WGS	NA	NA	NA	7.52	NA	NA	NA	NA	NA	1	NA	NA	Male	NA	Matched	NA	NA	NA	0.5	RadP	NA	NA	NA	Prostate	NA	NA	0.987236883
prad_cpcg_2017	CPCG0372-F1	CPCG0372-F1	60.18	NO	NA	Prostate Cancer	Prostate Adenocarcinoma	80	NA	NA	CPC-GENE	NA	NA	1870	NA	NA	NA	NA	NA	NA	NA	NA	NA	NA	NA	NA	NA	Positive	NA	NA	NA	NA	NA	3+4	NA	NA	NA	NA	NA	NA	NA	NA	NA	NA	NA	NA	NA	NA	NA	NA	NA	9	NA	NA	PRAD	NA	NA	NA	T2C	NA	NA	WGS	NA	NA	NA	4.0	NA	NA	NA	NA	NA	1	NA	NA	Male	NA	Matched	NA	NA	NA	0.3	RadP	NA	NA	NA	Prostate	NA	NA	0.988028018
prad_cpcg_2017	CPCG0373-F1	CPCG0373-F1	59.8	NO	NA	Prostate Cancer	Prostate Adenocarcinoma	60	NA	NA	CPC-GENE	NA	NA	1427	NA	NA	NA	NA	NA	NA	NA	NA	NA	NA	NA	NA	NA	Negative	NA	NA	NA	NA	NA	3+4	NA	NA	NA	NA	NA	NA	NA	NA	NA	NA	NA	NA	NA	NA	NA	NA	NA	3	NA	NA	PRAD	NA	NA	NA	T2C	NA	NA	WGS	NA	NA	NA	4.9	NA	NA	NA	NA	NA	1	NA	NA	Male	NA	Matched	NA	NA	NA	0.1	RadP	NA	NA	NA	Prostate	NA	NA	0.987566756
prad_cpcg_2017	CPCG0374-F1	CPCG0374-F1	63.65	NO	NA	Prostate Cancer	Prostate Adenocarcinoma	80	NA	NA	CPC-GENE	NA	NA	932.9999999	NA	NA	NA	NA	NA	NA	NA	NA	NA	NA	NA	NA	NA	Negative	NA	NA	NA	NA	NA	3+3	NA	NA	NA	NA	NA	NA	NA	NA	NA	NA	NA	NA	NA	NA	NA	NA	NA	10	NA	NA	PRAD	NA	NA	NA	T2C	NA	NA	WGS	NA	NA	NA	4.7	NA	NA	NA	NA	NA	1	NA	NA	Male	NA	Matched	NA	NA	NA	0.333333333333	RadP	NA	NA	NA	Prostate	NA	NA	0.987681825
prad_cpcg_2017	CPCG0375-F1	CPCG0375-F1	70.19	NO	NA	Prostate Cancer	Prostate Adenocarcinoma	70	NA	NA	CPC-GENE	NA	NA	2696	NA	NA	NA	NA	NA	NA	NA	NA	NA	NA	NA	NA	NA	Negative	NA	NA	NA	NA	NA	3+3	NA	NA	NA	NA	NA	NA	NA	NA	NA	NA	NA	NA	NA	NA	NA	NA	NA	18	NA	NA	PRAD	NA	NA	NA	T2C	NA	NA	WGS	NA	NA	NA	7.01	NA	NA	NA	NA	NA	1	NA	NA	Male	NA	Matched	NA	NA	NA	0.6	RadP	NA	NA	NA	Prostate	NA	NA	0.98759815
prad_cpcg_2017	CPCG0378-F1	CPCG0378-F1	69.15	NO	NA	Prostate Cancer	Prostate Adenocarcinoma	80	NA	NA	CPC-GENE	NA	NA	2243	NA	NA	NA	NA	NA	NA	NA	NA	NA	NA	NA	NA	NA	Negative	NA	NA	NA	NA	NA	3+4	NA	NA	NA	NA	NA	NA	NA	NA	NA	NA	NA	NA	NA	NA	NA	NA	NA	17	NA	NA	PRAD	NA	NA	NA	T3B	NA	NA	WGS	NA	NA	NA	8.7	NA	NA	NA	NA	NA	1	NA	NA	Male	NA	Matched	NA	NA	NA	0.566666666667	RadP	NA	NA	NA	Prostate	NA	NA	0.987569438
prad_cpcg_2017	CPCG0379-F1	CPCG0379-F1	68.57	YES	NA	Prostate Cancer	Prostate Adenocarcinoma	80	NA	NA	CPC-GENE	NA	NA	1024	NA	NA	NA	NA	NA	NA	NA	NA	NA	NA	NA	NA	NA	Positive	NA	NA	NA	NA	NA	3+4	NA	NA	NA	NA	NA	NA	NA	NA	NA	NA	NA	NA	NA	NA	NA	NA	NA	19	NA	NA	PRAD	NA	NA	NA	T3A	NA	NA	WGS	4.01	NA	NA	14.6	NA	NA	NA	NA	NA	1	NA	NA	Male	NA	Matched	NA	NA	NA	0.6	RadP	NA	NA	NA	Prostate	NA	NA	0.986707361
prad_cpcg_2017	CPCG0380-F1	CPCG0380-F1	58.15	NO	NA	Prostate Cancer	Prostate Adenocarcinoma	80	NA	NA	CPC-GENE	NA	NA	2013	NA	NA	NA	NA	NA	NA	NA	NA	NA	NA	NA	NA	NA	Positive	NA	NA	NA	NA	NA	3+4	NA	NA	NA	NA	NA	NA	NA	NA	NA	NA	NA	NA	NA	NA	NA	NA	NA	6	NA	NA	PRAD	NA	NA	NA	T2C	NA	NA	WGS	NA	NA	NA	6.29	NA	NA	NA	NA	NA	1	NA	NA	Male	NA	Matched	NA	NA	NA	0.2	RadP	NA	NA	NA	Prostate	NA	NA	0.986494452
prad_cpcg_2017	CPCG0381-F1	CPCG0381-F1	64.86	NO	NA	Prostate Cancer	Prostate Adenocarcinoma	70	NA	NA	CPC-GENE	NA	NA	1937	NA	NA	NA	NA	NA	NA	NA	NA	NA	NA	NA	NA	NA	Negative	NA	NA	NA	NA	NA	3+4	NA	NA	NA	NA	NA	NA	NA	NA	NA	NA	NA	NA	NA	NA	NA	NA	NA	NA	NA	NA	PRAD	NA	NA	NA	T2C	NA	NA	WGS	NA	NA	NA	5.76	NA	NA	NA	NA	NA	1	NA	NA	Male	NA	Matched	NA	NA	NA	0	RadP	NA	NA	NA	Prostate	NA	NA	0.987465601
prad_cpcg_2017	CPCG0387-F1	CPCG0387-F1	67.07	NO	NA	Prostate Cancer	Prostate Adenocarcinoma	60	NA	NA	CPC-GENE	NA	NA	2344	NA	NA	NA	NA	NA	NA	NA	NA	NA	NA	NA	NA	NA	Negative	NA	NA	NA	NA	NA	4+3	NA	NA	NA	NA	NA	NA	NA	NA	NA	NA	NA	NA	NA	NA	NA	NA	NA	7	NA	NA	PRAD	NA	NA	NA	T2C	NA	NA	WGS	NA	NA	NA	4.52	NA	NA	NA	NA	NA	1	NA	NA	Male	NA	Matched	NA	NA	NA	0.233333333333	RadP	NA	NA	NA	Prostate	NA	NA	0.98865668
prad_cpcg_2017	CPCG0388-F1	CPCG0388-F1	54.47	NO	NA	Prostate Cancer	Prostate Adenocarcinoma	90	NA	NA	CPC-GENE	NA	NA	2196	NA	NA	NA	NA	NA	NA	NA	NA	NA	NA	NA	NA	NA	Negative	NA	NA	NA	NA	NA	3+4	NA	NA	NA	NA	NA	NA	NA	NA	NA	NA	NA	NA	NA	NA	NA	NA	NA	14	NA	NA	PRAD	NA	NA	NA	T3A	NA	NA	WGS	NA	NA	NA	2.5	NA	NA	NA	NA	NA	1	NA	NA	Male	NA	Matched	NA	NA	NA	0.466666666667	RadP	NA	NA	NA	Prostate	NA	NA	0.975767435
prad_cpcg_2017	CPCG0391-F1	CPCG0391-F1	60.75	NO	NA	Prostate Cancer	Prostate Adenocarcinoma	70	NA	NA	CPC-GENE	NA	NA	3394	NA	NA	NA	NA	NA	NA	NA	NA	NA	NA	NA	NA	NA	Negative	NA	NA	NA	NA	NA	3+3	NA	NA	NA	NA	NA	NA	NA	NA	NA	NA	NA	NA	NA	NA	NA	NA	NA	NA	NA	NA	PRAD	NA	NA	NA	T2C	NA	NA	WGS	NA	NA	NA	5.3	NA	NA	NA	NA	NA	1	NA	NA	Male	NA	Matched	NA	NA	NA	0	RadP	NA	NA	NA	Prostate	NA	NA	0.982411358
prad_cpcg_2017	CPCG0392-F1	CPCG0392-F1	61.44	YES	NA	Prostate Cancer	Prostate Adenocarcinoma	NA	NA	NA	CPC-GENE	NA	NA	81.00000009	NA	NA	NA	NA	NA	NA	NA	NA	NA	NA	NA	NA	NA	Positive	NA	NA	NA	NA	NA	3+4	NA	NA	NA	NA	NA	NA	NA	NA	NA	NA	NA	NA	NA	NA	NA	NA	NA	13	NA	NA	PRAD	NA	NA	NA	T3B	NA	NA	WGS	1.79	NA	NA	19.5	NA	NA	NA	NA	NA	1	NA	NA	Male	NA	Matched	NA	NA	NA	0.433333333333	RadP	NA	NA	NA	Prostate	NA	NA	0.970591576
prad_cpcg_2017	CPCG0401-F1	CPCG0401-F1	58.12	YES	NA	Prostate Cancer	Prostate Adenocarcinoma	80	NA	NA	CPC-GENE	NA	NA	660.9999999	NA	NA	NA	NA	NA	NA	NA	NA	NA	NA	NA	NA	NA	Negative	NA	NA	NA	NA	NA	3+4	NA	NA	NA	NA	NA	NA	NA	NA	NA	NA	NA	NA	NA	NA	NA	NA	NA	2	NA	NA	PRAD	NA	NA	NA	T2C	NA	NA	WGS	NA	NA	NA	3.6	NA	NA	NA	NA	NA	1	NA	NA	Male	NA	Matched	NA	NA	NA	0.0666666666667	RadP	NA	NA	NA	Prostate	NA	NA	0.986862317
prad_cpcg_2017	CPCG0404-F1	CPCG0404-F1	56.18	NO	NA	Prostate Cancer	Prostate Adenocarcinoma	80	NA	NA	CPC-GENE	NA	NA	1971	NA	NA	NA	NA	NA	NA	NA	NA	NA	NA	NA	NA	NA	Negative	NA	NA	NA	NA	NA	3+4	NA	NA	NA	NA	NA	NA	NA	NA	NA	NA	NA	NA	NA	NA	NA	NA	NA	24	NA	NA	PRAD	NA	NA	NA	T2C	NA	NA	WGS	NA	NA	NA	3.6	NA	NA	NA	NA	NA	1	NA	NA	Male	NA	Matched	NA	NA	NA	0.8	RadP	NA	NA	NA	Prostate	NA	NA	0.988731668
prad_cpcg_2017	CPCG0407-F1	CPCG0407-F1	57.93	YES	NA	Prostate Cancer	Prostate Adenocarcinoma	80	NA	NA	CPC-GENE	NA	NA	1288.000068	NA	NA	NA	NA	NA	NA	NA	NA	NA	NA	NA	NA	NA	Positive	NA	NA	NA	NA	NA	3+4	NA	NA	NA	NA	NA	NA	NA	NA	NA	NA	NA	NA	NA	NA	NA	NA	NA	15	NA	NA	PRAD	NA	NA	NA	T2A	NA	NA	WGS	NA	NA	NA	11.5	NA	NA	NA	NA	NA	1	NA	NA	Male	NA	Matched	NA	NA	NA	0.5	RadP	NA	NA	NA	Prostate	NA	NA	0.987317177
prad_cpcg_2017	CPCG0409-F1	CPCG0409-F1	59.08	NO	NA	Prostate Cancer	Prostate Adenocarcinoma	90	NA	NA	CPC-GENE	NA	NA	2561	NA	NA	NA	NA	NA	NA	NA	NA	NA	NA	NA	NA	NA	Positive	NA	NA	NA	NA	NA	3+4	NA	NA	NA	NA	NA	NA	NA	NA	NA	NA	NA	NA	NA	NA	NA	NA	NA	7	NA	NA	PRAD	NA	NA	NA	T3A	NA	NA	WGS	NA	NA	NA	6.3	NA	NA	NA	NA	NA	1	NA	NA	Male	NA	Matched	NA	NA	NA	0.233333333333	RadP	NA	NA	NA	Prostate	NA	NA	0.987269235
prad_cpcg_2017	CPCG0410-F1	CPCG0410-F1	61.95	NO	NA	Prostate Cancer	Prostate Adenocarcinoma	NA	NA	NA	CPC-GENE	NA	NA	1772	NA	NA	NA	NA	NA	NA	NA	NA	NA	NA	NA	NA	NA	Positive	NA	NA	NA	NA	NA	3+4	NA	NA	NA	NA	NA	NA	NA	NA	NA	NA	NA	NA	NA	NA	NA	NA	NA	12	NA	NA	PRAD	NA	NA	NA	T2C	NA	NA	WGS	1.84	NA	NA	5.0	NA	NA	NA	NA	NA	1	NA	NA	Male	NA	Matched	NA	NA	NA	0.4	RadP	NA	NA	NA	Prostate	NA	NA	0.987758228
prad_cpcg_2017	CPCG0411-F1	CPCG0411-F1	45.74	NO	NA	Prostate Cancer	Prostate Adenocarcinoma	60	NA	NA	CPC-GENE	NA	NA	2236	NA	NA	NA	NA	NA	NA	NA	NA	NA	NA	NA	NA	NA	Negative	NA	NA	NA	NA	NA	4+3	NA	NA	NA	NA	NA	NA	NA	NA	NA	NA	NA	NA	NA	NA	NA	NA	NA	NA	NA	NA	PRAD	NA	NA	NA	T2C	NA	NA	WGS	NA	NA	NA	10.55	NA	NA	NA	NA	NA	1	NA	NA	Male	NA	Matched	NA	NA	NA	0	RadP	NA	NA	NA	Prostate	NA	NA	0.988061671
prad_cpcg_2017	CPCG0412-F1	CPCG0412-F1	58.74	NO	NA	Prostate Cancer	Prostate Adenocarcinoma	80	NA	NA	CPC-GENE	NA	NA	2267	NA	NA	NA	NA	NA	NA	NA	NA	NA	NA	NA	NA	NA	Positive	NA	NA	NA	NA	NA	4+3	NA	NA	NA	NA	NA	NA	NA	NA	NA	NA	NA	NA	NA	NA	NA	NA	NA	11	NA	NA	PRAD	NA	NA	NA	T2A	NA	NA	WGS	1.75	NA	NA	3.36	NA	NA	NA	NA	NA	1	NA	NA	Male	NA	Matched	NA	NA	NA	0.366666666667	RadP	NA	NA	NA	Prostate	NA	NA	0.987837467
prad_cpcg_2017	CPCG0413-F1	CPCG0413-F1	59.14	NO	NA	Prostate Cancer	Prostate Adenocarcinoma	NA	NA	NA	CPC-GENE	NA	NA	2906	NA	NA	NA	NA	NA	NA	NA	NA	NA	NA	NA	NA	NA	Negative	NA	NA	NA	NA	NA	3+4	NA	NA	NA	NA	NA	NA	NA	NA	NA	NA	NA	NA	NA	NA	NA	NA	NA	14	NA	NA	PRAD	NA	NA	NA	T2C	NA	NA	WGS	NA	NA	NA	6.89	NA	NA	NA	NA	NA	1	NA	NA	Male	NA	Matched	NA	NA	NA	0.466666666667	RadP	NA	NA	NA	Prostate	NA	NA	0.986660281
prad_cpcg_2017	CPCG0414-F1	CPCG0414-F1	43.85	NO	NA	Prostate Cancer	Prostate Adenocarcinoma	70	NA	NA	CPC-GENE	NA	NA	2690	NA	NA	NA	NA	NA	NA	NA	NA	NA	NA	NA	NA	NA	Negative	NA	NA	NA	NA	NA	4+3	NA	NA	NA	NA	NA	NA	NA	NA	NA	NA	NA	NA	NA	NA	NA	NA	NA	2	NA	NA	PRAD	NA	NA	NA	T2C	NA	NA	WGS	NA	NA	NA	5.4	NA	NA	NA	NA	NA	1	NA	NA	Male	NA	Matched	NA	NA	NA	0.1	RadP	NA	NA	NA	Prostate	NA	NA	0.987078312
prad_cpcg_2017	EOPC-01	EOPC-01	45.0	NA	NA	Prostate Cancer	Prostate Adenocarcinoma	NA	NA	NA	Weischenfeldt	NA	NA	NA	NA	NA	NA	NA	NA	NA	NA	NA	NA	NA	NA	NA	NA	NA	NO	NA	NA	NA	NA	3+4	NA	NA	NA	NA	NA	NA	NA	NA	NA	NA	NA	NA	NA	NA	NA	NA	NA	22	NA	NA	PRAD	NA	NA	PN0	PT3A	NA	NA	WGS	NA	NA	NA	30.0	NA	NA	NA	NA	NA	1	NA	NA	Male	NA	Unmatched	NA	NA	NA	0.733333333333	NA	NA	NA	NA	Prostate	NA	NA	NA
prad_cpcg_2017	EOPC-02	EOPC-02	51.0	NA	NA	Prostate Cancer	Prostate Adenocarcinoma	NA	NA	NA	Weischenfeldt	NA	NA	NA	NA	NA	NA	NA	NA	NA	NA	NA	NA	NA	NA	NA	NA	NA	NA	NA	NA	NA	NA	3+4	NA	NA	NA	NA	NA	NA	NA	NA	NA	NA	NA	NA	NA	NA	NA	NA	NA	4	NA	NA	PRAD	NA	NA	PN0	PT2C	NA	NA	WGS	NA	NA	NA	23.8	NA	NA	NA	NA	NA	1	NA	NA	Male	NA	Unmatched	NA	NA	NA	0.133333333333	NA	NA	NA	NA	Prostate	NA	NA	NA
prad_cpcg_2017	EOPC-04	EOPC-04	51.0	NA	NA	Prostate Cancer	Prostate Adenocarcinoma	NA	NA	NA	Weischenfeldt	NA	NA	NA	NA	NA	NA	NA	NA	NA	NA	NA	NA	NA	NA	NA	NA	NA	NO	NA	NA	NA	NA	4+3	NA	NA	NA	NA	NA	NA	NA	NA	NA	NA	NA	NA	NA	NA	NA	NA	NA	10	NA	NA	PRAD	NA	NA	PN1	PT3B	NA	NA	WGS	NA	NA	NA	72.0	NA	NA	NA	NA	NA	1	NA	NA	Male	NA	Unmatched	NA	NA	NA	0.333333333333	NA	NA	NA	NA	Prostate	NA	NA	NA
prad_cpcg_2017	EOPC-05	EOPC-05	50.0	NA	NA	Prostate Cancer	Prostate Adenocarcinoma	NA	NA	NA	Weischenfeldt	NA	NA	NA	NA	NA	NA	NA	NA	NA	NA	NA	NA	NA	NA	NA	NA	NA	NO	NA	NA	NA	NA	3+4	NA	NA	NA	NA	NA	NA	NA	NA	NA	NA	NA	NA	NA	NA	NA	NA	NA	6	NA	NA	PRAD	NA	NA	NX	PT3A	NA	NA	WGS	NA	NA	NA	5.0	NA	NA	NA	NA	NA	1	NA	NA	Male	NA	Unmatched	NA	NA	NA	0.2	NA	NA	NA	NA	Prostate	NA	NA	NA
prad_cpcg_2017	EOPC-06	EOPC-06	38.0	NA	NA	Prostate Cancer	Prostate Adenocarcinoma	NA	NA	NA	Weischenfeldt	NA	NA	NA	NA	NA	NA	NA	NA	NA	NA	NA	NA	NA	NA	NA	NA	NA	NA	NA	NA	NA	NA	3+4	NA	NA	NA	NA	NA	NA	NA	NA	NA	NA	NA	NA	NA	NA	NA	NA	NA	7	NA	NA	PRAD	NA	NA	PN1	PT3B	NA	NA	WGS	NA	NA	NA	18.2	NA	NA	NA	NA	NA	1	NA	NA	Male	NA	Unmatched	NA	NA	NA	0.233333333333	NA	NA	NA	NA	Prostate	NA	NA	NA
prad_cpcg_2017	EOPC-07	EOPC-07	49.0	NA	NA	Prostate Cancer	Prostate Adenocarcinoma	NA	NA	NA	Weischenfeldt	NA	NA	NA	NA	NA	NA	NA	NA	NA	NA	NA	NA	NA	NA	NA	NA	NA	YES	NA	NA	NA	NA	3+4	NA	NA	NA	NA	NA	NA	NA	NA	NA	NA	NA	NA	NA	NA	NA	NA	NA	2	NA	NA	PRAD	NA	NA	PN0	PT2C	NA	NA	WGS	NA	NA	NA	5.4	NA	NA	NA	NA	NA	1	NA	NA	Male	NA	Unmatched	NA	NA	NA	0.0666666666667	NA	NA	NA	NA	Prostate	NA	NA	NA
prad_cpcg_2017	EOPC-08	EOPC-08	44.0	NA	NA	Prostate Cancer	Prostate Adenocarcinoma	NA	NA	NA	Weischenfeldt	NA	NA	NA	NA	NA	NA	NA	NA	NA	NA	NA	NA	NA	NA	NA	NA	NA	YES	NA	NA	NA	NA	3+4	NA	NA	NA	NA	NA	NA	NA	NA	NA	NA	NA	NA	NA	NA	NA	NA	NA	3	NA	NA	PRAD	NA	NA	PN0	PT2C	NA	NA	WGS	NA	NA	NA	7.8	NA	NA	NA	NA	NA	1	NA	NA	Male	NA	Unmatched	NA	NA	NA	0.1	NA	NA	NA	NA	Prostate	NA	NA	NA
prad_cpcg_2017	EOPC-09	EOPC-09	48.0	NA	NA	Prostate Cancer	Prostate Adenocarcinoma	NA	NA	NA	Weischenfeldt	NA	NA	NA	NA	NA	NA	NA	NA	NA	NA	NA	NA	NA	NA	NA	NA	NA	NO	NA	NA	NA	NA	3+4	NA	NA	NA	NA	NA	NA	NA	NA	NA	NA	NA	NA	NA	NA	NA	NA	NA	3	NA	NA	PRAD	NA	NA	PN0	PT2C	NA	NA	WGS	NA	NA	NA	5.1	NA	NA	NA	NA	NA	1	NA	NA	Male	NA	Unmatched	NA	NA	NA	0.1	NA	NA	NA	NA	Prostate	NA	NA	NA
prad_cpcg_2017	EOPC-10	EOPC-10	46.0	NA	NA	Prostate Cancer	Prostate Adenocarcinoma	NA	NA	NA	Weischenfeldt	NA	NA	NA	NA	NA	NA	NA	NA	NA	NA	NA	NA	NA	NA	NA	NA	NA	NO	NA	NA	NA	NA	3+4	NA	NA	NA	NA	NA	NA	NA	NA	NA	NA	NA	NA	NA	NA	NA	NA	NA	5	NA	NA	PRAD	NA	NA	NX	PT2C	NA	NA	WGS	NA	NA	NA	6.0	NA	NA	NA	NA	NA	1	NA	NA	Male	NA	Unmatched	NA	NA	NA	0.166666666667	NA	NA	NA	NA	Prostate	NA	NA	NA
prad_cpcg_2017	EOPC-11	EOPC-11	48.0	NA	NA	Prostate Cancer	Prostate Adenocarcinoma	NA	NA	NA	Weischenfeldt	NA	NA	NA	NA	NA	NA	NA	NA	NA	NA	NA	NA	NA	NA	NA	NA	NA	YES	NA	NA	NA	NA	3+4	NA	NA	NA	NA	NA	NA	NA	NA	NA	NA	NA	NA	NA	NA	NA	NA	NA	3	NA	NA	PRAD	NA	NA	PN0	PT2C	NA	NA	WGS	NA	NA	NA	4.8	NA	NA	NA	NA	NA	1	NA	NA	Male	NA	Unmatched	NA	NA	NA	0.1	NA	NA	NA	NA	Prostate	NA	NA	NA
prad_cpcg_2017	P00-000450	P00-000450-Tumor	59.0	NA	NA	Prostate Cancer	Prostate Adenocarcinoma	NA	NA	T3A	Barbieri	NA	NA	NA	NA	NA	NA	NA	NA	NA	NA	NA	NA	NA	NA	NA	NA	NA	NA	NA	NA	NA	NA	4+3	NA	NA	NA	NA	NA	NA	NA	NA	NA	NA	NA	NA	NA	NA	NA	NA	NA	12	NA	NA	PRAD	NA	NA	NA	NA	NA	NA	WEX	NA	NA	NA	8.3	NA	NA	NA	NA	NA	1	NA	NA	Male	NA	Unmatched	NA	NA	NA	0.4	NA	NA	NA	NA	Prostate	NA	NA	NA
prad_cpcg_2017	P02-1562	P02-1562-Tumor	67.0	NA	NA	Prostate Cancer	Prostate Adenocarcinoma	NA	NA	T3B	Barbieri	NA	NA	NA	NA	NA	NA	NA	NA	NA	NA	NA	NA	NA	NA	NA	NA	NA	NA	NA	NA	NA	NA	4+3	NA	NA	NA	NA	NA	NA	NA	NA	NA	NA	NA	NA	NA	NA	NA	NA	NA	12	NA	NA	PRAD	NA	NA	NA	NA	NA	NA	WEX	NA	NA	NA	5.4	NA	NA	NA	NA	NA	1	NA	NA	Male	NA	Unmatched	NA	NA	NA	0.4	NA	NA	NA	NA	Prostate	NA	NA	NA
prad_cpcg_2017	P02-2035	P02-2035-Tumor	63.0	NA	NA	Prostate Cancer	Prostate Adenocarcinoma	NA	NA	T2C	Barbieri	NA	NA	NA	NA	NA	NA	NA	NA	NA	NA	NA	NA	NA	NA	NA	NA	NA	NA	NA	NA	NA	NA	3+4	NA	NA	NA	NA	NA	NA	NA	NA	NA	NA	NA	NA	NA	NA	NA	NA	NA	16	NA	NA	PRAD	NA	NA	NA	NA	NA	NA	WEX	NA	NA	NA	5.8	NA	NA	NA	NA	NA	1	NA	NA	Male	NA	Unmatched	NA	NA	NA	0.533333333333	NA	NA	NA	NA	Prostate	NA	NA	NA
prad_cpcg_2017	P03-1334	P03-1334-Tumor	69.0	NA	NA	Prostate Cancer	Prostate Adenocarcinoma	NA	NA	T3A	Barbieri	NA	NA	NA	NA	NA	NA	NA	NA	NA	NA	NA	NA	NA	NA	NA	NA	NA	NA	NA	NA	NA	NA	3+4	NA	NA	NA	NA	NA	NA	NA	NA	NA	NA	NA	NA	NA	NA	NA	NA	NA	15	NA	NA	PRAD	NA	NA	NA	NA	NA	NA	WEX	NA	NA	NA	5.6	NA	NA	NA	NA	NA	1	NA	NA	Male	NA	Unmatched	NA	NA	NA	0.533333333333	NA	NA	NA	NA	Prostate	NA	NA	NA
prad_cpcg_2017	P03-1426	P03-1426	69.0	NA	NA	Prostate Cancer	Prostate Adenocarcinoma	0.78	NA	NA	Baca	NA	NA	NA	NA	NA	NA	NA	NA	NA	NA	NA	NA	NA	NA	Translocation	NA	TMPRSS2-ERG	NA	NA	NA	NA	NA	4+3	60	NA	NA	NA	NA	NA	NA	NA	NA	NA	NA	NA	NA	NA	NA	NA	NA	11	NA	NA	PRAD	NA	NA	NA	PT2C	NA	NA	WGS	NA	NA	NA	13.9	0.78	NA	NA	NA	NA	1	NA	NA	Male	NA	Unmatched	NA	NA	NA	0.366666666667	NA	NA	NA	NA	Prostate	NA	NA	NA
prad_cpcg_2017	P03-1906	P03-1906-Tumor	75.0	NA	NA	Prostate Cancer	Prostate Adenocarcinoma	NA	NA	T3B	Barbieri	NA	NA	NA	NA	NA	NA	NA	NA	NA	NA	NA	NA	NA	NA	NA	NA	NA	NA	NA	NA	NA	NA	3+4	NA	NA	NA	NA	NA	NA	NA	NA	NA	NA	NA	NA	NA	NA	NA	NA	NA	6	NA	NA	PRAD	NA	NA	NA	NA	NA	NA	WEX	NA	NA	NA	12.2	NA	NA	NA	NA	NA	1	NA	NA	Male	NA	Unmatched	NA	NA	NA	0.2	NA	NA	NA	NA	Prostate	NA	NA	NA
prad_cpcg_2017	P03-2345	P03-2345	56.0	NA	NA	Prostate Cancer	Prostate Adenocarcinoma	0.56	NA	NA	Baca	NA	NA	NA	NA	NA	NA	NA	NA	NA	NA	NA	NA	NA	NA	Translocation with deletion	NA	TMPRSS2-ERG	NA	NA	NA	NA	NA	3+4	10	NA	NA	NA	NA	NA	NA	NA	NA	NA	NA	NA	NA	NA	NA	NA	NA	13	NA	NA	PRAD	NA	NA	NA	PT2C	NA	NA	WGS	NA	NA	NA	7.0	0.55	NA	NA	NA	NA	1	NA	NA	Male	NA	Unmatched	NA	NA	NA	0.433333333333	NA	NA	NA	NA	Prostate	NA	NA	NA
prad_cpcg_2017	P03-2620	P03-2620-Tumor	68.0	NA	NA	Prostate Cancer	Prostate Adenocarcinoma	NA	NA	T3A	Barbieri	NA	NA	NA	NA	NA	NA	NA	NA	NA	NA	NA	NA	NA	NA	NA	NA	NA	NA	NA	NA	NA	NA	3+4	NA	NA	NA	NA	NA	NA	NA	NA	NA	NA	NA	NA	NA	NA	NA	NA	NA	5	NA	NA	PRAD	NA	NA	NA	NA	NA	NA	WEX	NA	NA	NA	12.5	NA	NA	NA	NA	NA	1	NA	NA	Male	NA	Unmatched	NA	NA	NA	0.166666666667	NA	NA	NA	NA	Prostate	NA	NA	NA
prad_cpcg_2017	P03-3391	P03-3391-Tumor	62.0	NA	NA	Prostate Cancer	Prostate Adenocarcinoma	NA	NA	T3B	Barbieri	NA	NA	NA	NA	NA	NA	NA	NA	NA	NA	NA	NA	NA	NA	NA	NA	NA	NA	NA	NA	NA	NA	3+3	NA	NA	NA	NA	NA	NA	NA	NA	NA	NA	NA	NA	NA	NA	NA	NA	NA	1	NA	NA	PRAD	NA	NA	NA	NA	NA	NA	WEX	NA	NA	NA	18.6	NA	NA	NA	NA	NA	1	NA	NA	Male	NA	Unmatched	NA	NA	NA	0.0333333333333	NA	NA	NA	NA	Prostate	NA	NA	NA
prad_cpcg_2017	P03-871	P03-871-Tumor	59.0	NA	NA	Prostate Cancer	Prostate Adenocarcinoma	NA	NA	T2C	Barbieri	NA	NA	NA	NA	NA	NA	NA	NA	NA	NA	NA	NA	NA	NA	NA	NA	NA	NA	NA	NA	NA	NA	4+3	NA	NA	NA	NA	NA	NA	NA	NA	NA	NA	NA	NA	NA	NA	NA	NA	NA	9	NA	NA	PRAD	NA	NA	NA	NA	NA	NA	WEX	NA	NA	NA	6.5	NA	NA	NA	NA	NA	1	NA	NA	Male	NA	Unmatched	NA	NA	NA	0.3	NA	NA	NA	NA	Prostate	NA	NA	NA
prad_cpcg_2017	P04-1084	P04-1084	65.0	NA	NA	Prostate Cancer	Prostate Adenocarcinoma	0.75	NA	NA	Baca	NA	NA	NA	NA	NA	NA	NA	NA	NA	NA	NA	NA	NA	NA	NA	NA	TMPRSS2-ERG	NA	NA	NA	NA	NA	3+4	40	NA	NA	NA	NA	NA	NA	NA	NA	NA	NA	NA	NA	NA	NA	NA	NA	17	NA	NA	PRAD	NA	NA	NA	PT3A	NA	NA	WGS	NA	NA	NA	22.0	0.74	NA	NA	NA	NA	1	NA	NA	Male	NA	Unmatched	NA	NA	NA	0.566666666667	NA	NA	NA	NA	Prostate	NA	NA	NA
prad_cpcg_2017	P04-1421	P04-1421-Tumor	54.0	NA	NA	Prostate Cancer	Prostate Adenocarcinoma	NA	NA	T2A	Barbieri	NA	NA	NA	NA	NA	NA	NA	NA	NA	NA	NA	NA	NA	NA	NA	NA	NA	NA	NA	NA	NA	NA	3+4	NA	NA	NA	NA	NA	NA	NA	NA	NA	NA	NA	NA	NA	NA	NA	NA	NA	10	NA	NA	PRAD	NA	NA	NA	NA	NA	NA	WEX	NA	NA	NA	8.4	NA	NA	NA	NA	NA	1	NA	NA	Male	NA	Unmatched	NA	NA	NA	0.333333333333	NA	NA	NA	NA	Prostate	NA	NA	NA
prad_cpcg_2017	P04-1790	P04-1790-Tumor	56.0	NA	NA	Prostate Cancer	Prostate Adenocarcinoma	NA	NA	T3A	Barbieri	NA	NA	NA	NA	NA	NA	NA	NA	NA	NA	NA	NA	NA	NA	NA	NA	NA	NA	NA	NA	NA	NA	4+3	NA	NA	NA	NA	NA	NA	NA	NA	NA	NA	NA	NA	NA	NA	NA	NA	NA	11	NA	NA	PRAD	NA	NA	NA	NA	NA	NA	WEX	NA	NA	NA	9.0	NA	NA	NA	NA	NA	1	NA	NA	Male	NA	Unmatched	NA	NA	NA	0.366666666667	NA	NA	NA	NA	Prostate	NA	NA	NA
prad_cpcg_2017	P04-2599	P04-2599-Tumor	68.0	NA	NA	Prostate Cancer	Prostate Adenocarcinoma	NA	NA	T2C	Barbieri	NA	NA	NA	NA	NA	NA	NA	NA	NA	NA	NA	NA	NA	NA	NA	NA	NA	NA	NA	NA	NA	NA	4+3	NA	NA	NA	NA	NA	NA	NA	NA	NA	NA	NA	NA	NA	NA	NA	NA	NA	16	NA	NA	PRAD	NA	NA	NA	NA	NA	NA	WEX	NA	NA	NA	6.9	NA	NA	NA	NA	NA	1	NA	NA	Male	NA	Unmatched	NA	NA	NA	0.533333333333	NA	NA	NA	NA	Prostate	NA	NA	NA
prad_cpcg_2017	P04-2641	P04-2641-Tumor	56.0	NA	NA	Prostate Cancer	Prostate Adenocarcinoma	NA	NA	T3A	Barbieri	NA	NA	NA	NA	NA	NA	NA	NA	NA	NA	NA	NA	NA	NA	NA	NA	NA	NA	NA	NA	NA	NA	3+4	NA	NA	NA	NA	NA	NA	NA	NA	NA	NA	NA	NA	NA	NA	NA	NA	NA	3	NA	NA	PRAD	NA	NA	NA	NA	NA	NA	WEX	NA	NA	NA	6.0	NA	NA	NA	NA	NA	1	NA	NA	Male	NA	Unmatched	NA	NA	NA	0.1	NA	NA	NA	NA	Prostate	NA	NA	NA
prad_cpcg_2017	P04-2740	P04-2740-Tumor	71.0	NA	NA	Prostate Cancer	Prostate Adenocarcinoma	NA	NA	T3A	Barbieri	NA	NA	NA	NA	NA	NA	NA	NA	NA	NA	NA	NA	NA	NA	NA	NA	NA	NA	NA	NA	NA	NA	4+3	NA	NA	NA	NA	NA	NA	NA	NA	NA	NA	NA	NA	NA	NA	NA	NA	NA	11	NA	NA	PRAD	NA	NA	NA	NA	NA	NA	WEX	NA	NA	NA	11.0	NA	NA	NA	NA	NA	1	NA	NA	Male	NA	Unmatched	NA	NA	NA	0.4	NA	NA	NA	NA	Prostate	NA	NA	NA
prad_cpcg_2017	P04-47	P04-47-Tumor	55.0	NA	NA	Prostate Cancer	Prostate Adenocarcinoma	NA	NA	T2B	Barbieri	NA	NA	NA	NA	NA	NA	NA	NA	NA	NA	NA	NA	NA	NA	NA	NA	NA	NA	NA	NA	NA	NA	4+3	NA	NA	NA	NA	NA	NA	NA	NA	NA	NA	NA	NA	NA	NA	NA	NA	NA	7	NA	NA	PRAD	NA	NA	NA	NA	NA	NA	WEX	NA	NA	NA	14.6	NA	NA	NA	NA	NA	1	NA	NA	Male	NA	Unmatched	NA	NA	NA	0.233333333333	NA	NA	NA	NA	Prostate	NA	NA	NA
prad_cpcg_2017	P04-594	P04-594-Tumor	66.0	NA	NA	Prostate Cancer	Prostate Adenocarcinoma	NA	NA	T3A	Barbieri	NA	NA	NA	NA	NA	NA	NA	NA	NA	NA	NA	NA	NA	NA	NA	NA	NA	NA	NA	NA	NA	NA	3+4	NA	NA	NA	NA	NA	NA	NA	NA	NA	NA	NA	NA	NA	NA	NA	NA	NA	13	NA	NA	PRAD	NA	NA	NA	NA	NA	NA	WEX	NA	NA	NA	8.5	NA	NA	NA	NA	NA	1	NA	NA	Male	NA	Unmatched	NA	NA	NA	0.433333333333	NA	NA	NA	NA	Prostate	NA	NA	NA
prad_cpcg_2017	P05-1657	P05-1657	47.0	NA	NA	Prostate Cancer	Prostate Adenocarcinoma	0.6	NA	NA	Baca	NA	NA	NA	NA	NA	NA	NA	NA	NA	NA	NA	NA	NA	NA	Translocation with deletion	NA	TMPRSS2-ERG	NA	NA	NA	NA	NA	3+4	10	NA	NA	NA	NA	NA	NA	NA	NA	NA	NA	NA	NA	NA	NA	NA	NA	6	NA	NA	PRAD	NA	NA	NA	PT2B	NA	NA	WGS	NA	NA	NA	9.3	0.61	NA	NA	NA	NA	1	NA	NA	Male	NA	Unmatched	NA	NA	NA	0.2	NA	NA	NA	NA	Prostate	NA	NA	NA
prad_cpcg_2017	P05-2212	P05-2212-Tumor	66.0	NA	NA	Prostate Cancer	Prostate Adenocarcinoma	NA	NA	T3A	Barbieri	NA	NA	NA	NA	NA	NA	NA	NA	NA	NA	NA	NA	NA	NA	NA	NA	NA	NA	NA	NA	NA	NA	3+4	NA	NA	NA	NA	NA	NA	NA	NA	NA	NA	NA	NA	NA	NA	NA	NA	NA	15	NA	NA	PRAD	NA	NA	NA	NA	NA	NA	WEX	NA	NA	NA	9.3	NA	NA	NA	NA	NA	1	NA	NA	Male	NA	Unmatched	NA	NA	NA	0.5	NA	NA	NA	NA	Prostate	NA	NA	NA
prad_cpcg_2017	P05-2594	P05-2594-Tumor	60.0	NA	NA	Prostate Cancer	Prostate Adenocarcinoma	NA	NA	T3B	Barbieri	NA	NA	NA	NA	NA	NA	NA	NA	NA	NA	NA	NA	NA	NA	NA	NA	NA	NA	NA	NA	NA	NA	3+4	NA	NA	NA	NA	NA	NA	NA	NA	NA	NA	NA	NA	NA	NA	NA	NA	NA	2	NA	NA	PRAD	NA	NA	NA	NA	NA	NA	WEX	NA	NA	NA	13.5	NA	NA	NA	NA	NA	1	NA	NA	Male	NA	Unmatched	NA	NA	NA	0.0666666666667	NA	NA	NA	NA	Prostate	NA	NA	NA
prad_cpcg_2017	P05-3436	P05-3436-Tumor	62.0	NA	NA	Prostate Cancer	Prostate Adenocarcinoma	NA	NA	T2C	Barbieri	NA	NA	NA	NA	NA	NA	NA	NA	NA	NA	NA	NA	NA	NA	NA	NA	NA	NA	NA	NA	NA	NA	4+3	NA	NA	NA	NA	NA	NA	NA	NA	NA	NA	NA	NA	NA	NA	NA	NA	NA	12	NA	NA	PRAD	NA	NA	NA	NA	NA	NA	WEX	NA	NA	NA	5.3	NA	NA	NA	NA	NA	1	NA	NA	Male	NA	Unmatched	NA	NA	NA	0.4	NA	NA	NA	NA	Prostate	NA	NA	NA
prad_cpcg_2017	P05-3829	P05-3829-Tumor	59.0	NA	NA	Prostate Cancer	Prostate Adenocarcinoma	NA	NA	T2C	Barbieri	NA	NA	NA	NA	NA	NA	NA	NA	NA	NA	NA	NA	NA	NA	NA	NA	NA	NA	NA	NA	NA	NA	3+3	NA	NA	NA	NA	NA	NA	NA	NA	NA	NA	NA	NA	NA	NA	NA	NA	NA	NA	NA	NA	PRAD	NA	NA	NA	NA	NA	NA	WEX	NA	NA	NA	10.8	NA	NA	NA	NA	NA	1	NA	NA	Male	NA	Unmatched	NA	NA	NA	0	NA	NA	NA	NA	Prostate	NA	NA	NA
prad_cpcg_2017	P05-3852	P05-3852	62.0	NA	NA	Prostate Cancer	Prostate Adenocarcinoma	0.71	NA	NA	Baca	NA	NA	NA	NA	NA	NA	NA	NA	NA	NA	NA	NA	NA	NA	NA	NA	TMPRSS2-ERG	NA	NA	NA	NA	NA	4+3;5	60	NA	NA	NA	NA	NA	NA	NA	NA	NA	NA	NA	NA	NA	NA	NA	NA	15	NA	NA	PRAD	NA	NA	NA	PT3A	NA	NA	WGS	NA	NA	NA	12.5	0.75	NA	NA	NA	NA	1	NA	NA	Male	NA	Unmatched	NA	NA	NA	0.5	NA	NA	NA	NA	Prostate	NA	NA	NA
prad_cpcg_2017	P05-3859	P05-3859-Tumor	68.0	NA	NA	Prostate Cancer	Prostate Adenocarcinoma	NA	NA	T3A	Barbieri	NA	NA	NA	NA	NA	NA	NA	NA	NA	NA	NA	NA	NA	NA	NA	NA	NA	NA	NA	NA	NA	NA	4+3	NA	NA	NA	NA	NA	NA	NA	NA	NA	NA	NA	NA	NA	NA	NA	NA	NA	13	NA	NA	PRAD	NA	NA	NA	NA	NA	NA	WEX	NA	NA	NA	8.2	NA	NA	NA	NA	NA	1	NA	NA	Male	NA	Unmatched	NA	NA	NA	0.433333333333	NA	NA	NA	NA	Prostate	NA	NA	NA
prad_cpcg_2017	P05-620	P05-620	59.0	NA	NA	Prostate Cancer	Prostate Adenocarcinoma	0.82	NA	NA	Baca	NA	NA	NA	NA	NA	NA	NA	NA	NA	NA	NA	NA	NA	NA	NA	NA	NA	NA	NA	NA	NA	NA	4+3	90	NA	NA	NA	NA	NA	NA	NA	NA	NA	NA	NA	NA	NA	NA	NA	NA	25	NA	NA	PRAD	NA	NA	NA	PT3A	NA	NA	WGS	NA	NA	NA	5.8	0.81	NA	NA	NA	NA	1	NA	NA	Male	NA	Unmatched	NA	NA	NA	0.866666666667	NA	NA	NA	NA	Prostate	NA	NA	NA
prad_cpcg_2017	P06-1125	P06-1125-Tumor	66.0	NA	NA	Prostate Cancer	Prostate Adenocarcinoma	NA	NA	T3A	Barbieri	NA	NA	NA	NA	NA	NA	NA	NA	NA	NA	NA	NA	NA	NA	NA	NA	NA	NA	NA	NA	NA	NA	3+4	NA	NA	NA	NA	NA	NA	NA	NA	NA	NA	NA	NA	NA	NA	NA	NA	NA	10	NA	NA	PRAD	NA	NA	NA	NA	NA	NA	WEX	NA	NA	NA	5.6	NA	NA	NA	NA	NA	1	NA	NA	Male	NA	Unmatched	NA	NA	NA	0.333333333333	NA	NA	NA	NA	Prostate	NA	NA	NA
prad_cpcg_2017	P06-1696	P06-1696-Tumor	64.0	NA	NA	Prostate Cancer	Prostate Adenocarcinoma	NA	NA	T3A	Barbieri	NA	NA	NA	NA	NA	NA	NA	NA	NA	NA	NA	NA	NA	NA	NA	NA	NA	NA	NA	NA	NA	NA	4+3	NA	NA	NA	NA	NA	NA	NA	NA	NA	NA	NA	NA	NA	NA	NA	NA	NA	NA	NA	NA	PRAD	NA	NA	NA	NA	NA	NA	WEX	NA	NA	NA	4.6	NA	NA	NA	NA	NA	1	NA	NA	Male	NA	Unmatched	NA	NA	NA	0	NA	NA	NA	NA	Prostate	NA	NA	NA
prad_cpcg_2017	P06-2325	P06-2325-Tumor	62.0	NA	NA	Prostate Cancer	Prostate Adenocarcinoma	NA	NA	T2C	Barbieri	NA	NA	NA	NA	NA	NA	NA	NA	NA	NA	NA	NA	NA	NA	NA	NA	NA	NA	NA	NA	NA	NA	4+3	NA	NA	NA	NA	NA	NA	NA	NA	NA	NA	NA	NA	NA	NA	NA	NA	NA	1	NA	NA	PRAD	NA	NA	NA	NA	NA	NA	WEX	NA	NA	NA	6.8	NA	NA	NA	NA	NA	1	NA	NA	Male	NA	Unmatched	NA	NA	NA	0.0333333333333	NA	NA	NA	NA	Prostate	NA	NA	NA
prad_cpcg_2017	P06-3676	P06-3676-Tumor	59.0	NA	NA	Prostate Cancer	Prostate Adenocarcinoma	NA	NA	T3A	Barbieri	NA	NA	NA	NA	NA	NA	NA	NA	NA	NA	NA	NA	NA	NA	NA	NA	NA	NA	NA	NA	NA	NA	3+4	NA	NA	NA	NA	NA	NA	NA	NA	NA	NA	NA	NA	NA	NA	NA	NA	NA	NA	NA	NA	PRAD	NA	NA	NA	NA	NA	NA	WEX	NA	NA	NA	4.8	NA	NA	NA	NA	NA	1	NA	NA	Male	NA	Unmatched	NA	NA	NA	0	NA	NA	NA	NA	Prostate	NA	NA	NA
prad_cpcg_2017	P06-4428	P06-4428-Tumor	47.0	NA	NA	Prostate Cancer	Prostate Adenocarcinoma	NA	NA	T3A	Barbieri	NA	NA	NA	NA	NA	NA	NA	NA	NA	NA	NA	NA	NA	NA	NA	NA	NA	NA	NA	NA	NA	NA	3+4	NA	NA	NA	NA	NA	NA	NA	NA	NA	NA	NA	NA	NA	NA	NA	NA	NA	14	NA	NA	PRAD	NA	NA	NA	NA	NA	NA	WEX	NA	NA	NA	31.5	NA	NA	NA	NA	NA	1	NA	NA	Male	NA	Unmatched	NA	NA	NA	0.466666666667	NA	NA	NA	NA	Prostate	NA	NA	NA
prad_cpcg_2017	P07-144	P07-144	65.0	NA	NA	Prostate Cancer	Prostate Adenocarcinoma	0.68	NA	NA	Baca	NA	NA	NA	NA	NA	NA	NA	NA	NA	NA	NA	NA	NA	NA	NA	NA	NA	NA	NA	NA	NA	NA	3+4	30	NA	NA	NA	NA	NA	NA	NA	NA	NA	NA	NA	NA	NA	NA	NA	NA	15	NA	NA	PRAD	NA	NA	NA	PT3A	NA	NA	WGS	NA	NA	NA	2.7	0.7	NA	NA	NA	NA	1	NA	NA	Male	NA	Unmatched	NA	NA	NA	0.5	NA	NA	NA	NA	Prostate	NA	NA	NA
prad_cpcg_2017	P07-4941	P07-4941	57.0	NA	NA	Prostate Cancer	Prostate Adenocarcinoma	0.49	NA	NA	Baca	NA	NA	NA	NA	NA	NA	NA	NA	NA	NA	NA	NA	NA	NA	Translocation	NA	TMPRSS2-ERG	NA	NA	NA	NA	NA	3+3	0	NA	NA	NA	NA	NA	NA	NA	NA	NA	NA	NA	NA	NA	NA	NA	NA	14	NA	NA	PRAD	NA	NA	NA	PT2C	NA	NA	WGS	NA	NA	NA	4.1	0.48	NA	NA	NA	NA	1	NA	NA	Male	NA	Unmatched	NA	NA	NA	0.466666666667	NA	NA	NA	NA	Prostate	NA	NA	NA
prad_cpcg_2017	P07-5021	P07-5021	58.0	NA	NA	Prostate Cancer	Prostate Adenocarcinoma	0.71	NA	NA	Baca	NA	NA	NA	NA	NA	NA	NA	NA	NA	NA	NA	NA	NA	NA	NA	NA	NA	NA	NA	NA	NA	NA	3+3	0	NA	NA	NA	NA	NA	NA	NA	NA	NA	NA	NA	NA	NA	NA	NA	NA	7	NA	NA	PRAD	NA	NA	NA	PT2C	NA	NA	WGS	NA	NA	NA	6.4	0.71	NA	NA	NA	NA	1	NA	NA	Male	NA	Unmatched	NA	NA	NA	0.233333333333	NA	NA	NA	NA	Prostate	NA	NA	NA
prad_cpcg_2017	P07-5036	P07-5036-Tumor	52.0	NA	NA	Prostate Cancer	Prostate Adenocarcinoma	NA	NA	T3A	Barbieri	NA	NA	NA	NA	NA	NA	NA	NA	NA	NA	NA	NA	NA	NA	NA	NA	NA	NA	NA	NA	NA	NA	3+4	NA	NA	NA	NA	NA	NA	NA	NA	NA	NA	NA	NA	NA	NA	NA	NA	NA	3	NA	NA	PRAD	NA	NA	NA	NA	NA	NA	WEX	NA	NA	NA	5.2	NA	NA	NA	NA	NA	1	NA	NA	Male	NA	Unmatched	NA	NA	NA	0.1	NA	NA	NA	NA	Prostate	NA	NA	NA
prad_cpcg_2017	P07-5037	P07-5037	68.0	NA	NA	Prostate Cancer	Prostate Adenocarcinoma	0.5	NA	NA	Baca	NA	NA	NA	NA	NA	NA	NA	NA	NA	NA	NA	NA	NA	NA	Translocation	NA	TMPRSS2-ERG	NA	NA	NA	NA	NA	4+3	70	NA	NA	NA	NA	NA	NA	NA	NA	NA	NA	NA	NA	NA	NA	NA	NA	11	NA	NA	PRAD	NA	NA	NA	PT3A	NA	NA	WGS	NA	NA	NA	11.0	not determined	NA	NA	NA	NA	1	NA	NA	Male	NA	Unmatched	NA	NA	NA	0.366666666667	NA	NA	NA	NA	Prostate	NA	NA	NA
prad_cpcg_2017	P07-5318	P07-5318	70.0	NA	NA	Prostate Cancer	Prostate Adenocarcinoma	0.55	NA	NA	Baca	NA	NA	NA	NA	NA	NA	NA	NA	NA	NA	NA	NA	NA	NA	NA	NA	NA	NA	NA	NA	NA	NA	3+4	10	NA	NA	NA	NA	NA	NA	NA	NA	NA	NA	NA	NA	NA	NA	NA	NA	20	NA	NA	PRAD	NA	NA	NA	PT3A	NA	NA	WGS	NA	NA	NA	6.6	0.56	NA	NA	NA	NA	1	NA	NA	Male	NA	Unmatched	NA	NA	NA	0.666666666667	NA	NA	NA	NA	Prostate	NA	NA	NA
prad_cpcg_2017	P07-684	P07-684-Tumor	58.0	NA	NA	Prostate Cancer	Prostate Adenocarcinoma	NA	NA	T3B	Barbieri	NA	NA	NA	NA	NA	NA	NA	NA	NA	NA	NA	NA	NA	NA	NA	NA	NA	NA	NA	NA	NA	NA	4+3	NA	NA	NA	NA	NA	NA	NA	NA	NA	NA	NA	NA	NA	NA	NA	NA	NA	16	NA	NA	PRAD	NA	NA	NA	NA	NA	NA	WEX	NA	NA	NA	9.4	NA	NA	NA	NA	NA	1	NA	NA	Male	NA	Unmatched	NA	NA	NA	0.533333333333	NA	NA	NA	NA	Prostate	NA	NA	NA
prad_cpcg_2017	P07-718	P07-718-Tumor	57.0	NA	NA	Prostate Cancer	Prostate Adenocarcinoma	NA	NA	T2C	Barbieri	NA	NA	NA	NA	NA	NA	NA	NA	NA	NA	NA	NA	NA	NA	NA	NA	NA	NA	NA	NA	NA	NA	3+4	NA	NA	NA	NA	NA	NA	NA	NA	NA	NA	NA	NA	NA	NA	NA	NA	NA	NA	NA	NA	PRAD	NA	NA	NA	NA	NA	NA	WEX	NA	NA	NA	6.4	NA	NA	NA	NA	NA	1	NA	NA	Male	NA	Unmatched	NA	NA	NA	0	NA	NA	NA	NA	Prostate	NA	NA	NA
prad_cpcg_2017	P07-837	P07-837	69.0	NA	NA	Prostate Cancer	Prostate Adenocarcinoma	0.59	NA	NA	Baca	NA	NA	NA	NA	NA	NA	NA	NA	NA	NA	NA	NA	NA	NA	NA	NA	NA	NA	NA	NA	NA	NA	4+3	80	NA	NA	NA	NA	NA	NA	NA	NA	NA	NA	NA	NA	NA	NA	NA	NA	13	NA	NA	PRAD	NA	NA	NA	PT3A	NA	NA	WGS	NA	NA	NA	7.8	not determined	NA	NA	NA	NA	1	NA	NA	Male	NA	Unmatched	NA	NA	NA	0.433333333333	NA	NA	NA	NA	Prostate	NA	NA	NA
prad_cpcg_2017	P08-1042	P08-1042	66.0	NA	NA	Prostate Cancer	Prostate Adenocarcinoma	0.6	NA	NA	Baca	NA	NA	NA	NA	NA	NA	NA	NA	NA	NA	NA	NA	NA	NA	Translocation with deletion	NA	TMPRSS2-ERG	NA	NA	NA	NA	NA	3+4	10	NA	NA	NA	NA	NA	NA	NA	NA	NA	NA	NA	NA	NA	NA	NA	NA	11	NA	NA	PRAD	NA	NA	NA	PT3A	NA	NA	WGS	NA	NA	NA	8.4	0.57	NA	NA	NA	NA	1	NA	NA	Male	NA	Unmatched	NA	NA	NA	0.366666666667	NA	NA	NA	NA	Prostate	NA	NA	NA
prad_cpcg_2017	P08-1541	P08-1541	68.0	NA	NA	Prostate Cancer	Prostate Adenocarcinoma	0.52	NA	NA	Baca	NA	NA	NA	NA	NA	NA	NA	NA	NA	NA	NA	NA	NA	NA	NA	NA	NA	NA	NA	NA	NA	NA	4+3	80	NA	NA	NA	NA	NA	NA	NA	NA	NA	NA	NA	NA	NA	NA	NA	NA	8	NA	NA	PRAD	NA	NA	NA	PT2C	NA	NA	WGS	NA	NA	NA	22.0	0.52	NA	NA	NA	NA	1	NA	NA	Male	NA	Unmatched	NA	NA	NA	0.266666666667	NA	NA	NA	NA	Prostate	NA	NA	NA
prad_cpcg_2017	P08-217	P08-217	59.0	NA	NA	Prostate Cancer	Prostate Adenocarcinoma	0.81	NA	NA	Baca	NA	NA	NA	NA	NA	NA	NA	NA	NA	NA	NA	NA	NA	NA	NA	NA	NA	NA	NA	NA	NA	NA	3+4	2	NA	NA	NA	NA	NA	NA	NA	NA	NA	NA	NA	NA	NA	NA	NA	NA	8	NA	NA	PRAD	NA	NA	NA	PT3A	NA	NA	WGS	NA	NA	NA	18.1	0.8	NA	NA	NA	NA	1	NA	NA	Male	NA	Unmatched	NA	NA	NA	0.266666666667	NA	NA	NA	NA	Prostate	NA	NA	NA
prad_cpcg_2017	P08-492	P08-492	56.0	NA	NA	Prostate Cancer	Prostate Adenocarcinoma	0.77	NA	NA	Baca	NA	NA	NA	NA	NA	NA	NA	NA	NA	NA	NA	NA	NA	NA	Translocation	NA	TMPRSS2-ERG	NA	NA	NA	NA	NA	3+4	40	NA	NA	NA	NA	NA	NA	NA	NA	NA	NA	NA	NA	NA	NA	NA	NA	9	NA	NA	PRAD	NA	NA	NA	PT2C	NA	NA	WGS	NA	NA	NA	11.4	not determined	NA	NA	NA	NA	1	NA	NA	Male	NA	Unmatched	NA	NA	NA	0.3	NA	NA	NA	NA	Prostate	NA	NA	NA
prad_cpcg_2017	P08-501	P08-501	63.0	NA	NA	Prostate Cancer	Prostate Adenocarcinoma	0.73	NA	NA	Baca	NA	NA	NA	NA	NA	NA	NA	NA	NA	NA	NA	NA	NA	NA	Translocation with deletion	NA	TMPRSS2-ERG	NA	NA	NA	NA	NA	3+3	0	NA	NA	NA	NA	NA	NA	NA	NA	NA	NA	NA	NA	NA	NA	NA	NA	11	NA	NA	PRAD	NA	NA	NA	PT2C	NA	NA	WGS	NA	NA	NA	7.1	0.72	NA	NA	NA	NA	1	NA	NA	Male	NA	Unmatched	NA	NA	NA	0.366666666667	NA	NA	NA	NA	Prostate	NA	NA	NA
prad_cpcg_2017	P08-5852	P08-5852	51.0	NA	NA	Prostate Cancer	Prostate Adenocarcinoma	0.47	NA	NA	Baca	NA	NA	NA	NA	NA	NA	NA	NA	NA	NA	NA	NA	NA	NA	NA	NA	NA	NA	NA	NA	NA	NA	3+3	0	NA	NA	NA	NA	NA	NA	NA	NA	NA	NA	NA	NA	NA	NA	NA	NA	9	NA	NA	PRAD	NA	NA	NA	PT2C	NA	NA	WGS	NA	NA	NA	12.6	not determined	NA	NA	NA	NA	1	NA	NA	Male	NA	Unmatched	NA	NA	NA	0.3	NA	NA	NA	NA	Prostate	NA	NA	NA
prad_cpcg_2017	P08-590	P08-590-Tumor	65.0	NA	NA	Prostate Cancer	Prostate Adenocarcinoma	NA	NA	T2C	Barbieri	NA	NA	NA	NA	NA	NA	NA	NA	NA	NA	NA	NA	NA	NA	NA	NA	NA	NA	NA	NA	NA	NA	3+4	NA	NA	NA	NA	NA	NA	NA	NA	NA	NA	NA	NA	NA	NA	NA	NA	NA	1	NA	NA	PRAD	NA	NA	NA	NA	NA	NA	WEX	NA	NA	NA	9.2	NA	NA	NA	NA	NA	1	NA	NA	Male	NA	Unmatched	NA	NA	NA	0.0333333333333	NA	NA	NA	NA	Prostate	NA	NA	NA
prad_cpcg_2017	P08-716	P08-716	59.0	NA	NA	Prostate Cancer	Prostate Adenocarcinoma	0.66	NA	NA	Baca	NA	NA	NA	NA	NA	NA	NA	NA	NA	NA	NA	NA	NA	NA	NA	NA	NA	NA	NA	NA	NA	NA	3+4;5	40	NA	NA	NA	NA	NA	NA	NA	NA	NA	NA	NA	NA	NA	NA	NA	NA	17	NA	NA	PRAD	NA	NA	NA	PT3A	NA	NA	WGS	NA	NA	NA	4.1	not determined	NA	NA	NA	NA	1	NA	NA	Male	NA	Unmatched	NA	NA	NA	0.566666666667	NA	NA	NA	NA	Prostate	NA	NA	NA
prad_cpcg_2017	P09-120	P09-120-Tumor	61.0	NA	NA	Prostate Cancer	Prostate Adenocarcinoma	NA	NA	T2C	Barbieri	NA	NA	NA	NA	NA	NA	NA	NA	NA	NA	NA	NA	NA	NA	NA	NA	NA	NA	NA	NA	NA	NA	3+4	NA	NA	NA	NA	NA	NA	NA	NA	NA	NA	NA	NA	NA	NA	NA	NA	NA	2	NA	NA	PRAD	NA	NA	NA	NA	NA	NA	WEX	NA	NA	NA	6.0	NA	NA	NA	NA	NA	1	NA	NA	Male	NA	Unmatched	NA	NA	NA	0.0666666666667	NA	NA	NA	NA	Prostate	NA	NA	NA
prad_cpcg_2017	P09-1372	P09-1372-Tumor	73.0	NA	NA	Prostate Cancer	Prostate Adenocarcinoma	NA	NA	T3A	Barbieri	NA	NA	NA	NA	NA	NA	NA	NA	NA	NA	NA	NA	NA	NA	NA	NA	NA	NA	NA	NA	NA	NA	3+4	NA	NA	NA	NA	NA	NA	NA	NA	NA	NA	NA	NA	NA	NA	NA	NA	NA	3	NA	NA	PRAD	NA	NA	NA	NA	NA	NA	WEX	NA	NA	NA	6.2	NA	NA	NA	NA	NA	1	NA	NA	Male	NA	Unmatched	NA	NA	NA	0.1	NA	NA	NA	NA	Prostate	NA	NA	NA
prad_cpcg_2017	P09-1580	P09-1580-Tumor	62.0	NA	NA	Prostate Cancer	Prostate Adenocarcinoma	NA	NA	T3A	Barbieri	NA	NA	NA	NA	NA	NA	NA	NA	NA	NA	NA	NA	NA	NA	NA	NA	NA	NA	NA	NA	NA	NA	3+4	NA	NA	NA	NA	NA	NA	NA	NA	NA	NA	NA	NA	NA	NA	NA	NA	NA	10	NA	NA	PRAD	NA	NA	NA	NA	NA	NA	WEX	NA	NA	NA	5.2	NA	NA	NA	NA	NA	1	NA	NA	Male	NA	Unmatched	NA	NA	NA	0.333333333333	NA	NA	NA	NA	Prostate	NA	NA	NA
prad_cpcg_2017	P09-2497	P09-2497-Tumor	62.0	NA	NA	Prostate Cancer	Prostate Adenocarcinoma	NA	NA	T3A	Barbieri	NA	NA	NA	NA	NA	NA	NA	NA	NA	NA	NA	NA	NA	NA	NA	NA	NA	NA	NA	NA	NA	NA	3+3	NA	NA	NA	NA	NA	NA	NA	NA	NA	NA	NA	NA	NA	NA	NA	NA	NA	3	NA	NA	PRAD	NA	NA	NA	NA	NA	NA	WEX	NA	NA	NA	8.0	NA	NA	NA	NA	NA	1	NA	NA	Male	NA	Unmatched	NA	NA	NA	0.1	NA	NA	NA	NA	Prostate	NA	NA	NA
prad_cpcg_2017	P09-37	P09-37	76.0	NA	NA	Prostate Cancer	Prostate Adenocarcinoma	0.23	NA	NA	Baca	NA	NA	NA	NA	NA	NA	NA	NA	NA	NA	NA	NA	NA	NA	Translocation with deletion	NA	TMPRSS2-ERG	NA	NA	NA	NA	NA	3+4	40	NA	NA	NA	NA	NA	NA	NA	NA	NA	NA	NA	NA	NA	NA	NA	NA	13	NA	NA	PRAD	NA	NA	NA	PT3B	NA	NA	WGS	NA	NA	NA	9.0	not determined	NA	NA	NA	NA	1	NA	NA	Male	NA	Unmatched	NA	NA	NA	0.433333333333	NA	NA	NA	NA	Prostate	NA	NA	NA
prad_cpcg_2017	P09-396	P09-396	67.0	NA	NA	Prostate Cancer	Prostate Adenocarcinoma	0.21	NA	NA	Baca	NA	NA	NA	NA	NA	NA	NA	NA	NA	NA	NA	NA	NA	NA	NA	NA	NA	NA	NA	NA	NA	NA	3+4;5	32	NA	NA	NA	NA	NA	NA	NA	NA	NA	NA	NA	NA	NA	NA	NA	NA	NA	NA	NA	PRAD	NA	NA	NA	PT2C	NA	NA	WGS	NA	NA	NA	6.5	non-aneuploid	NA	NA	NA	NA	1	NA	NA	Male	NA	Unmatched	NA	NA	NA	0	NA	NA	NA	NA	Prostate	NA	NA	NA
prad_cpcg_2017	P09-628	P09-628	65.0	NA	NA	Prostate Cancer	Prostate Adenocarcinoma	0.57	NA	NA	Baca	NA	NA	NA	NA	NA	NA	NA	NA	NA	NA	NA	NA	NA	NA	NA	NA	NA	NA	NA	NA	NA	NA	3+3	0	NA	NA	NA	NA	NA	NA	NA	NA	NA	NA	NA	NA	NA	NA	NA	NA	9	NA	NA	PRAD	NA	NA	NA	PT3B	NA	NA	WGS	NA	NA	NA	5.3	0.58	NA	NA	NA	NA	1	NA	NA	Male	NA	Unmatched	NA	NA	NA	0.3	NA	NA	NA	NA	Prostate	NA	NA	NA
prad_cpcg_2017	P09-649	P09-649-Tumor	71.0	NA	NA	Prostate Cancer	Prostate Adenocarcinoma	NA	NA	T2C	Barbieri	NA	NA	NA	NA	NA	NA	NA	NA	NA	NA	NA	NA	NA	NA	NA	NA	NA	NA	NA	NA	NA	NA	4+3	NA	NA	NA	NA	NA	NA	NA	NA	NA	NA	NA	NA	NA	NA	NA	NA	NA	1	NA	NA	PRAD	NA	NA	NA	NA	NA	NA	WEX	NA	NA	NA	8.1	NA	NA	NA	NA	NA	1	NA	NA	Male	NA	Unmatched	NA	NA	NA	0.0333333333333	NA	NA	NA	NA	Prostate	NA	NA	NA
prad_cpcg_2017	PR-00-1165	PR-00-1165-Tumor	54.0	NA	NA	Prostate Cancer	Prostate Adenocarcinoma	NA	NA	T3B	Barbieri	NA	NA	NA	NA	NA	NA	NA	NA	NA	NA	NA	NA	NA	NA	NA	NA	NA	NA	NA	NA	NA	NA	3+4	NA	NA	NA	NA	NA	NA	NA	NA	NA	NA	NA	NA	NA	NA	NA	NA	NA	71	NA	NA	PRAD	NA	NA	NA	NA	NA	NA	WEX	NA	NA	NA	6.7	NA	NA	NA	NA	NA	1	NA	NA	Male	NA	Unmatched	NA	NA	NA	2.36666666667	NA	NA	NA	NA	Prostate	NA	NA	NA
prad_cpcg_2017	PR-00-160	PR-00-160-Tumor	60.0	NA	NA	Prostate Cancer	Prostate Adenocarcinoma	NA	NA	T2C	Barbieri	NA	NA	NA	NA	NA	NA	NA	NA	NA	NA	NA	NA	NA	NA	NA	NA	NA	NA	NA	NA	NA	NA	3+4	NA	NA	NA	NA	NA	NA	NA	NA	NA	NA	NA	NA	NA	NA	NA	NA	NA	11	NA	NA	PRAD	NA	NA	NA	NA	NA	NA	WEX	NA	NA	NA	9.4	NA	NA	NA	NA	NA	1	NA	NA	Male	NA	Unmatched	NA	NA	NA	0.366666666667	NA	NA	NA	NA	Prostate	NA	NA	NA
prad_cpcg_2017	PR-00-1823	PR-00-1823-Tumor	60.0	NA	NA	Prostate Cancer	Prostate Adenocarcinoma	NA	NA	T3A	Barbieri	NA	NA	NA	NA	NA	NA	NA	NA	NA	NA	NA	NA	NA	NA	NA	NA	NA	NA	NA	NA	NA	NA	3+4	NA	NA	NA	NA	NA	NA	NA	NA	NA	NA	NA	NA	NA	NA	NA	NA	NA	10	NA	NA	PRAD	NA	NA	NA	NA	NA	NA	WEX	NA	NA	NA	6.9	NA	NA	NA	NA	NA	1	NA	NA	Male	NA	Unmatched	NA	NA	NA	0.366666666667	NA	NA	NA	NA	Prostate	NA	NA	NA
prad_cpcg_2017	PR-0099	PR-0099-Tumor	70.0	NA	NA	Prostate Cancer	Prostate Adenocarcinoma	NA	NA	T3A	Barbieri	NA	NA	NA	NA	NA	NA	NA	NA	NA	NA	NA	NA	NA	NA	NA	NA	NA	NA	NA	NA	NA	NA	3+4	NA	NA	NA	NA	NA	NA	NA	NA	NA	NA	NA	NA	NA	NA	NA	NA	NA	3	NA	NA	PRAD	NA	NA	NA	NA	NA	NA	WEX	NA	NA	NA	10.3	NA	NA	NA	NA	NA	1	NA	NA	Male	NA	Unmatched	NA	NA	NA	0.1	NA	NA	NA	NA	Prostate	NA	NA	NA
prad_cpcg_2017	PR-01-1934	PR-01-1934-Tumor	59.0	NA	NA	Prostate Cancer	Prostate Adenocarcinoma	NA	NA	T3B	Barbieri	NA	NA	NA	NA	NA	NA	NA	NA	NA	NA	NA	NA	NA	NA	NA	NA	NA	NA	NA	NA	NA	NA	3+4	NA	NA	NA	NA	NA	NA	NA	NA	NA	NA	NA	NA	NA	NA	NA	NA	NA	15	NA	NA	PRAD	NA	NA	NA	NA	NA	NA	WEX	NA	NA	NA	6.7	NA	NA	NA	NA	NA	1	NA	NA	Male	NA	Unmatched	NA	NA	NA	0.5	NA	NA	NA	NA	Prostate	NA	NA	NA
prad_cpcg_2017	PR-01-2382	PR-01-2382-Tumor	50.0	NA	NA	Prostate Cancer	Prostate Adenocarcinoma	NA	NA	T3A	Barbieri	NA	NA	NA	NA	NA	NA	NA	NA	NA	NA	NA	NA	NA	NA	NA	NA	NA	NA	NA	NA	NA	NA	3+4	NA	NA	NA	NA	NA	NA	NA	NA	NA	NA	NA	NA	NA	NA	NA	NA	NA	5	NA	NA	PRAD	NA	NA	NA	NA	NA	NA	WEX	NA	NA	NA	6.2	NA	NA	NA	NA	NA	1	NA	NA	Male	NA	Unmatched	NA	NA	NA	0.166666666667	NA	NA	NA	NA	Prostate	NA	NA	NA
prad_cpcg_2017	PR-01-2492	PR-01-2492-Tumor	67.0	NA	NA	Prostate Cancer	Prostate Adenocarcinoma	NA	NA	T3A	Barbieri	NA	NA	NA	NA	NA	NA	NA	NA	NA	NA	NA	NA	NA	NA	NA	NA	NA	NA	NA	NA	NA	NA	3+4	NA	NA	NA	NA	NA	NA	NA	NA	NA	NA	NA	NA	NA	NA	NA	NA	NA	7	NA	NA	PRAD	NA	NA	NA	NA	NA	NA	WEX	NA	NA	NA	NA	NA	NA	NA	NA	NA	1	NA	NA	Male	NA	Unmatched	NA	NA	NA	0.233333333333	NA	NA	NA	NA	Prostate	NA	NA	NA
prad_cpcg_2017	PR-01-2554	PR-01-2554-Tumor	69.0	NA	NA	Prostate Cancer	Prostate Adenocarcinoma	NA	NA	T3B	Barbieri	NA	NA	NA	NA	NA	NA	NA	NA	NA	NA	NA	NA	NA	NA	NA	NA	NA	NA	NA	NA	NA	NA	4+3	NA	NA	NA	NA	NA	NA	NA	NA	NA	NA	NA	NA	NA	NA	NA	NA	NA	14	NA	NA	PRAD	NA	NA	NA	NA	NA	NA	WEX	NA	NA	NA	8.9	NA	NA	NA	NA	NA	1	NA	NA	Male	NA	Unmatched	NA	NA	NA	0.466666666667	NA	NA	NA	NA	Prostate	NA	NA	NA
prad_cpcg_2017	PR-02-1082	PR-02-1082-Tumor	61.0	NA	NA	Prostate Cancer	Prostate Adenocarcinoma	NA	NA	T3B	Barbieri	NA	NA	NA	NA	NA	NA	NA	NA	NA	NA	NA	NA	NA	NA	NA	NA	NA	NA	NA	NA	NA	NA	3+4	NA	NA	NA	NA	NA	NA	NA	NA	NA	NA	NA	NA	NA	NA	NA	NA	NA	1	NA	NA	PRAD	NA	NA	NA	NA	NA	NA	WEX	NA	NA	NA	11.5	NA	NA	NA	NA	NA	1	NA	NA	Male	NA	Unmatched	NA	NA	NA	0.0333333333333	NA	NA	NA	NA	Prostate	NA	NA	NA
prad_cpcg_2017	PR-02-169	PR-02-169-Tumor	65.0	NA	NA	Prostate Cancer	Prostate Adenocarcinoma	NA	NA	T2C	Barbieri	NA	NA	NA	NA	NA	NA	NA	NA	NA	NA	NA	NA	NA	NA	NA	NA	NA	NA	NA	NA	NA	NA	3+4	NA	NA	NA	NA	NA	NA	NA	NA	NA	NA	NA	NA	NA	NA	NA	NA	NA	NA	NA	NA	PRAD	NA	NA	NA	NA	NA	NA	WEX	NA	NA	NA	10.6	NA	NA	NA	NA	NA	1	NA	NA	Male	NA	Unmatched	NA	NA	NA	0	NA	NA	NA	NA	Prostate	NA	NA	NA
prad_cpcg_2017	PR-02-1736	PR-02-1736-Tumor	58.0	NA	NA	Prostate Cancer	Prostate Adenocarcinoma	NA	NA	T3B	Barbieri	NA	NA	NA	NA	NA	NA	NA	NA	NA	NA	NA	NA	NA	NA	NA	NA	NA	NA	NA	NA	NA	NA	3+4	NA	NA	NA	NA	NA	NA	NA	NA	NA	NA	NA	NA	NA	NA	NA	NA	NA	3	NA	NA	PRAD	NA	NA	NA	NA	NA	NA	WEX	NA	NA	NA	13.0	NA	NA	NA	NA	NA	1	NA	NA	Male	NA	Unmatched	NA	NA	NA	0.1	NA	NA	NA	NA	Prostate	NA	NA	NA
prad_cpcg_2017	PR-02-1899	PR-02-1899-Tumor	66.0	NA	NA	Prostate Cancer	Prostate Adenocarcinoma	NA	NA	T3A	Barbieri	NA	NA	NA	NA	NA	NA	NA	NA	NA	NA	NA	NA	NA	NA	NA	NA	NA	NA	NA	NA	NA	NA	3+3	NA	NA	NA	NA	NA	NA	NA	NA	NA	NA	NA	NA	NA	NA	NA	NA	NA	10	NA	NA	PRAD	NA	NA	NA	NA	NA	NA	WEX	NA	NA	NA	13.4	NA	NA	NA	NA	NA	1	NA	NA	Male	NA	Unmatched	NA	NA	NA	0.333333333333	NA	NA	NA	NA	Prostate	NA	NA	NA
prad_cpcg_2017	PR-02-2072	PR-02-2072-Tumor	54.0	NA	NA	Prostate Cancer	Prostate Adenocarcinoma	NA	NA	T3A	Barbieri	NA	NA	NA	NA	NA	NA	NA	NA	NA	NA	NA	NA	NA	NA	NA	NA	NA	NA	NA	NA	NA	NA	4+3	NA	NA	NA	NA	NA	NA	NA	NA	NA	NA	NA	NA	NA	NA	NA	NA	NA	11	NA	NA	PRAD	NA	NA	NA	NA	NA	NA	WEX	NA	NA	NA	9.0	NA	NA	NA	NA	NA	1	NA	NA	Male	NA	Unmatched	NA	NA	NA	0.366666666667	NA	NA	NA	NA	Prostate	NA	NA	NA
prad_cpcg_2017	PR-02-2480	PR-02-2480-Tumor	69.0	NA	NA	Prostate Cancer	Prostate Adenocarcinoma	NA	NA	T3B	Barbieri	NA	NA	NA	NA	NA	NA	NA	NA	NA	NA	NA	NA	NA	NA	NA	NA	NA	NA	NA	NA	NA	NA	3+4	NA	NA	NA	NA	NA	NA	NA	NA	NA	NA	NA	NA	NA	NA	NA	NA	NA	1	NA	NA	PRAD	NA	NA	NA	NA	NA	NA	WEX	NA	NA	NA	10.4	NA	NA	NA	NA	NA	1	NA	NA	Male	NA	Unmatched	NA	NA	NA	0.0333333333333	NA	NA	NA	NA	Prostate	NA	NA	NA
prad_cpcg_2017	PR-02-254	PR-02-254-Tumor	74.0	NA	NA	Prostate Cancer	Prostate Adenocarcinoma	NA	NA	T3B	Barbieri	NA	NA	NA	NA	NA	NA	NA	NA	NA	NA	NA	NA	NA	NA	NA	NA	NA	NA	NA	NA	NA	NA	4+3	NA	NA	NA	NA	NA	NA	NA	NA	NA	NA	NA	NA	NA	NA	NA	NA	NA	10	NA	NA	PRAD	NA	NA	NA	NA	NA	NA	WEX	NA	NA	NA	17.6	NA	NA	NA	NA	NA	1	NA	NA	Male	NA	Unmatched	NA	NA	NA	0.333333333333	NA	NA	NA	NA	Prostate	NA	NA	NA
prad_cpcg_2017	PR-03-022	PR-03-022-Tumor	70.0	NA	NA	Prostate Cancer	Prostate Adenocarcinoma	NA	NA	T3A	Barbieri	NA	NA	NA	NA	NA	NA	NA	NA	NA	NA	NA	NA	NA	NA	NA	NA	NA	NA	NA	NA	NA	NA	3+4	NA	NA	NA	NA	NA	NA	NA	NA	NA	NA	NA	NA	NA	NA	NA	NA	NA	12	NA	NA	PRAD	NA	NA	NA	NA	NA	NA	WEX	NA	NA	NA	9.7	NA	NA	NA	NA	NA	1	NA	NA	Male	NA	Unmatched	NA	NA	NA	0.4	NA	NA	NA	NA	Prostate	NA	NA	NA
prad_cpcg_2017	PR-03-1026	PR-03-1026-Tumor	56.0	NA	NA	Prostate Cancer	Prostate Adenocarcinoma	NA	NA	T3A	Barbieri	NA	NA	NA	NA	NA	NA	NA	NA	NA	NA	NA	NA	NA	NA	NA	NA	NA	NA	NA	NA	NA	NA	4+3	NA	NA	NA	NA	NA	NA	NA	NA	NA	NA	NA	NA	NA	NA	NA	NA	NA	2	NA	NA	PRAD	NA	NA	NA	NA	NA	NA	WEX	NA	NA	NA	12.8	NA	NA	NA	NA	NA	1	NA	NA	Male	NA	Unmatched	NA	NA	NA	0.0666666666667	NA	NA	NA	NA	Prostate	NA	NA	NA
prad_cpcg_2017	PR-03-3125	PR-03-3125	68.0	NA	NA	Prostate Cancer	Prostate Adenocarcinoma	0.72	NA	NA	Baca	NA	NA	NA	NA	NA	NA	NA	NA	NA	NA	NA	NA	NA	NA	NA	NA	NA	NA	NA	NA	NA	NA	3+3	0	NA	NA	NA	NA	NA	NA	NA	NA	NA	NA	NA	NA	NA	NA	NA	NA	18	NA	NA	PRAD	NA	NA	NA	PT3A	NA	NA	WGS	NA	NA	NA	10.1	0.71	NA	NA	NA	NA	1	NA	NA	Male	NA	Unmatched	NA	NA	NA	0.6	NA	NA	NA	NA	Prostate	NA	NA	NA
prad_cpcg_2017	PR-03-728	PR-03-728	54.0	NA	NA	Prostate Cancer	Prostate Adenocarcinoma	NA	NA	NA	Baca	NA	NA	NA	NA	NA	NA	NA	NA	NA	NA	NA	NA	NA	NA	NA	NA	NA	NA	NA	NA	NA	NA	3+4	10	NA	NA	NA	NA	NA	NA	NA	NA	NA	NA	NA	NA	NA	NA	NA	NA	1	NA	NA	PRAD	NA	NA	NA	PT3A	NA	NA	WGS	NA	NA	NA	12.9	non-aneuploid	NA	NA	NA	NA	1	NA	NA	Male	NA	Unmatched	NA	NA	NA	0.0333333333333	NA	NA	NA	NA	Prostate	NA	NA	NA
prad_cpcg_2017	PR-03-870	PR-03-870-Tumor	52.0	NA	NA	Prostate Cancer	Prostate Adenocarcinoma	NA	NA	T3A	Barbieri	NA	NA	NA	NA	NA	NA	NA	NA	NA	NA	NA	NA	NA	NA	NA	NA	NA	NA	NA	NA	NA	NA	4+3	NA	NA	NA	NA	NA	NA	NA	NA	NA	NA	NA	NA	NA	NA	NA	NA	NA	1	NA	NA	PRAD	NA	NA	NA	NA	NA	NA	WEX	NA	NA	NA	5.3	NA	NA	NA	NA	NA	1	NA	NA	Male	NA	Unmatched	NA	NA	NA	0.0333333333333	NA	NA	NA	NA	Prostate	NA	NA	NA
prad_cpcg_2017	PR-04-1243	PR-04-1243	63.0	NA	NA	Prostate Cancer	Prostate Adenocarcinoma	0.87	NA	NA	Baca	NA	NA	NA	NA	NA	NA	NA	NA	NA	NA	NA	NA	NA	NA	Translocation with deletion	NA	TMPRSS2-ERG	NA	NA	NA	NA	NA	3+4	30	NA	NA	NA	NA	NA	NA	NA	NA	NA	NA	NA	NA	NA	NA	NA	NA	26	NA	NA	PRAD	NA	NA	NA	PT3A	NA	NA	WGS	NA	NA	NA	7.3	0.9	NA	NA	NA	NA	1	NA	NA	Male	NA	Unmatched	NA	NA	NA	0.866666666667	NA	NA	NA	NA	Prostate	NA	NA	NA
prad_cpcg_2017	PR-04-1367	PR-04-1367-Tumor	53.0	NA	NA	Prostate Cancer	Prostate Adenocarcinoma	NA	NA	T2C	Barbieri	NA	NA	NA	NA	NA	NA	NA	NA	NA	NA	NA	NA	NA	NA	NA	NA	NA	NA	NA	NA	NA	NA	3+3	NA	NA	NA	NA	NA	NA	NA	NA	NA	NA	NA	NA	NA	NA	NA	NA	NA	13	NA	NA	PRAD	NA	NA	NA	NA	NA	NA	WEX	NA	NA	NA	9.9	NA	NA	NA	NA	NA	1	NA	NA	Male	NA	Unmatched	NA	NA	NA	0.433333333333	NA	NA	NA	NA	Prostate	NA	NA	NA
prad_cpcg_2017	PR-04-194	PR-04-194-Tumor	65.0	NA	NA	Prostate Cancer	Prostate Adenocarcinoma	NA	NA	T2C	Barbieri	NA	NA	NA	NA	NA	NA	NA	NA	NA	NA	NA	NA	NA	NA	NA	NA	NA	NA	NA	NA	NA	NA	3+4	NA	NA	NA	NA	NA	NA	NA	NA	NA	NA	NA	NA	NA	NA	NA	NA	NA	2	NA	NA	PRAD	NA	NA	NA	NA	NA	NA	WEX	NA	NA	NA	7.1	NA	NA	NA	NA	NA	1	NA	NA	Male	NA	Unmatched	NA	NA	NA	0.0666666666667	NA	NA	NA	NA	Prostate	NA	NA	NA
prad_cpcg_2017	PR-04-3113	PR-04-3113-Tumor	66.0	NA	NA	Prostate Cancer	Prostate Adenocarcinoma	NA	NA	T3B	Barbieri	NA	NA	NA	NA	NA	NA	NA	NA	NA	NA	NA	NA	NA	NA	NA	NA	NA	NA	NA	NA	NA	NA	3+3	NA	NA	NA	NA	NA	NA	NA	NA	NA	NA	NA	NA	NA	NA	NA	NA	NA	3	NA	NA	PRAD	NA	NA	NA	NA	NA	NA	WEX	NA	NA	NA	12.0	NA	NA	NA	NA	NA	1	NA	NA	Male	NA	Unmatched	NA	NA	NA	0.1	NA	NA	NA	NA	Prostate	NA	NA	NA
prad_cpcg_2017	PR-04-3222	PR-04-3222-Tumor	66.0	NA	NA	Prostate Cancer	Prostate Adenocarcinoma	NA	NA	T2C	Barbieri	NA	NA	NA	NA	NA	NA	NA	NA	NA	NA	NA	NA	NA	NA	NA	NA	NA	NA	NA	NA	NA	NA	3+4	NA	NA	NA	NA	NA	NA	NA	NA	NA	NA	NA	NA	NA	NA	NA	NA	NA	17	NA	NA	PRAD	NA	NA	NA	NA	NA	NA	WEX	NA	NA	NA	5.2	NA	NA	NA	NA	NA	1	NA	NA	Male	NA	Unmatched	NA	NA	NA	0.566666666667	NA	NA	NA	NA	Prostate	NA	NA	NA
prad_cpcg_2017	PR-04-3347	PR-04-3347-Tumor	59.0	NA	NA	Prostate Cancer	Prostate Adenocarcinoma	NA	NA	T2C	Barbieri	NA	NA	NA	NA	NA	NA	NA	NA	NA	NA	NA	NA	NA	NA	NA	NA	NA	NA	NA	NA	NA	NA	3+3	NA	NA	NA	NA	NA	NA	NA	NA	NA	NA	NA	NA	NA	NA	NA	NA	NA	8	NA	NA	PRAD	NA	NA	NA	NA	NA	NA	WEX	NA	NA	NA	7.5	NA	NA	NA	NA	NA	1	NA	NA	Male	NA	Unmatched	NA	NA	NA	0.266666666667	NA	NA	NA	NA	Prostate	NA	NA	NA
prad_cpcg_2017	PR-04-639	PR-04-639-Tumor	61.0	NA	NA	Prostate Cancer	Prostate Adenocarcinoma	NA	NA	T3A	Barbieri	NA	NA	NA	NA	NA	NA	NA	NA	NA	NA	NA	NA	NA	NA	NA	NA	NA	NA	NA	NA	NA	NA	3+4	NA	NA	NA	NA	NA	NA	NA	NA	NA	NA	NA	NA	NA	NA	NA	NA	NA	4	NA	NA	PRAD	NA	NA	NA	NA	NA	NA	WEX	NA	NA	NA	5.1	NA	NA	NA	NA	NA	1	NA	NA	Male	NA	Unmatched	NA	NA	NA	0.133333333333	NA	NA	NA	NA	Prostate	NA	NA	NA
prad_cpcg_2017	PR-04-903	PR-04-903-Tumor	68.0	NA	NA	Prostate Cancer	Prostate Adenocarcinoma	NA	NA	T3A	Barbieri	NA	NA	NA	NA	NA	NA	NA	NA	NA	NA	NA	NA	NA	NA	NA	NA	NA	NA	NA	NA	NA	NA	3+4	NA	NA	NA	NA	NA	NA	NA	NA	NA	NA	NA	NA	NA	NA	NA	NA	NA	14	NA	NA	PRAD	NA	NA	NA	NA	NA	NA	WEX	NA	NA	NA	7.8	NA	NA	NA	NA	NA	1	NA	NA	Male	NA	Unmatched	NA	NA	NA	0.5	NA	NA	NA	NA	Prostate	NA	NA	NA
prad_cpcg_2017	PR-0410	PR-0410	60.0	NA	NA	Prostate Cancer	Prostate Adenocarcinoma	NA	NA	NA	Baca	NA	NA	NA	NA	NA	NA	NA	NA	NA	NA	NA	NA	NA	NA	NA	NA	NA	NA	NA	NA	NA	NA	3+3	NA	NA	NA	NA	NA	NA	NA	NA	NA	NA	NA	NA	NA	NA	NA	NA	NA	NA	NA	NA	PRAD	NA	NA	NA	PT2C	NA	NA	WGS	NA	NA	NA	4.5	NA	NA	NA	NA	NA	1	NA	NA	Male	NA	Unmatched	NA	NA	NA	0	NA	NA	NA	NA	Prostate	NA	NA	NA
prad_cpcg_2017	PR-0427	PR-0427-Tumor	69.0	NA	NA	Prostate Cancer	Prostate Adenocarcinoma	NA	NA	T2A	Barbieri	NA	NA	NA	NA	NA	NA	NA	NA	NA	NA	NA	NA	NA	NA	NA	NA	NA	NA	NA	NA	NA	NA	4+3	NA	NA	NA	NA	NA	NA	NA	NA	NA	NA	NA	NA	NA	NA	NA	NA	NA	4	NA	NA	PRAD	NA	NA	NA	NA	NA	NA	WEX	NA	NA	NA	5.1	NA	NA	NA	NA	NA	1	NA	NA	Male	NA	Unmatched	NA	NA	NA	0.133333333333	NA	NA	NA	NA	Prostate	NA	NA	NA
prad_cpcg_2017	PR-05-3440	PR-05-3440-Tumor	63.0	NA	NA	Prostate Cancer	Prostate Adenocarcinoma	NA	NA	T3A	Barbieri	NA	NA	NA	NA	NA	NA	NA	NA	NA	NA	NA	NA	NA	NA	NA	NA	NA	NA	NA	NA	NA	NA	4+3	NA	NA	NA	NA	NA	NA	NA	NA	NA	NA	NA	NA	NA	NA	NA	NA	NA	1	NA	NA	PRAD	NA	NA	NA	NA	NA	NA	WEX	NA	NA	NA	8.5	NA	NA	NA	NA	NA	1	NA	NA	Male	NA	Unmatched	NA	NA	NA	0.0333333333333	NA	NA	NA	NA	Prostate	NA	NA	NA
prad_cpcg_2017	PR-05-3595	PR-05-3595	64.0	NA	NA	Prostate Cancer	Prostate Adenocarcinoma	0.63	NA	NA	Baca	NA	NA	NA	NA	NA	NA	NA	NA	NA	NA	NA	NA	NA	NA	NA	NA	NA	NA	NA	NA	NA	NA	3+4	50	NA	NA	NA	NA	NA	NA	NA	NA	NA	NA	NA	NA	NA	NA	NA	NA	25	NA	NA	PRAD	NA	NA	NA	PT2C	NA	NA	WGS	NA	NA	NA	7.2	0.61	NA	NA	NA	NA	1	NA	NA	Male	NA	Unmatched	NA	NA	NA	0.833333333333	NA	NA	NA	NA	Prostate	NA	NA	NA
prad_cpcg_2017	PR-05-839	PR-05-839-Tumor	69.0	NA	NA	Prostate Cancer	Prostate Adenocarcinoma	NA	NA	T2A	Barbieri	NA	NA	NA	NA	NA	NA	NA	NA	NA	NA	NA	NA	NA	NA	NA	NA	NA	NA	NA	NA	NA	NA	3+4	NA	NA	NA	NA	NA	NA	NA	NA	NA	NA	NA	NA	NA	NA	NA	NA	NA	11	NA	NA	PRAD	NA	NA	NA	NA	NA	NA	WEX	NA	NA	NA	9.0	NA	NA	NA	NA	NA	1	NA	NA	Male	NA	Unmatched	NA	NA	NA	0.366666666667	NA	NA	NA	NA	Prostate	NA	NA	NA
prad_cpcg_2017	PR-0508	PR-0508	57.0	NA	NA	Prostate Cancer	Prostate Adenocarcinoma	73	NA	NA	Berger	NA	NA	NA	NA	NA	NA	NA	NA	NA	NA	NA	NA	NA	NA	NA	NA	Negative	NA	NA	NA	NA	NA	3+4	NA	NA	NA	NA	NA	NA	NA	NA	NA	NA	NA	NA	NA	NA	NA	NA	NA	6	NA	NA	PRAD	NA	NA	NA	T2C	NA	NA	WGS	1.962	NA	NA	7.8	NA	NA	NA	NA	NA	1	NA	NA	Male	NA	Unmatched	NA	NA	NA	0.2	NA	NA	NA	NA	Prostate	NA	NA	NA
prad_cpcg_2017	PR-06-1749	PR-06-1749	60.0	NA	NA	Prostate Cancer	Prostate Adenocarcinoma	0.71	NA	NA	Baca	NA	NA	NA	NA	NA	NA	NA	NA	NA	NA	NA	NA	NA	NA	NA	NA	NA	NA	NA	NA	NA	NA	4+3	60	NA	NA	NA	NA	NA	NA	NA	NA	NA	NA	NA	NA	NA	NA	NA	NA	15	NA	NA	PRAD	NA	NA	NA	PT2C	NA	NA	WGS	NA	NA	NA	6.7	0.74	NA	NA	NA	NA	1	NA	NA	Male	NA	Unmatched	NA	NA	NA	0.5	NA	NA	NA	NA	Prostate	NA	NA	NA
prad_cpcg_2017	PR-06-1999	PR-06-1999-Tumor	56.0	NA	NA	Prostate Cancer	Prostate Adenocarcinoma	NA	NA	T2A	Barbieri	NA	NA	NA	NA	NA	NA	NA	NA	NA	NA	NA	NA	NA	NA	NA	NA	NA	NA	NA	NA	NA	NA	3+4	NA	NA	NA	NA	NA	NA	NA	NA	NA	NA	NA	NA	NA	NA	NA	NA	NA	NA	NA	NA	PRAD	NA	NA	NA	NA	NA	NA	WEX	NA	NA	NA	30.0	NA	NA	NA	NA	NA	1	NA	NA	Male	NA	Unmatched	NA	NA	NA	0	NA	NA	NA	NA	Prostate	NA	NA	NA
prad_cpcg_2017	PR-06-3199	PR-06-3199	54.0	NA	NA	Prostate Cancer	Prostate Adenocarcinoma	0.75	NA	NA	Baca	NA	NA	NA	NA	NA	NA	NA	NA	NA	NA	NA	NA	NA	NA	Translocation	NA	SLC45A3-ERG	NA	NA	NA	NA	NA	4+3	80	NA	NA	NA	NA	NA	NA	NA	NA	NA	NA	NA	NA	NA	NA	NA	NA	17	NA	NA	PRAD	NA	NA	NA	PT3A	NA	NA	WGS	NA	NA	NA	25.0	0.75	NA	NA	NA	NA	1	NA	NA	Male	NA	Unmatched	NA	NA	NA	0.566666666667	NA	NA	NA	NA	Prostate	NA	NA	NA
prad_cpcg_2017	PR-07-4610	PR-07-4610	69.0	NA	NA	Prostate Cancer	Prostate Adenocarcinoma	0.81	NA	NA	Baca	NA	NA	NA	NA	NA	NA	NA	NA	NA	NA	NA	NA	NA	NA	Translocation	NA	TMPRSS2-ERG	NA	NA	NA	NA	NA	3+4	40	NA	NA	NA	NA	NA	NA	NA	NA	NA	NA	NA	NA	NA	NA	NA	NA	15	NA	NA	PRAD	NA	NA	NA	PT3A	NA	NA	WGS	NA	NA	NA	5.6	0.81	NA	NA	NA	NA	1	NA	NA	Male	NA	Unmatched	NA	NA	NA	0.5	NA	NA	NA	NA	Prostate	NA	NA	NA
prad_cpcg_2017	PR-08-2153	PR-08-2153	55.0	NA	NA	Prostate Cancer	Prostate Adenocarcinoma	0.52	NA	NA	Baca	NA	NA	NA	NA	NA	NA	NA	NA	NA	NA	NA	NA	NA	NA	Translocation	NA	TMPRSS2-ERG	NA	NA	NA	NA	NA	4+3	70	NA	NA	NA	NA	NA	NA	NA	NA	NA	NA	NA	NA	NA	NA	NA	NA	7	NA	NA	PRAD	NA	NA	NA	PT3A	NA	NA	WGS	NA	NA	NA	7.8	0.55	NA	NA	NA	NA	1	NA	NA	Male	NA	Unmatched	NA	NA	NA	0.233333333333	NA	NA	NA	NA	Prostate	NA	NA	NA
prad_cpcg_2017	PR-08-4154	PR-08-4154	58.0	NA	NA	Prostate Cancer	Prostate Adenocarcinoma	0.71	NA	NA	Baca	NA	NA	NA	NA	NA	NA	NA	NA	NA	NA	NA	NA	NA	NA	NA	NA	NA	NA	NA	NA	NA	NA	3+4	5	NA	NA	NA	NA	NA	NA	NA	NA	NA	NA	NA	NA	NA	NA	NA	NA	17	NA	NA	PRAD	NA	NA	NA	PT4 N1	NA	NA	WGS	NA	NA	NA	36.0	0.72	NA	NA	NA	NA	1	NA	NA	Male	NA	Unmatched	NA	NA	NA	0.566666666667	NA	NA	NA	NA	Prostate	NA	NA	NA
prad_cpcg_2017	PR-08-556	PR-08-556	63.0	NA	NA	Prostate Cancer	Prostate Adenocarcinoma	0.55	NA	NA	Baca	NA	NA	NA	NA	NA	NA	NA	NA	NA	NA	NA	NA	NA	NA	NA	NA	NA	NA	NA	NA	NA	NA	4+3	95	NA	NA	NA	NA	NA	NA	NA	NA	NA	NA	NA	NA	NA	NA	NA	NA	16	NA	NA	PRAD	NA	NA	NA	PT3A	NA	NA	WGS	NA	NA	NA	6.7	0.57	NA	NA	NA	NA	1	NA	NA	Male	NA	Unmatched	NA	NA	NA	0.533333333333	NA	NA	NA	NA	Prostate	NA	NA	NA
prad_cpcg_2017	PR-08-784	PR-08-784	52.0	NA	NA	Prostate Cancer	Prostate Adenocarcinoma	0.78	NA	NA	Baca	NA	NA	NA	NA	NA	NA	NA	NA	NA	NA	NA	NA	NA	NA	Translocation with deletion	NA	TMPRSS2-ERG	NA	NA	NA	NA	NA	4+3	80	NA	NA	NA	NA	NA	NA	NA	NA	NA	NA	NA	NA	NA	NA	NA	NA	5	NA	NA	PRAD	NA	NA	NA	PT2C	NA	NA	WGS	NA	NA	NA	43.2	0.77	NA	NA	NA	NA	1	NA	NA	Male	NA	Unmatched	NA	NA	NA	0.166666666667	NA	NA	NA	NA	Prostate	NA	NA	NA
prad_cpcg_2017	PR-09-146	PR-09-146	61.0	NA	NA	Prostate Cancer	Prostate Adenocarcinoma	0.47	NA	NA	Baca	NA	NA	NA	NA	NA	NA	NA	NA	NA	NA	NA	NA	NA	NA	Translocation with deletion	NA	TMPRSS2-ERG	NA	NA	NA	NA	NA	3+4	10	NA	NA	NA	NA	NA	NA	NA	NA	NA	NA	NA	NA	NA	NA	NA	NA	NA	NA	NA	PRAD	NA	NA	NA	PT3A	NA	NA	WGS	NA	NA	NA	11.3	0.46	NA	NA	NA	NA	1	NA	NA	Male	NA	Unmatched	NA	NA	NA	0	NA	NA	NA	NA	Prostate	NA	NA	NA
prad_cpcg_2017	PR-09-2517	PR-09-2517-Tumor	64.0	NA	NA	Prostate Cancer	Prostate Adenocarcinoma	NA	NA	T3A	Barbieri	NA	NA	NA	NA	NA	NA	NA	NA	NA	NA	NA	NA	NA	NA	NA	NA	NA	NA	NA	NA	NA	NA	3+4	NA	NA	NA	NA	NA	NA	NA	NA	NA	NA	NA	NA	NA	NA	NA	NA	NA	11	NA	NA	PRAD	NA	NA	NA	NA	NA	NA	WEX	NA	NA	NA	14.0	NA	NA	NA	NA	NA	1	NA	NA	Male	NA	Unmatched	NA	NA	NA	0.366666666667	NA	NA	NA	NA	Prostate	NA	NA	NA
prad_cpcg_2017	PR-09-2744	PR-09-2744-Tumor	48.0	NA	NA	Prostate Cancer	Prostate Adenocarcinoma	NA	NA	T3A	Barbieri	NA	NA	NA	NA	NA	NA	NA	NA	NA	NA	NA	NA	NA	NA	NA	NA	NA	NA	NA	NA	NA	NA	3+3	NA	NA	NA	NA	NA	NA	NA	NA	NA	NA	NA	NA	NA	NA	NA	NA	NA	10	NA	NA	PRAD	NA	NA	NA	NA	NA	NA	WEX	NA	NA	NA	4.4	NA	NA	NA	NA	NA	1	NA	NA	Male	NA	Unmatched	NA	NA	NA	0.333333333333	NA	NA	NA	NA	Prostate	NA	NA	NA
prad_cpcg_2017	PR-09-3421	PR-09-3421-Tumor	65.0	NA	NA	Prostate Cancer	Prostate Adenocarcinoma	NA	NA	T3A	Barbieri	NA	NA	NA	NA	NA	NA	NA	NA	NA	NA	NA	NA	NA	NA	NA	NA	NA	NA	NA	NA	NA	NA	3+4	NA	NA	NA	NA	NA	NA	NA	NA	NA	NA	NA	NA	NA	NA	NA	NA	NA	11	NA	NA	PRAD	NA	NA	NA	NA	NA	NA	WEX	NA	NA	NA	4.8	NA	NA	NA	NA	NA	1	NA	NA	Male	NA	Unmatched	NA	NA	NA	0.366666666667	NA	NA	NA	NA	Prostate	NA	NA	NA
prad_cpcg_2017	PR-09-3566	PR-09-3566-Tumor	65.0	NA	NA	Prostate Cancer	Prostate Adenocarcinoma	NA	NA	T3A	Barbieri	NA	NA	NA	NA	NA	NA	NA	NA	NA	NA	NA	NA	NA	NA	NA	NA	NA	NA	NA	NA	NA	NA	4+3	NA	NA	NA	NA	NA	NA	NA	NA	NA	NA	NA	NA	NA	NA	NA	NA	NA	7	NA	NA	PRAD	NA	NA	NA	NA	NA	NA	WEX	NA	NA	NA	5.0	NA	NA	NA	NA	NA	1	NA	NA	Male	NA	Unmatched	NA	NA	NA	0.233333333333	NA	NA	NA	NA	Prostate	NA	NA	NA
prad_cpcg_2017	PR-09-3687	PR-09-3687-Tumor	73.0	NA	NA	Prostate Cancer	Prostate Adenocarcinoma	NA	NA	T2C	Barbieri	NA	NA	NA	NA	NA	NA	NA	NA	NA	NA	NA	NA	NA	NA	NA	NA	NA	NA	NA	NA	NA	NA	3+4	NA	NA	NA	NA	NA	NA	NA	NA	NA	NA	NA	NA	NA	NA	NA	NA	NA	15	NA	NA	PRAD	NA	NA	NA	NA	NA	NA	WEX	NA	NA	NA	7.8	NA	NA	NA	NA	NA	1	NA	NA	Male	NA	Unmatched	NA	NA	NA	0.5	NA	NA	NA	NA	Prostate	NA	NA	NA
prad_cpcg_2017	PR-09-5446	PR-09-5446-Tumor	67.0	NA	NA	Prostate Cancer	Prostate Adenocarcinoma	NA	NA	T2C	Barbieri	NA	NA	NA	NA	NA	NA	NA	NA	NA	NA	NA	NA	NA	NA	NA	NA	NA	NA	NA	NA	NA	NA	3+3	NA	NA	NA	NA	NA	NA	NA	NA	NA	NA	NA	NA	NA	NA	NA	NA	NA	5	NA	NA	PRAD	NA	NA	NA	NA	NA	NA	WEX	NA	NA	NA	13.0	NA	NA	NA	NA	NA	1	NA	NA	Male	NA	Unmatched	NA	NA	NA	0.166666666667	NA	NA	NA	NA	Prostate	NA	NA	NA
prad_cpcg_2017	PR-09-5630	PR-09-5630-Tumor	64.0	NA	NA	Prostate Cancer	Prostate Adenocarcinoma	NA	NA	T3B	Barbieri	NA	NA	NA	NA	NA	NA	NA	NA	NA	NA	NA	NA	NA	NA	NA	NA	NA	NA	NA	NA	NA	NA	4+3	NA	NA	NA	NA	NA	NA	NA	NA	NA	NA	NA	NA	NA	NA	NA	NA	NA	4	NA	NA	PRAD	NA	NA	NA	NA	NA	NA	WEX	NA	NA	NA	14.0	NA	NA	NA	NA	NA	1	NA	NA	Male	NA	Unmatched	NA	NA	NA	0.133333333333	NA	NA	NA	NA	Prostate	NA	NA	NA
prad_cpcg_2017	PR-09-5700	PR-09-5700-Tumor	60.0	NA	NA	Prostate Cancer	Prostate Adenocarcinoma	NA	NA	T3A	Barbieri	NA	NA	NA	NA	NA	NA	NA	NA	NA	NA	NA	NA	NA	NA	NA	NA	NA	NA	NA	NA	NA	NA	3+4	NA	NA	NA	NA	NA	NA	NA	NA	NA	NA	NA	NA	NA	NA	NA	NA	NA	9	NA	NA	PRAD	NA	NA	NA	NA	NA	NA	WEX	NA	NA	NA	14.0	NA	NA	NA	NA	NA	1	NA	NA	Male	NA	Unmatched	NA	NA	NA	0.3	NA	NA	NA	NA	Prostate	NA	NA	NA
prad_cpcg_2017	PR-09-5702	PR-09-5702-Tumor	68.0	NA	NA	Prostate Cancer	Prostate Adenocarcinoma	NA	NA	T2C	Barbieri	NA	NA	NA	NA	NA	NA	NA	NA	NA	NA	NA	NA	NA	NA	NA	NA	NA	NA	NA	NA	NA	NA	3+4	NA	NA	NA	NA	NA	NA	NA	NA	NA	NA	NA	NA	NA	NA	NA	NA	NA	12	NA	NA	PRAD	NA	NA	NA	NA	NA	NA	WEX	NA	NA	NA	8.2	NA	NA	NA	NA	NA	1	NA	NA	Male	NA	Unmatched	NA	NA	NA	0.4	NA	NA	NA	NA	Prostate	NA	NA	NA
prad_cpcg_2017	PR-1024	PR-1024-Tumor	73.0	NA	NA	Prostate Cancer	Prostate Adenocarcinoma	NA	NA	T3B	Barbieri	NA	NA	NA	NA	NA	NA	NA	NA	NA	NA	NA	NA	NA	NA	NA	NA	NA	NA	NA	NA	NA	NA	3+4	NA	NA	NA	NA	NA	NA	NA	NA	NA	NA	NA	NA	NA	NA	NA	NA	NA	18	NA	NA	PRAD	NA	NA	NA	NA	NA	NA	WEX	NA	NA	NA	7.2	NA	NA	NA	NA	NA	1	NA	NA	Male	NA	Unmatched	NA	NA	NA	0.6	NA	NA	NA	NA	Prostate	NA	NA	NA
prad_cpcg_2017	PR-1043	PR-1043-Tumor	59.0	NA	NA	Prostate Cancer	Prostate Adenocarcinoma	NA	NA	T2C	Barbieri	NA	NA	NA	NA	NA	NA	NA	NA	NA	NA	NA	NA	NA	NA	NA	NA	NA	NA	NA	NA	NA	NA	3+3	NA	NA	NA	NA	NA	NA	NA	NA	NA	NA	NA	NA	NA	NA	NA	NA	NA	17	NA	NA	PRAD	NA	NA	NA	NA	NA	NA	WEX	NA	NA	NA	4.9	NA	NA	NA	NA	NA	1	NA	NA	Male	NA	Unmatched	NA	NA	NA	0.566666666667	NA	NA	NA	NA	Prostate	NA	NA	NA
prad_cpcg_2017	PR-1701	PR-1701	62.0	NA	NA	Prostate Cancer	Prostate Adenocarcinoma	49	NA	NA	Berger	NA	NA	NA	NA	NA	NA	NA	NA	NA	NA	NA	NA	NA	NA	NA	NA	TMPRSS2-ERG	NA	NA	NA	NA	NA	3+4	NA	NA	NA	NA	NA	NA	NA	NA	NA	NA	NA	NA	NA	NA	NA	NA	NA	2	NA	NA	PRAD	NA	NA	NA	T3A	NA	NA	WGS	1.992	NA	NA	2.1	NA	NA	NA	NA	NA	1	NA	NA	Male	NA	Unmatched	NA	NA	NA	0.0666666666667	NA	NA	NA	NA	Prostate	NA	NA	NA
prad_cpcg_2017	PR-2525	PR-2525	46.0	NA	NA	Prostate Cancer	Prostate Adenocarcinoma	NA	NA	NA	Baca	NA	NA	NA	NA	NA	NA	NA	NA	NA	NA	NA	NA	NA	NA	NA	NA	NA	NA	NA	NA	NA	NA	3+4	NA	NA	NA	NA	NA	NA	NA	NA	NA	NA	NA	NA	NA	NA	NA	NA	NA	4	NA	NA	PRAD	NA	NA	NA	PT2C	NA	NA	WGS	NA	NA	NA	4.7	NA	NA	NA	NA	NA	1	NA	NA	Male	NA	Unmatched	NA	NA	NA	0.133333333333	NA	NA	NA	NA	Prostate	NA	NA	NA
prad_cpcg_2017	PR-2621	PR-2621	51.0	NA	NA	Prostate Cancer	Prostate Adenocarcinoma	NA	NA	NA	Baca	NA	NA	NA	NA	NA	NA	NA	NA	NA	NA	NA	NA	NA	NA	NA	NA	NA	NA	NA	NA	NA	NA	3+4	NA	NA	NA	NA	NA	NA	NA	NA	NA	NA	NA	NA	NA	NA	NA	NA	NA	10	NA	NA	PRAD	NA	NA	NA	PT2C	NA	NA	WGS	NA	NA	NA	5.0	NA	NA	NA	NA	NA	1	NA	NA	Male	NA	Unmatched	NA	NA	NA	0.3	NA	NA	NA	NA	Prostate	NA	NA	NA
prad_cpcg_2017	PR-2661	PR-2661-Tumor	59.0	NA	NA	Prostate Cancer	Prostate Adenocarcinoma	NA	NA	T2C	Barbieri	NA	NA	NA	NA	NA	NA	NA	NA	NA	NA	NA	NA	NA	NA	NA	NA	NA	NA	NA	NA	NA	NA	3+3	NA	NA	NA	NA	NA	NA	NA	NA	NA	NA	NA	NA	NA	NA	NA	NA	NA	NA	NA	NA	PRAD	NA	NA	NA	NA	NA	NA	WEX	NA	NA	NA	4.5	NA	NA	NA	NA	NA	1	NA	NA	Male	NA	Unmatched	NA	NA	NA	0	NA	NA	NA	NA	Prostate	NA	NA	NA
prad_cpcg_2017	PR-2740	PR-2740-Tumor	58.0	NA	NA	Prostate Cancer	Prostate Adenocarcinoma	NA	NA	T2C	Barbieri	NA	NA	NA	NA	NA	NA	NA	NA	NA	NA	NA	NA	NA	NA	NA	NA	NA	NA	NA	NA	NA	NA	3+3	NA	NA	NA	NA	NA	NA	NA	NA	NA	NA	NA	NA	NA	NA	NA	NA	NA	1	NA	NA	PRAD	NA	NA	NA	NA	NA	NA	WEX	NA	NA	NA	2.8	NA	NA	NA	NA	NA	1	NA	NA	Male	NA	Unmatched	NA	NA	NA	0.0333333333333	NA	NA	NA	NA	Prostate	NA	NA	NA
prad_cpcg_2017	PR-2761	PR-2761-Tumor	56.0	NA	NA	Prostate Cancer	Prostate Adenocarcinoma	NA	NA	T2C	Barbieri	NA	NA	NA	NA	NA	NA	NA	NA	NA	NA	NA	NA	NA	NA	NA	NA	NA	NA	NA	NA	NA	NA	3+3	NA	NA	NA	NA	NA	NA	NA	NA	NA	NA	NA	NA	NA	NA	NA	NA	NA	11	NA	NA	PRAD	NA	NA	NA	NA	NA	NA	WEX	NA	NA	NA	4.3	NA	NA	NA	NA	NA	1	NA	NA	Male	NA	Unmatched	NA	NA	NA	0.366666666667	NA	NA	NA	NA	Prostate	NA	NA	NA
prad_cpcg_2017	PR-2762	PR-2762-Tumor	68.0	NA	NA	Prostate Cancer	Prostate Adenocarcinoma	NA	NA	T2C	Barbieri	NA	NA	NA	NA	NA	NA	NA	NA	NA	NA	NA	NA	NA	NA	NA	NA	NA	NA	NA	NA	NA	NA	3+4	NA	NA	NA	NA	NA	NA	NA	NA	NA	NA	NA	NA	NA	NA	NA	NA	NA	10	NA	NA	PRAD	NA	NA	NA	NA	NA	NA	WEX	NA	NA	NA	5.5	NA	NA	NA	NA	NA	1	NA	NA	Male	NA	Unmatched	NA	NA	NA	0.333333333333	NA	NA	NA	NA	Prostate	NA	NA	NA
prad_cpcg_2017	PR-2832	PR-2832	66.0	NA	NA	Prostate Cancer	Prostate Adenocarcinoma	59	NA	NA	Berger	NA	NA	NA	NA	NA	NA	NA	NA	NA	NA	NA	NA	NA	NA	NA	NA	TMPRSS2-ERG	NA	NA	NA	NA	NA	3+4	NA	NA	NA	NA	NA	NA	NA	NA	NA	NA	NA	NA	NA	NA	NA	NA	NA	NA	NA	NA	PRAD	NA	NA	NA	T2C	NA	NA	WGS	1.927	NA	NA	6.6	NA	NA	NA	NA	NA	1	NA	NA	Male	NA	Unmatched	NA	NA	NA	0	NA	NA	NA	NA	Prostate	NA	NA	NA
prad_cpcg_2017	PR-2858	PR-2858-Tumor	52.0	NA	NA	Prostate Cancer	Prostate Adenocarcinoma	NA	NA	T3A	Barbieri	NA	NA	NA	NA	NA	NA	NA	NA	NA	NA	NA	NA	NA	NA	NA	NA	NA	NA	NA	NA	NA	NA	3+4	NA	NA	NA	NA	NA	NA	NA	NA	NA	NA	NA	NA	NA	NA	NA	NA	NA	1	NA	NA	PRAD	NA	NA	NA	NA	NA	NA	WEX	NA	NA	NA	5.3	NA	NA	NA	NA	NA	1	NA	NA	Male	NA	Unmatched	NA	NA	NA	0.0333333333333	NA	NA	NA	NA	Prostate	NA	NA	NA
prad_cpcg_2017	PR-2915	PR-2915-Tumor	66.0	NA	NA	Prostate Cancer	Prostate Adenocarcinoma	NA	NA	T2C	Barbieri	NA	NA	NA	NA	NA	NA	NA	NA	NA	NA	NA	NA	NA	NA	NA	NA	NA	NA	NA	NA	NA	NA	3+4	NA	NA	NA	NA	NA	NA	NA	NA	NA	NA	NA	NA	NA	NA	NA	NA	NA	15	NA	NA	PRAD	NA	NA	NA	NA	NA	NA	WEX	NA	NA	NA	3.6	NA	NA	NA	NA	NA	1	NA	NA	Male	NA	Unmatched	NA	NA	NA	0.5	NA	NA	NA	NA	Prostate	NA	NA	NA
prad_cpcg_2017	PR-2916	PR-2916-Tumor	65.0	NA	NA	Prostate Cancer	Prostate Adenocarcinoma	NA	NA	T3A	Barbieri	NA	NA	NA	NA	NA	NA	NA	NA	NA	NA	NA	NA	NA	NA	NA	NA	NA	NA	NA	NA	NA	NA	3+4	NA	NA	NA	NA	NA	NA	NA	NA	NA	NA	NA	NA	NA	NA	NA	NA	NA	NA	NA	NA	PRAD	NA	NA	NA	NA	NA	NA	WEX	NA	NA	NA	9.1	NA	NA	NA	NA	NA	1	NA	NA	Male	NA	Unmatched	NA	NA	NA	0	NA	NA	NA	NA	Prostate	NA	NA	NA
prad_cpcg_2017	PR-3023	PR-3023-Tumor	67.0	NA	NA	Prostate Cancer	Prostate Adenocarcinoma	NA	NA	T2C	Barbieri	NA	NA	NA	NA	NA	NA	NA	NA	NA	NA	NA	NA	NA	NA	NA	NA	NA	NA	NA	NA	NA	NA	4+3	NA	NA	NA	NA	NA	NA	NA	NA	NA	NA	NA	NA	NA	NA	NA	NA	NA	2	NA	NA	PRAD	NA	NA	NA	NA	NA	NA	WEX	NA	NA	NA	5.0	NA	NA	NA	NA	NA	1	NA	NA	Male	NA	Unmatched	NA	NA	NA	0.0666666666667	NA	NA	NA	NA	Prostate	NA	NA	NA
prad_cpcg_2017	PR-3026	PR-3026-Tumor	56.0	NA	NA	Prostate Cancer	Prostate Adenocarcinoma	NA	NA	T3B	Barbieri	NA	NA	NA	NA	NA	NA	NA	NA	NA	NA	NA	NA	NA	NA	NA	NA	NA	NA	NA	NA	NA	NA	3+4	NA	NA	NA	NA	NA	NA	NA	NA	NA	NA	NA	NA	NA	NA	NA	NA	NA	15	NA	NA	PRAD	NA	NA	NA	NA	NA	NA	WEX	NA	NA	NA	24.2	NA	NA	NA	NA	NA	1	NA	NA	Male	NA	Unmatched	NA	NA	NA	0.5	NA	NA	NA	NA	Prostate	NA	NA	NA
prad_cpcg_2017	PR-3035	PR-3035-Tumor	34.0	NA	NA	Prostate Cancer	Prostate Adenocarcinoma	NA	NA	T2C	Barbieri	NA	NA	NA	NA	NA	NA	NA	NA	NA	NA	NA	NA	NA	NA	NA	NA	NA	NA	NA	NA	NA	NA	3+4	NA	NA	NA	NA	NA	NA	NA	NA	NA	NA	NA	NA	NA	NA	NA	NA	NA	10	NA	NA	PRAD	NA	NA	NA	NA	NA	NA	WEX	NA	NA	NA	4.2	NA	NA	NA	NA	NA	1	NA	NA	Male	NA	Unmatched	NA	NA	NA	0.333333333333	NA	NA	NA	NA	Prostate	NA	NA	NA
prad_cpcg_2017	PR-3036	PR-3036-Tumor	47.0	NA	NA	Prostate Cancer	Prostate Adenocarcinoma	NA	NA	T2C	Barbieri	NA	NA	NA	NA	NA	NA	NA	NA	NA	NA	NA	NA	NA	NA	NA	NA	NA	NA	NA	NA	NA	NA	3+4	NA	NA	NA	NA	NA	NA	NA	NA	NA	NA	NA	NA	NA	NA	NA	NA	NA	4	NA	NA	PRAD	NA	NA	NA	NA	NA	NA	WEX	NA	NA	NA	5.1	NA	NA	NA	NA	NA	1	NA	NA	Male	NA	Unmatched	NA	NA	NA	0.133333333333	NA	NA	NA	NA	Prostate	NA	NA	NA
prad_cpcg_2017	PR-3042	PR-3042	67.0	NA	NA	Prostate Cancer	Prostate Adenocarcinoma	NA	NA	NA	Baca	NA	NA	NA	NA	NA	NA	NA	NA	NA	NA	NA	NA	NA	NA	NA	NA	NA	NA	NA	NA	NA	NA	3+4	NA	NA	NA	NA	NA	NA	NA	NA	NA	NA	NA	NA	NA	NA	NA	NA	NA	13	NA	NA	PRAD	NA	NA	NA	PT2C	NA	NA	WGS	NA	NA	NA	3.3	NA	NA	NA	NA	NA	1	NA	NA	Male	NA	Unmatched	NA	NA	NA	0.433333333333	NA	NA	NA	NA	Prostate	NA	NA	NA
prad_cpcg_2017	PR-3043	PR-3043	69.0	NA	NA	Prostate Cancer	Prostate Adenocarcinoma	68	NA	NA	Berger	NA	NA	NA	NA	NA	NA	NA	NA	NA	NA	NA	NA	NA	NA	NA	NA	Negative	NA	NA	NA	NA	NA	3+4	NA	NA	NA	NA	NA	NA	NA	NA	NA	NA	NA	NA	NA	NA	NA	NA	NA	10	NA	NA	PRAD	NA	NA	NA	T2C	NA	NA	WGS	1.956	NA	NA	7.2	NA	NA	NA	NA	NA	1	NA	NA	Male	NA	Unmatched	NA	NA	NA	0.333333333333	NA	NA	NA	NA	Prostate	NA	NA	NA
prad_cpcg_2017	PR-3048	PR-3048-Tumor	64.0	NA	NA	Prostate Cancer	Prostate Adenocarcinoma	NA	NA	T2C	Barbieri	NA	NA	NA	NA	NA	NA	NA	NA	NA	NA	NA	NA	NA	NA	NA	NA	NA	NA	NA	NA	NA	NA	3+4	NA	NA	NA	NA	NA	NA	NA	NA	NA	NA	NA	NA	NA	NA	NA	NA	NA	NA	NA	NA	PRAD	NA	NA	NA	NA	NA	NA	WEX	NA	NA	NA	3.5	NA	NA	NA	NA	NA	1	NA	NA	Male	NA	Unmatched	NA	NA	NA	0	NA	NA	NA	NA	Prostate	NA	NA	NA
prad_cpcg_2017	PR-3051	PR-3051-Tumor	60.0	NA	NA	Prostate Cancer	Prostate Adenocarcinoma	NA	NA	T2C	Barbieri	NA	NA	NA	NA	NA	NA	NA	NA	NA	NA	NA	NA	NA	NA	NA	NA	NA	NA	NA	NA	NA	NA	3+4	NA	NA	NA	NA	NA	NA	NA	NA	NA	NA	NA	NA	NA	NA	NA	NA	NA	11	NA	NA	PRAD	NA	NA	NA	NA	NA	NA	WEX	NA	NA	NA	20.0	NA	NA	NA	NA	NA	1	NA	NA	Male	NA	Unmatched	NA	NA	NA	0.366666666667	NA	NA	NA	NA	Prostate	NA	NA	NA
prad_cpcg_2017	PR-STID0000002682	PR-STID0000002682	71.0	NA	NA	Prostate Cancer	Prostate Adenocarcinoma	NA	NA	NA	Baca	NA	NA	NA	NA	NA	NA	NA	NA	NA	NA	NA	NA	NA	NA	NA	NA	NA	NA	NA	NA	NA	NA	4+3	NA	NA	NA	NA	NA	NA	NA	NA	NA	NA	NA	NA	NA	NA	NA	NA	NA	12	NA	NA	PRAD	NA	NA	NA	PT2C	NA	NA	WGS	NA	NA	NA	7.6	NA	NA	NA	NA	NA	1	NA	NA	Male	NA	Unmatched	NA	NA	NA	0.4	NA	NA	NA	NA	Prostate	NA	NA	NA
prad_cpcg_2017	PR-STID0000002872	PR-STID0000002872	62.0	NA	NA	Prostate Cancer	Prostate Adenocarcinoma	NA	NA	NA	Baca	NA	NA	NA	NA	NA	NA	NA	NA	NA	NA	NA	NA	NA	NA	NA	NA	NA	NA	NA	NA	NA	NA	3+4	NA	NA	NA	NA	NA	NA	NA	NA	NA	NA	NA	NA	NA	NA	NA	NA	NA	9	NA	NA	PRAD	NA	NA	NA	PT3A	NA	NA	WGS	NA	NA	NA	6.0	NA	NA	NA	NA	NA	1	NA	NA	Male	NA	Unmatched	NA	NA	NA	0.3	NA	NA	NA	NA	Prostate	NA	NA	NA
prad_cpcg_2017	PR-STID0000003127	PR-STID0000003127	55.0	NA	NA	Prostate Cancer	Prostate Adenocarcinoma	NA	NA	NA	Baca	NA	NA	NA	NA	NA	NA	NA	NA	NA	NA	NA	NA	NA	NA	NA	NA	NA	NA	NA	NA	NA	NA	3+4	NA	NA	NA	NA	NA	NA	NA	NA	NA	NA	NA	NA	NA	NA	NA	NA	NA	10	NA	NA	PRAD	NA	NA	NA	PT2C	NA	NA	WGS	NA	NA	NA	4.2	NA	NA	NA	NA	NA	1	NA	NA	Male	NA	Unmatched	NA	NA	NA	0.333333333333	NA	NA	NA	NA	Prostate	NA	NA	NA
prad_cpcg_2017	TCGA-2A-A8VL	TCGA-2A-A8VL-01	51.0	NA	NA	Prostate Cancer	Prostate Adenocarcinoma	NA	NA	T2B	TCGA-PRAD	NA	NA	NA	NA	1273	NA	NA	NA	621	NA	NA	NA	NA	NA	NA	NA	NA	NA	NA	NA	NA	NA	3+3	NA	NA	NA	NA	c61	8140/3	c61.9	NA	NA	NA	NO	NA	NA	NA	NA	NA	NA	11	NA	TRUE	PRAD	NA	NA	NA	NA	TCGA-2A-A8VL.FC65B44D-EDAD-4A48-A564-8721C5CD3AA8.pdf	FC65B44D-EDAD-4A48-A564-8721C5CD3AA8	WXS	NA	NA	NA	2.7	NA	NA	NA	NA	NA	1	Primary	1.0	Male	NA	Matched	NA	NA	NA	0.366666666667	NA	NA	NA	NA	Prostate	A	Alive	NA
prad_cpcg_2017	TCGA-2A-A8VO	TCGA-2A-A8VO-01	57.0	NO	Normal (no evidence of prostate cancer) [cM0]	Prostate Cancer	Prostate Adenocarcinoma	NA	M0	T1C	TCGA-PRAD	YES	No Evidence of Extraprostatic Extension	NA	22	1290	11	NA	0.0	1332	84	1332	55.88	0:DiseaseFree	YES	NA	NA	NA	NA	3/30/14	3.0	3.0	4	6	NA	Prostate Adenocarcinoma Acinar Type	No	No	C61	8140/3	C61.9	YES	Core needle biopsy	2010.0	NO	Bilateral	NA	NA	NO	NA	Extraprostatic Extension Localized (e.g. seminal vesicles)	8	NO	TRUE	PRAD	55.88	0:LIVING	NA	T3A	TCGA-2A-A8VO.B699D2D8-1EB6-4BFE-A468-D1FFA5F32D98.pdf	B699D2D8-1EB6-4BFE-A468-D1FFA5F32D98	WXS	NA	Overlapping / Multiple Zones	NO	5.0	NA	NA	NO	R1	YES	1	Primary	1.0	Male	NA	Matched	NA	NO	2A	0.266666666667	NA	NA	Apex|Middle|Base	TUMOR FREE	Prostate	A	Alive	NA
prad_cpcg_2017	TCGA-2A-A8VV	TCGA-2A-A8VV-01	52.0	NO	Equivocal	Prostate Cancer	Prostate Adenocarcinoma	NA	M0	T2B	TCGA-PRAD	YES	No Evidence of Extraprostatic Extension	NA	167	1155	29	NA	0.0	671	204	560	22.04	0:DiseaseFree	YES	NA	NA	NA	NA	3/29/14	3.0	3.0	4	6	NA	Prostate Adenocarcinoma Acinar Type	No	No	C61	8140/3	C61.9	YES	Core needle biopsy	2010.0	NO	Right	NA	16	YES	0	No Evidence of Extraprostatic Extension	6	NO	TRUE	PRAD	22.04	0:LIVING	N0	T2B	TCGA-2A-A8VV.E42BC148-77A7-4FEB-9ACE-8BC2FFD33BF7.pdf	E42BC148-77A7-4FEB-9ACE-8BC2FFD33BF7	WXS	NA	Peripheral Zone	NO	5.0	NA	NA	NO	R0	YES	1	Primary	1.0	Male	NA	Matched	NA	NO	2A	0.2	NA	NA	Apex|Middle	TUMOR FREE	Prostate	A	Alive	NA
prad_cpcg_2017	TCGA-2A-A8W1	TCGA-2A-A8W1-01	54.0	NO	Normal (no evidence of prostate cancer) [cM0]	Prostate Cancer	Prostate Adenocarcinoma	NA	M0	T1C	TCGA-PRAD	NO	NA	NA	27	888	NA	NA	0.0	112	NA	-122	3.68	0:DiseaseFree	NO	NA	NA	NA	NA	3/29/14	4.0	3.0	NA	7	NA	Prostate Adenocarcinoma Acinar Type	No	No	C61	8140/3	C61.9	YES	Core needle biopsy	2011.0	NO	Left	NA	12	YES	0	NA	10	NO	TRUE	PRAD	3.68	0:LIVING	N0	T3A	TCGA-2A-A8W1.3A4CC21B-D751-49EA-BCFB-785B683423A0.pdf	3A4CC21B-D751-49EA-BCFB-785B683423A0	WXS	NA	Peripheral Zone	NO	5.0	NA	NA	NA	R1	YES	1	Primary	1.0	Male	NA	Matched	NA	NA	2A	0.333333333333	NA	NA	Middle|Base	NA	Prostate	A	Alive	NA
prad_cpcg_2017	TCGA-CH-5737	TCGA-CH-5737-01	73.0	NO	Normal (no evidence of prostate cancer) [cM0]	Prostate Cancer	Prostate Adenocarcinoma	NA	M0	NA	TCGA-PRAD	YES	No Evidence of Extraprostatic Extension	NA	91	NA	91	NA	0.0	91	91	NA	2.99	0:DiseaseFree	YES	NA	NOT HISPANIC OR LATINO	NA	NA	3/16/12	4.0	3.0	NA	7	NA	Prostate Adenocarcinoma Acinar Type	No	No	C61	8550/3	C61.9	YES	Core needle biopsy	2007.0	NO	Bilateral	1.2	8	YES	0	No Evidence of Extraprostatic Extension	12	NA	NA	PRAD	2.99	0:LIVING	N0	T2C	TCGA-CH-5737.dbf280bb-fb7c-422f-b772-a62381c19afa.pdf	dbf280bb-fb7c-422f-b772-a62381c19afa	WXS	NA	Peripheral Zone	YES	14.69	NA	WHITE	NA	R0	NO	1	Primary	1.0	Male	0.4	Matched	0.4	NA	CH	0.4	NA	NA	NA	TUMOR FREE	Prostate	A	Alive	NA
prad_cpcg_2017	TCGA-CH-5738	TCGA-CH-5738-01	72.0	NO	NA	Prostate Cancer	Prostate Adenocarcinoma	NA	M0	NA	TCGA-PRAD	NO	NA	NA	NA	NA	NA	NA	0.0	212	NA	195	6.96	0:DiseaseFree	NO	NA	NOT HISPANIC OR LATINO	NA	NA	3/16/12	3.0	3.0	4	6	NA	Prostate Adenocarcinoma Acinar Type	No	No	C61	8550/3	C61.9	YES	Core needle biopsy	2006.0	NO	Bilateral	1.3	NA	NO	NA	NA	3	NA	NA	PRAD	6.96	0:LIVING	NA	NA	TCGA-CH-5738.3e17e46c-0c96-4930-b8ac-7acee8d40750.pdf	3e17e46c-0c96-4930-b8ac-7acee8d40750	WXS	NA	NA	YES	1.0	NA	WHITE	NA	R0	NO	1	Primary	1.0	Male	0.4	Matched	0.4	NA	CH	0.1	NA	NA	NA	TUMOR FREE	Prostate	A	Alive	NA
prad_cpcg_2017	TCGA-CH-5739	TCGA-CH-5739-01	65.0	NO	NA	Prostate Cancer	Prostate Adenocarcinoma	NA	M0	NA	TCGA-PRAD	NO	NA	NA	NA	NA	NA	NA	0.0	671	NA	586	22.04	0:DiseaseFree	NO	NA	NOT HISPANIC OR LATINO	NA	NA	3/16/12	3.0	4.0	NA	7	NA	Prostate Adenocarcinoma Acinar Type	No	No	C61	8550/3	C61.9	YES	Core needle biopsy	2006.0	NO	Left	0.9	8	YES	0	NA	20	NA	NA	PRAD	22.04	0:LIVING	N0	T3A	TCGA-CH-5739.6db82b14-85e4-40c4-9827-a588c4a25ce8.pdf	6db82b14-85e4-40c4-9827-a588c4a25ce8	WXS	NA	Peripheral Zone	YES	2.0	NA	WHITE	NA	R0	NO	1	Primary	1.0	Male	0.4	Matched	0.4	NA	CH	0.666666666667	NA	NA	NA	TUMOR FREE	Prostate	A	Alive	NA
prad_cpcg_2017	TCGA-CH-5740	TCGA-CH-5740-01	57.0	NO	Normal (no evidence of prostate cancer) [cM0]	Prostate Cancer	Prostate Adenocarcinoma	NA	M0	NA	TCGA-PRAD	NO	NA	NA	31	NA	NA	NA	0.0	31	31	NA	1.02	0:DiseaseFree	YES	NA	NOT HISPANIC OR LATINO	NA	NA	3/21/12	3.0	4.0	NA	7	NA	Prostate Adenocarcinoma Acinar Type	No	No	C61	8550/3	C61.9	YES	Core needle biopsy	2009.0	NO	Bilateral	1	4	YES	0	No Evidence of Extraprostatic Extension	10	NA	NA	PRAD	1.02	0:LIVING	N0	T2C	TCGA-CH-5740.25992d81-7441-4d60-a773-457618dcedbc.pdf	25992d81-7441-4d60-a773-457618dcedbc	WXS	NA	NA	YES	1.6	NA	WHITE	NA	R0	NO	1	Primary	1.0	Male	0.3	Matched	0.8	NA	CH	0.333333333333	NA	NA	NA	TUMOR FREE	Prostate	A	Alive	NA
prad_cpcg_2017	TCGA-CH-5743	TCGA-CH-5743-01	66.0	NO	Normal (no evidence of prostate cancer) [cM0]	Prostate Cancer	Prostate Adenocarcinoma	NA	M0	NA	TCGA-PRAD	YES	No Evidence of Extraprostatic Extension	NA	29	NA	29	NA	0.0	425	NA	394	13.96	1:Recurred/Progressed	NO	NA	NOT HISPANIC OR LATINO	NA	NA	3/16/12	3.0	4.0	NA	7	NA	Prostate Adenocarcinoma Acinar Type	No	No	C61	8550/3	C61.9	YES	Core needle biopsy	2008.0	NO	Bilateral	1.2	1	YES	0	NA	NA	NA	NA	PRAD	13.96	0:LIVING	N0	T2C	TCGA-CH-5743.e4f18f30-a6f0-4262-8f34-ce32db5cbe4a.pdf	e4f18f30-a6f0-4262-8f34-ce32db5cbe4a	WXS	NA	Peripheral Zone	YES	10.0	NA	WHITE	NA	R0	NO	1	Primary	1.0	Male	0.4	Matched	0.5	NA	CH	0	NA	NA	NA	TUMOR FREE	Prostate	A	Alive	NA
prad_cpcg_2017	TCGA-CH-5744	TCGA-CH-5744-01	64.0	NO	Normal (no evidence of prostate cancer) [cM0]	Prostate Cancer	Prostate Adenocarcinoma	NA	M0	NA	TCGA-PRAD	YES	No Evidence of Extraprostatic Extension	NA	60	NA	60	NA	0.0	60	NA	48	1.97	0:DiseaseFree	NO	NA	NOT HISPANIC OR LATINO	NA	NA	3/16/12	4.0	3.0	5	7	NA	Prostate Adenocarcinoma Acinar Type	No	No	C61	8550/3	C61.9	YES	Core needle biopsy	2008.0	NO	Bilateral	0.5	3	YES	0	NA	15	NA	NA	PRAD	1.97	0:LIVING	N0	T2C	TCGA-CH-5744.797db4c8-a9d9-4404-a520-9be024ced9d5.pdf	797db4c8-a9d9-4404-a520-9be024ced9d5	WXS	NA	Peripheral Zone	YES	9.63	NA	WHITE	NA	R0	NO	1	Primary	1.0	Male	0.2	Matched	0.4	NA	CH	0.533333333333	NA	NA	NA	TUMOR FREE	Prostate	A	Alive	NA
prad_cpcg_2017	TCGA-CH-5745	TCGA-CH-5745-01	68.0	NO	Normal (no evidence of prostate cancer) [cM0]	Prostate Cancer	Prostate Adenocarcinoma	NA	M0	NA	TCGA-PRAD	NO	NA	NA	91	NA	NA	NA	0.0	91	NA	84	2.99	0:DiseaseFree	NO	NA	NOT HISPANIC OR LATINO	NA	NA	3/16/12	3.0	4.0	NA	7	NA	Prostate Adenocarcinoma Acinar Type	No	No	C61	8550/3	C61.9	YES	Core needle biopsy	2008.0	NO	NA	0.8	5	YES	0	NA	14	NA	NA	PRAD	2.99	0:LIVING	N0	T3A	TCGA-CH-5745.43e941e9-cfbd-45bc-91bb-28e5f5d9b767.pdf	43e941e9-cfbd-45bc-91bb-28e5f5d9b767	WXS	NA	Overlapping / Multiple Zones	YES	4.3	NA	WHITE	NA	R0	NO	1	Primary	1.0	Male	0.4	Matched	0.5	NA	CH	0.466666666667	NA	NA	NA	TUMOR FREE	Prostate	A	Alive	NA
prad_cpcg_2017	TCGA-CH-5746	TCGA-CH-5746-01	57.0	NO	Normal (no evidence of prostate cancer) [cM0]	Prostate Cancer	Prostate Adenocarcinoma	NA	M0	NA	TCGA-PRAD	YES	No Evidence of Extraprostatic Extension	NA	59	NA	59	NA	0.0	731	NA	693	24.01	0:DiseaseFree	NO	NA	NOT HISPANIC OR LATINO	NA	NA	3/16/12	3.0	4.0	NA	7	NA	Prostate Adenocarcinoma Acinar Type	No	No	C61	8550/3	C61.9	YES	Core needle biopsy	2007.0	NO	Bilateral	0.5	2	YES	0	NA	2	NA	NA	PRAD	24.01	0:LIVING	N0	T2C	TCGA-CH-5746.4ded5042-7ca5-46eb-ae44-1dd4c7a38c9e.pdf	4ded5042-7ca5-46eb-ae44-1dd4c7a38c9e	WXS	NA	NA	YES	10.0	NA	WHITE	NA	R1	NO	1	Primary	1.0	Male	0.1	Matched	0.4	NA	CH	0.0666666666667	NA	NA	NA	TUMOR FREE	Prostate	A	Alive	NA
prad_cpcg_2017	TCGA-CH-5748	TCGA-CH-5748-01	64.0	NA	NA	Prostate Cancer	Prostate Adenocarcinoma	NA	NA	NA	TCGA-PRAD	NO	NA	NA	NA	NA	NA	NA	0.0	31	NA	NA	1.02	0:DiseaseFree	NO	NA	NOT HISPANIC OR LATINO	NA	NA	3/21/12	4.0	3.0	NA	7	NA	Prostate Adenocarcinoma Acinar Type	No	No	C61	8550/3	C61.9	YES	Core needle biopsy	2009.0	NO	Bilateral	1.3	2	YES	0	NA	2	NA	NA	PRAD	1.02	0:LIVING	N0	T3A	TCGA-CH-5748.7d2d5d7d-481b-445d-8505-42564e11fce4.pdf	7d2d5d7d-481b-445d-8505-42564e11fce4	WXS	NA	NA	YES	NA	NA	WHITE	NA	R1	NO	1	Primary	1.0	Male	0.4	Matched	0.4	NA	CH	0.0666666666667	NA	NA	NA	WITH TUMOR	Prostate	A	Alive	NA
prad_cpcg_2017	TCGA-CH-5750	TCGA-CH-5750-01	72.0	NO	Normal (no evidence of prostate cancer) [cM0]	Prostate Cancer	Prostate Adenocarcinoma	NA	M0	NA	TCGA-PRAD	YES	No Evidence of Extraprostatic Extension	NA	31	NA	31	NA	0.0	396	NA	337	13.01	0:DiseaseFree	NO	NA	NOT HISPANIC OR LATINO	NA	NA	3/16/12	3.0	4.0	NA	7	NA	Prostate Adenocarcinoma Acinar Type	No	No	C61	8550/3	C61.9	YES	Core needle biopsy	2008.0	NO	Bilateral	0.9	7	YES	0	NA	20	NA	NA	PRAD	13.01	0:LIVING	N0	T2C	TCGA-CH-5750.4cbd15a8-2912-4a6d-bdc3-38a4ae4e1381.pdf	4cbd15a8-2912-4a6d-bdc3-38a4ae4e1381	WXS;WGS	NA	Peripheral Zone	YES	2.0	NA	WHITE	NA	R0	NO	1	Primary	1.0	Male	0.3	Matched	0.4	NA	CH	0.666666666667	NA	NA	NA	TUMOR FREE	Prostate	A	Alive	NA
prad_cpcg_2017	TCGA-CH-5788	TCGA-CH-5788-01	69.0	YES	Normal (no evidence of prostate cancer) [cM0]	Prostate Cancer	Prostate Adenocarcinoma	NA	M0	NA	TCGA-PRAD	YES	No Evidence of Extraprostatic Extension	786	31	NA	31	NA	0.0	821	NA	786	26.97	0:DiseaseFree	NO	NA	NOT HISPANIC OR LATINO	NA	NA	3/16/12	4.0	3.0	5	7	NA	Prostate Adenocarcinoma Acinar Type	No	No	C61	8550/3	C61.9	YES	Core needle biopsy	2007.0	NO	Bilateral	0.8	21	YES	6	NA	25	NA	NA	PRAD	26.97	0:LIVING	N1	T3B	TCGA-CH-5788.41e797ae-db60-4653-9e61-4050ec9c05b2.pdf	41e797ae-db60-4653-9e61-4050ec9c05b2	WXS;WGS	NA	NA	YES	3.58	NA	WHITE	NA	R0	NO	1	Primary	1.0	Male	0.2	Matched	0.5	NA	CH	0.833333333333	NA	NA	Base	NA	Prostate	A	Alive	NA
prad_cpcg_2017	TCGA-CH-5789	TCGA-CH-5789-01	61.0	NO	NA	Prostate Cancer	Prostate Adenocarcinoma	NA	M0	NA	TCGA-PRAD	YES	No Evidence of Extraprostatic Extension	NA	NA	NA	61	NA	0.0	304	NA	229	9.99	0:DiseaseFree	NA	NA	NOT HISPANIC OR LATINO	NA	NA	3/16/12	3.0	4.0	NA	7	NA	Prostate Adenocarcinoma Acinar Type	No	No	C61	8550/3	C61.9	YES	Core needle biopsy	2006.0	NO	Bilateral	1	4	NA	0	NA	NA	NA	NA	PRAD	9.99	0:LIVING	N0	T3A	TCGA-CH-5789.50e47b92-4c6a-4fca-8d01-0b4abc61bd0e.pdf	50e47b92-4c6a-4fca-8d01-0b4abc61bd0e	WXS;WGS	NA	Peripheral Zone	YES	2.0	NA	WHITE	NA	R0	NO	1	Primary	1.0	Male	0.4	Matched	0.4	NA	CH	0	NA	NA	NA	TUMOR FREE	Prostate	A	Alive	NA
prad_cpcg_2017	TCGA-CH-5790	TCGA-CH-5790-01	64.0	NO	NA	Prostate Cancer	Prostate Adenocarcinoma	NA	M0	NA	TCGA-PRAD	NO	NA	NA	NA	NA	NA	NA	0.0	974	NA	914	32	0:DiseaseFree	NO	NA	NOT HISPANIC OR LATINO	NA	NA	3/16/12	3.0	4.0	NA	7	NA	Prostate Adenocarcinoma Acinar Type	No	Yes	C61	8550/3	C61.9	YES	Core needle biopsy	2006.0	NO	Bilateral	1	5	YES	0	NA	6	NA	NA	PRAD	32.0	0:LIVING	N0	T2C	TCGA-CH-5790.0f2f0a80-6a25-4374-96ad-0dbd6d136906.pdf	0f2f0a80-6a25-4374-96ad-0dbd6d136906	WXS	NA	NA	YES	10.0	NA	WHITE	NA	R0	NO	1	Primary	1.0	Male	0.3	Matched	0.4	NA	CH	0.2	NA	NA	NA	TUMOR FREE	Prostate	A	Alive	NA
prad_cpcg_2017	TCGA-CH-5791	TCGA-CH-5791-01	72.0	NO	Normal (no evidence of prostate cancer) [cM0]	Prostate Cancer	Prostate Adenocarcinoma	NA	M0	NA	TCGA-PRAD	NO	NA	NA	61	NA	NA	NA	0.0	1004	NA	882	32	1:Recurred/Progressed	NO	NA	NOT HISPANIC OR LATINO	NA	NA	3/16/12	3.0	4.0	NA	7	NA	Prostate Adenocarcinoma Acinar Type	No	Yes	C61	8550/3	C61.9	YES	Core needle biopsy	2006.0	NO	Bilateral	0.8	2	YES	0	NA	17	NA	NA	PRAD	32.98	0:LIVING	N0	T3A	TCGA-CH-5791.009bf26f-b3df-4f10-b496-a4304af1e091.pdf	009bf26f-b3df-4f10-b496-a4304af1e091	WXS	NA	Peripheral Zone	YES	18.0	NA	WHITE	NA	R1	NO	1	Primary	1.0	Male	0.2	Matched	0.4	NA	CH	0.566666666667	NA	NA	NA	NA	Prostate	A	Alive	NA
prad_cpcg_2017	TCGA-CH-5794	TCGA-CH-5794-01	65.0	NO	Normal (no evidence of prostate cancer) [cM0]	Prostate Cancer	Prostate Adenocarcinoma	NA	M0	NA	TCGA-PRAD	YES	No Evidence of Extraprostatic Extension	NA	62	NA	62	NA	0.0	882	NA	821	28.98	0:DiseaseFree	NO	NA	NOT HISPANIC OR LATINO	NA	NA	3/16/12	3.0	4.0	NA	7	NA	Prostate Adenocarcinoma Acinar Type	No	No	C61	8550/3	C61.9	YES	Core needle biopsy	2006.0	NO	Bilateral	1.1	4	YES	0	NA	16	NA	NA	PRAD	28.98	0:LIVING	N0	T2B	TCGA-CH-5794.2bdbd62b-c2a0-4cdd-8187-6cf1db227e7e.pdf	2bdbd62b-c2a0-4cdd-8187-6cf1db227e7e	WXS	NA	Peripheral Zone	YES	1.0	NA	WHITE	NA	R0	NO	1	Primary	1.0	Male	0.4	Matched	0.4	NA	CH	0.533333333333	NA	NA	NA	TUMOR FREE	Prostate	A	Alive	NA
prad_cpcg_2017	TCGA-EJ-5494	TCGA-EJ-5494-01	50.0	NO	NA	Prostate Cancer	Prostate Adenocarcinoma	NA	M0	T2A	TCGA-PRAD	NA	NA	NA	NA	NA	NA	NA	0.0	378	NA	184	48.52	0:DiseaseFree	NA	NA	NOT HISPANIC OR LATINO	NA	NA	3/29/12	4.0	3.0	4	7	NA	Prostate Adenocarcinoma Acinar Type	No	No	C61	8550/3	C61.9	YES	Core needle biopsy	2009.0	NO	Bilateral	1.7	17	YES	0	NA	4	NA	NA	PRAD	48.52	0:LIVING	N0	T3A	TCGA-EJ-5494.e52eefbc-e27d-4a5d-a261-d06a2dcf5d53.pdf	e52eefbc-e27d-4a5d-a261-d06a2dcf5d53	WXS	NA	NA	YES	NA	NA	WHITE	NA	R0	NO	1	Primary	1.0	Male	0.3	Matched	1	NA	EJ	0.166666666667	NA	NA	Apex|Middle	TUMOR FREE	Prostate	A	Alive	NA
prad_cpcg_2017	TCGA-EJ-5496	TCGA-EJ-5496-01	59.0	NO	Normal (no evidence of prostate cancer) [cM0]	Prostate Cancer	Prostate Adenocarcinoma	NA	M0	T1C	TCGA-PRAD	YES	No Evidence of Extraprostatic Extension	NA	15	NA	15	NA	0.0	595	NA	595	19.55	0:DiseaseFree	NO	NA	NOT HISPANIC OR LATINO	NA	NA	3/30/12	3.0	4.0	4	7	NA	Prostate Adenocarcinoma Acinar Type	No	No	C61	8550/3	C61.9	YES	Core needle biopsy	2009.0	NO	Bilateral	2	26	YES	0	NA	12	NA	NA	PRAD	19.55	0:LIVING	N0	T2C	TCGA-EJ-5496.80e82784-0bca-4657-9c9f-e9b860dc09bc.pdf	80e82784-0bca-4657-9c9f-e9b860dc09bc	WXS	NA	Overlapping / Multiple Zones	YES	10.0	NA	WHITE	NA	R0	NO	1	Primary	1.0	Male	0.3	Matched	1	NA	EJ	0.366666666667	NA	NA	Apex|Middle|Base	TUMOR FREE	Prostate	A	Alive	NA
prad_cpcg_2017	TCGA-EJ-5497	TCGA-EJ-5497-01	47.0	NO	NA	Prostate Cancer	Prostate Adenocarcinoma	NA	M0	T2C	TCGA-PRAD	NO	NA	NA	NA	NA	NA	NA	0.0	405	NA	204	13.3	0:DiseaseFree	NO	NA	NOT HISPANIC OR LATINO	NA	NA	3/30/12	3.0	4.0	3	7	NA	Prostate Adenocarcinoma Acinar Type	No	No	C61	8550/3	C61.9	YES	Core needle biopsy	2009.0	NO	Bilateral	1.5	10	YES	0	NA	3	NA	NA	PRAD	13.3	0:LIVING	N0	T2C	TCGA-EJ-5497.4c6ab617-53f7-4556-a1a0-b44df4f67b6b.pdf	4c6ab617-53f7-4556-a1a0-b44df4f67b6b	WXS	NA	Overlapping / Multiple Zones	YES	10.0	NA	WHITE	NA	R0	NO	1	Primary	1.0	Male	0.5	Matched	0.6	NA	EJ	0.1	NA	NA	Middle	TUMOR FREE	Prostate	A	Alive	NA
prad_cpcg_2017	TCGA-EJ-5498	TCGA-EJ-5498-01	56.0	NO	Normal (no evidence of prostate cancer) [cM0]	Prostate Cancer	Prostate Adenocarcinoma	NA	NA	T2C	TCGA-PRAD	YES	No Evidence of Extraprostatic Extension	NA	12	NA	12	NA	0.0	537	NA	537	56.5	0:DiseaseFree	NO	NA	NOT HISPANIC OR LATINO	NA	NA	3/30/12	4.0	3.0	3	7	NA	Prostate Adenocarcinoma Acinar Type	No	No	C61	8550/3	C61.9	YES	Core needle biopsy	2010.0	NO	Bilateral	1.4	26	YES	0	NA	2	NA	NA	PRAD	56.5	0:LIVING	N0	T2C	TCGA-EJ-5498.53d058fd-5faa-43ab-8a5e-b6f95134970b.pdf	53d058fd-5faa-43ab-8a5e-b6f95134970b	WXS	NA	Overlapping / Multiple Zones	YES	10.0	NA	WHITE	NA	R0	NO	1	Primary	1.0	Male	0.5	Matched	0.7	NA	EJ	0.0666666666667	NA	NA	Middle	TUMOR FREE	Prostate	A	Alive	NA
prad_cpcg_2017	TCGA-EJ-5499	TCGA-EJ-5499-01	61.0	NO	NA	Prostate Cancer	Prostate Adenocarcinoma	NA	M0	T2B	TCGA-PRAD	NA	NA	NA	NA	NA	NA	NA	0.0	533	NA	533	46.48	0:DiseaseFree	NA	NA	NOT HISPANIC OR LATINO	NA	NA	3/30/12	4.0	3.0	3	7	NA	Prostate Adenocarcinoma Acinar Type	No	No	C61	8550/3	C61.9	YES	Core needle biopsy	2010.0	NO	Bilateral	1.1	19	YES	0	NA	14	NA	NA	PRAD	46.48	0:LIVING	N0	T3A	TCGA-EJ-5499.f69e29da-24d1-45f2-9b4f-a32f9e5479a4.pdf	f69e29da-24d1-45f2-9b4f-a32f9e5479a4	WXS	NA	Overlapping / Multiple Zones	YES	10.0	NA	ASIAN	NA	R0	NO	1	Primary	1.0	Male	0.4	Matched	0.9	NA	EJ	0.466666666667	NA	NA	Apex|Middle|Base	TUMOR FREE	Prostate	A	Alive	NA
prad_cpcg_2017	TCGA-EJ-5501	TCGA-EJ-5501-01	55.0	NO	Normal (no evidence of prostate cancer) [cM0]	Prostate Cancer	Prostate Adenocarcinoma	NA	M0	T2B	TCGA-PRAD	YES	No Evidence of Extraprostatic Extension	NA	9	NA	9	NA	0.0	729	NA	729	44.84	0:DiseaseFree	NO	NA	NOT HISPANIC OR LATINO	NA	NA	3/30/12	4.0	3.0	5	7	NA	Prostate Adenocarcinoma Acinar Type	No	No	C61	8550/3	C61.9	YES	Core needle biopsy	2010.0	NO	Bilateral	1	11	YES	0	NA	7	NA	NA	PRAD	44.84	0:LIVING	N0	T3B	TCGA-EJ-5501.630dee46-15db-4a16-84ee-a9d25fcccb80.pdf	630dee46-15db-4a16-84ee-a9d25fcccb80	WXS	NA	Overlapping / Multiple Zones	YES	10.0	NA	WHITE	NA	R0	NO	1	Primary	1.0	Male	0.3	Matched	1	NA	EJ	0.266666666667	NA	NA	Middle|Base	TUMOR FREE	Prostate	A	Alive	NA
prad_cpcg_2017	TCGA-EJ-5502	TCGA-EJ-5502-01	50.0	NO	Normal (no evidence of prostate cancer) [cM0]	Prostate Cancer	Prostate Adenocarcinoma	NA	M0	T2C	TCGA-PRAD	YES	No Evidence of Extraprostatic Extension	NA	7	NA	7	NA	0.0	245	NA	603	38.47	0:DiseaseFree	NO	NA	NA	NA	NA	3/30/12	4.0	3.0	3	7	NA	Prostate Adenocarcinoma Acinar Type	No	No	C61	8550/3	C61.9	YES	Core needle biopsy	2010.0	NO	Bilateral	1.7	11	YES	0	NA	1	NA	NA	PRAD	38.47	0:LIVING	N0	T2C	TCGA-EJ-5502.173e45e9-e2ab-4a1d-8bcc-15374f1ae511.pdf	173e45e9-e2ab-4a1d-8bcc-15374f1ae511	WXS	NA	Overlapping / Multiple Zones	YES	10.0	NA	NA	NA	R0	NO	1	Primary	1.0	Male	0.3	Matched	1	NA	EJ	0.0666666666667	NA	NA	Middle|Base	TUMOR FREE	Prostate	A	Alive	NA
prad_cpcg_2017	TCGA-EJ-5504	TCGA-EJ-5504-01	65.0	YES	Normal (no evidence of prostate cancer) [cM0]	Prostate Cancer	Prostate Adenocarcinoma	NA	M0	T2C	TCGA-PRAD	YES	Extraprostatic Extension (regional lymphadenopathy)[e.g. cN1]	77	25	NA	25	NA	0.0	229	NA	77	46.88	0:DiseaseFree	NO	NA	NOT HISPANIC OR LATINO	NA	NA	4/2/12	4.0	3.0	5	7	NA	Prostate Adenocarcinoma Acinar Type	No	No	C61	8550/3	C61.9	YES	Core needle biopsy	2010.0	NO	Bilateral	0.9	18	YES	1	NA	9	NA	NA	PRAD	46.88	0:LIVING	N1	T3A	TCGA-EJ-5504.74f98316-075f-45e1-9bca-3d885a070fa8.pdf	74f98316-075f-45e1-9bca-3d885a070fa8	WXS	NA	Overlapping / Multiple Zones	YES	100.0	NA	WHITE	NA	R1	NO	1	Primary	1.0	Male	0.4	Matched	0.8	NA	EJ	0.3	NA	NA	Apex|Middle|Base	WITH TUMOR	Prostate	A	Alive	NA
prad_cpcg_2017	TCGA-EJ-5505	TCGA-EJ-5505-01	57.0	NO	Normal (no evidence of prostate cancer) [cM0]	Prostate Cancer	Prostate Adenocarcinoma	NA	M0	T1C	TCGA-PRAD	YES	No Evidence of Extraprostatic Extension	NA	12	NA	12	NA	0.0	448	NA	448	30.29	0:DiseaseFree	NO	NA	NOT HISPANIC OR LATINO	NA	NA	4/2/12	4.0	3.0	3	7	NA	Prostate Adenocarcinoma Acinar Type	No	No	C61	8550/3	C61.9	YES	Core needle biopsy	2010.0	NO	Bilateral	1	24	YES	0	NA	17	NA	NA	PRAD	30.29	0:LIVING	N0	T2C	TCGA-EJ-5505.b8c31900-c8a8-45a7-a71a-fa356bf78511.pdf	b8c31900-c8a8-45a7-a71a-fa356bf78511	WXS	NA	NA	YES	10.0	NA	WHITE	NA	R0	NO	1	Primary	1.0	Male	0.6	Matched	0.6	NA	EJ	0.566666666667	NA	NA	Apex|Middle|Base	TUMOR FREE	Prostate	A	Alive	NA
prad_cpcg_2017	TCGA-EJ-5508	TCGA-EJ-5508-01	65.0	NO	NA	Prostate Cancer	Prostate Adenocarcinoma	NA	M0	T1C	TCGA-PRAD	NO	NA	NA	NA	NA	NA	NA	0.0	907	NA	907	64.55	0:DiseaseFree	NO	NA	NOT HISPANIC OR LATINO	NA	NA	4/2/12	3.0	4.0	4	7	NA	Prostate Adenocarcinoma Acinar Type	No	No	C61	8550/3	C61.9	YES	Core needle biopsy	2008.0	NO	Bilateral	0.7	17	YES	0	NA	1	NA	NA	PRAD	64.55	0:LIVING	N0	T3A	TCGA-EJ-5508.d2590559-0eb6-479e-ba3a-b59c3429ca6d.pdf	d2590559-0eb6-479e-ba3a-b59c3429ca6d	WXS	NA	NA	YES	10.0	NA	WHITE	NA	R0	NO	1	Primary	1.0	Male	0.3	Matched	0.6	NA	EJ	0.0333333333333	NA	NA	Middle|Base	TUMOR FREE	Prostate	A	Alive	NA
prad_cpcg_2017	TCGA-EJ-5509	TCGA-EJ-5509-01	63.0	NO	NA	Prostate Cancer	Prostate Adenocarcinoma	NA	M0	T2A	TCGA-PRAD	NO	NA	NA	NA	NA	NA	NA	0.0	1102	NA	1102	48.09	0:DiseaseFree	NO	NA	NOT HISPANIC OR LATINO	NA	NA	4/2/12	3.0	4.0	3	7	NA	Prostate Adenocarcinoma Acinar Type	No	No	C61	8550/3	C61.9	YES	Core needle biopsy	2009.0	NO	Bilateral	1	10	YES	0	NA	9	NA	NA	PRAD	48.09	0:LIVING	N0	T2C	TCGA-EJ-5509.672ff51d-12ba-402a-b6d6-87cc9c91e7ad.pdf	672ff51d-12ba-402a-b6d6-87cc9c91e7ad	WXS	NA	NA	YES	10.0	NA	WHITE	NA	R0	NO	1	Primary	1.0	Male	0.2	Matched	0.6	NA	EJ	0.3	NA	NA	Apex|Middle|Base	TUMOR FREE	Prostate	A	Alive	NA
prad_cpcg_2017	TCGA-EJ-5510	TCGA-EJ-5510-01	48.0	NO	Normal (no evidence of prostate cancer) [cM0]	Prostate Cancer	Prostate Adenocarcinoma	NA	M0	T1C	TCGA-PRAD	YES	No Evidence of Extraprostatic Extension	NA	14	NA	14	NA	0.0	738	NA	738	61.99	0:DiseaseFree	NO	NA	NOT HISPANIC OR LATINO	NA	NA	4/2/12	4.0	3.0	3	7	NA	Prostate Adenocarcinoma Acinar Type	No	No	C61	8550/3	C61.9	YES	Core needle biopsy	2009.0	NO	Bilateral	1.3	17	YES	0	NA	7	NA	NA	PRAD	61.99	0:LIVING	N0	T2C	TCGA-EJ-5510.9f549743-cbb3-46bb-9356-40f80e961b4d.pdf	9f549743-cbb3-46bb-9356-40f80e961b4d	WXS	NA	NA	YES	10.0	NA	WHITE	NA	R0	NO	1	Primary	1.0	Male	0.4	Matched	0.6	NA	EJ	0.233333333333	NA	NA	NA	TUMOR FREE	Prostate	A	Alive	NA
prad_cpcg_2017	TCGA-EJ-5511	TCGA-EJ-5511-01	55.0	NO	Normal (no evidence of prostate cancer) [cM0]	Prostate Cancer	Prostate Adenocarcinoma	NA	M0	T2B	TCGA-PRAD	NO	NA	NA	18	NA	NA	NA	0.0	788	NA	788	48.49	0:DiseaseFree	NO	NA	NOT HISPANIC OR LATINO	NA	NA	4/3/12	3.0	4.0	4	7	NA	Prostate Adenocarcinoma Acinar Type	No	No	C61	8550/3	C61.9	YES	Core needle biopsy	2009.0	NO	Bilateral	2	15	YES	0	NA	13	NA	NA	PRAD	48.49	0:LIVING	N0	T3A	TCGA-EJ-5511.4e4d79fc-ecc3-4533-ac69-9bdec44a080c.pdf	4e4d79fc-ecc3-4533-ac69-9bdec44a080c	WXS	NA	NA	YES	4.0	NA	BLACK OR AFRICAN AMERICAN	NA	R0	NO	1	Primary	1.0	Male	0.3	Matched	1.2	NA	EJ	0.466666666667	NA	NA	Apex|Middle|Base	TUMOR FREE	Prostate	A	Alive	NA
prad_cpcg_2017	TCGA-EJ-5512	TCGA-EJ-5512-01	46.0	NO	NA	Prostate Cancer	Prostate Adenocarcinoma	NA	M0	T1C	TCGA-PRAD	NA	NA	NA	NA	NA	NA	NA	0.0	782	NA	782	56.93	0:DiseaseFree	NA	NA	NOT HISPANIC OR LATINO	NA	NA	4/3/12	3.0	4.0	3	7	NA	Prostate Adenocarcinoma Acinar Type	No	No	C61	8550/3	C61.9	YES	Core needle biopsy	2009.0	NO	Bilateral	1.1	13	YES	0	NA	3	NA	NA	PRAD	56.93	0:LIVING	N0	T2C	TCGA-EJ-5512.8b273389-2655-4ac1-bcf0-b64505fe7b3d.pdf	8b273389-2655-4ac1-bcf0-b64505fe7b3d	WXS	NA	NA	YES	0.0	NA	WHITE	NA	R0	NO	1	Primary	1.0	Male	0.5	Matched	1	NA	EJ	0.1	NA	NA	Apex|Middle|Base	TUMOR FREE	Prostate	A	Alive	NA
prad_cpcg_2017	TCGA-EJ-5515	TCGA-EJ-5515-01	60.0	NO	Normal (no evidence of prostate cancer) [cM0]	Prostate Cancer	Prostate Adenocarcinoma	NA	M0	T1C	TCGA-PRAD	YES	No Evidence of Extraprostatic Extension	NA	30	NA	30	NA	0.0	1061	NA	1061	60.18	0:DiseaseFree	NO	NA	NOT HISPANIC OR LATINO	NA	NA	4/3/12	3.0	4.0	4	7	NA	Prostate Adenocarcinoma Acinar Type	No	No	C61	8550/3	C61.9	YES	Core needle biopsy	2009.0	NO	Right	2	20	YES	0	NA	NA	NA	NA	PRAD	60.18	0:LIVING	N0	T3A	TCGA-EJ-5515.1029ba11-efb4-42b7-871c-c97192a40e12.pdf	1029ba11-efb4-42b7-871c-c97192a40e12	WXS	NA	NA	YES	10.0	NA	WHITE	NA	R0	NO	1	Primary	1.0	Male	0.4	Matched	0.4	NA	EJ	0	NA	NA	Apex|Middle|Base	TUMOR FREE	Prostate	A	Alive	NA
prad_cpcg_2017	TCGA-EJ-5516	TCGA-EJ-5516-01	49.0	NO	Normal (no evidence of prostate cancer) [cM0]	Prostate Cancer	Prostate Adenocarcinoma	NA	M0	T2B	TCGA-PRAD	NO	NA	NA	0	NA	NA	NA	0.0	783	NA	730	62.06	0:DiseaseFree	NO	NA	NOT HISPANIC OR LATINO	NA	NA	4/3/12	3.0	4.0	3	7	NA	Prostate Adenocarcinoma Acinar Type	No	No	C61	8550/3	C61.9	YES	Core needle biopsy	2009.0	NO	Bilateral	1.6	6	YES	0	NA	3	NA	NA	PRAD	62.06	0:LIVING	N0	T3A	TCGA-EJ-5516.b15c052e-04f9-49d7-bca9-dddf59a7e9da.pdf	b15c052e-04f9-49d7-bca9-dddf59a7e9da	WXS	NA	NA	YES	12.0	NA	WHITE	NA	R0	NO	1	Primary	1.0	Male	0.3	Matched	0.8	NA	EJ	0.1	NA	NA	NA	TUMOR FREE	Prostate	A	Alive	NA
prad_cpcg_2017	TCGA-EJ-5517	TCGA-EJ-5517-01	55.0	NO	NA	Prostate Cancer	Prostate Adenocarcinoma	NA	M0	T1C	TCGA-PRAD	NO	NA	NA	NA	NA	NA	NA	0.0	850	NA	187	62.06	0:DiseaseFree	NO	NA	NOT HISPANIC OR LATINO	NA	NA	4/3/12	3.0	3.0	2	6	NA	Prostate Adenocarcinoma Acinar Type	No	No	C61	8550/3	C61.9	YES	Core needle biopsy	2008.0	NO	Bilateral	1.4	4	YES	0	NA	6	NA	NA	PRAD	62.06	0:LIVING	N0	T2C	TCGA-EJ-5517.67b66178-bd1b-44a8-9a30-762b0fc7c1ba.pdf	67b66178-bd1b-44a8-9a30-762b0fc7c1ba	WXS	NA	NA	YES	10.0	NA	WHITE	NA	R0	NO	1	Primary	1.0	Male	0.2	Matched	1	NA	EJ	0.2	NA	NA	NA	TUMOR FREE	Prostate	A	Alive	NA
prad_cpcg_2017	TCGA-EJ-5521	TCGA-EJ-5521-01	63.0	NO	NA	Prostate Cancer	Prostate Adenocarcinoma	NA	M0	T1C	TCGA-PRAD	NO	NA	NA	NA	NA	NA	NA	0.0	842	NA	240	74.87	0:DiseaseFree	NO	NA	NOT HISPANIC OR LATINO	NA	NA	4/4/12	3.0	4.0	3	7	NA	Prostate Adenocarcinoma Acinar Type	No	No	C61	8550/3	C61.9	YES	Core needle biopsy	2008.0	NO	Right	1.2	2	YES	0	NA	11	NA	NA	PRAD	74.87	0:LIVING	N0	T3A	TCGA-EJ-5521.0c816088-3fe4-4646-abaa-94095efd0b26.pdf	0c816088-3fe4-4646-abaa-94095efd0b26	WXS	NA	NA	YES	10.0	NA	WHITE	NA	R0	NO	1	Primary	1.0	Male	0.3	Matched	1	NA	EJ	0.366666666667	NA	NA	Middle|Base	TUMOR FREE	Prostate	A	Alive	NA
prad_cpcg_2017	TCGA-EJ-5522	TCGA-EJ-5522-01	51.0	NO	NA	Prostate Cancer	Prostate Adenocarcinoma	NA	M0	T2A	TCGA-PRAD	NO	NA	NA	NA	NA	NA	NA	0.0	1403	NA	1403	68.3	0:DiseaseFree	NO	NA	NOT HISPANIC OR LATINO	NA	NA	4/3/12	3.0	4.0	3	7	NA	Prostate Adenocarcinoma Acinar Type	No	No	C61	8550/3	C61.9	YES	Core needle biopsy	2008.0	NO	Bilateral	1.3	22	YES	0	NA	8	NA	NA	PRAD	68.3	0:LIVING	N0	T2C	TCGA-EJ-5522.756659d2-5e97-40d4-aa4e-c6d777153d0c.pdf	756659d2-5e97-40d4-aa4e-c6d777153d0c	WXS	NA	Overlapping / Multiple Zones	YES	10.0	NA	WHITE	NA	R0	NO	1	Primary	1.0	Male	0.3	Matched	0.9	NA	EJ	0.266666666667	NA	NA	Apex|Middle|Base	TUMOR FREE	Prostate	A	Alive	NA
prad_cpcg_2017	TCGA-EJ-5527	TCGA-EJ-5527-01	69.0	NO	NA	Prostate Cancer	Prostate Adenocarcinoma	NA	M0	T2A	TCGA-PRAD	NO	NA	NA	NA	NA	NA	NA	0.0	397	NA	217	58.41	0:DiseaseFree	NO	NA	NOT HISPANIC OR LATINO	NA	NA	4/4/12	4.0	3.0	3	7	NA	Prostate Adenocarcinoma Acinar Type	No	No	C61	8550/3	C61.9	YES	Core needle biopsy	2009.0	NO	Bilateral	1.5	9	YES	0	NA	4	NA	NA	PRAD	58.41	0:LIVING	N0	T3A	TCGA-EJ-5527.b4c74b9e-b639-4488-aef1-8bf008324f73.pdf	b4c74b9e-b639-4488-aef1-8bf008324f73	WXS	NA	NA	YES	10.0	NA	WHITE	NA	R0	NO	1	Primary	1.0	Male	0.3	Matched	0.7	NA	EJ	0.133333333333	NA	NA	Apex|Middle	TUMOR FREE	Prostate	A	Alive	NA
prad_cpcg_2017	TCGA-EJ-5530	TCGA-EJ-5530-01	61.0	NO	NA	Prostate Cancer	Prostate Adenocarcinoma	NA	M0	T2C	TCGA-PRAD	NO	NA	NA	NA	NA	NA	NA	0.0	1272	NA	586	60.18	0:DiseaseFree	NO	NA	NOT HISPANIC OR LATINO	NA	NA	4/4/12	3.0	4.0	3	7	NA	Prostate Adenocarcinoma Acinar Type	No	No	C61	8550/3	C61.9	YES	Core needle biopsy	2008.0	NO	Bilateral	2	6	YES	0	NA	8	NA	NA	PRAD	60.18	0:LIVING	N0	T2C	TCGA-EJ-5530.03cb0863-99db-411a-a347-a8675a65cb5a.pdf	03cb0863-99db-411a-a347-a8675a65cb5a	WXS	NA	NA	YES	10.0	NA	WHITE	NA	R0	NO	1	Primary	1.0	Male	0.3	Matched	1.8	NA	EJ	0.266666666667	NA	NA	Apex|Middle	TUMOR FREE	Prostate	A	Alive	NA
prad_cpcg_2017	TCGA-EJ-5531	TCGA-EJ-5531-01	62.0	NO	NA	Prostate Cancer	Prostate Adenocarcinoma	NA	M0	T2B	TCGA-PRAD	NO	NA	NA	NA	NA	NA	NA	0.0	724	NA	724	41.82	0:DiseaseFree	NO	NA	NOT HISPANIC OR LATINO	NA	NA	4/4/12	4.0	3.0	3	7	NA	Prostate Adenocarcinoma Acinar Type	No	No	C61	8550/3	C61.9	YES	Core needle biopsy	2009.0	NO	Bilateral	1	35	YES	0	NA	13	NA	NA	PRAD	41.82	0:LIVING	N0	T3A	TCGA-EJ-5531.0f235aad-3f99-4ac4-919e-0a4290c02075.pdf	0f235aad-3f99-4ac4-919e-0a4290c02075	WXS	NA	NA	YES	10.0	NA	WHITE	NA	R0	NO	1	Primary	1.0	Male	0.8	Matched	1	NA	EJ	0.433333333333	NA	NA	Apex|Middle|Base	TUMOR FREE	Prostate	A	Alive	NA
prad_cpcg_2017	TCGA-EJ-5532	TCGA-EJ-5532-01	57.0	NO	NA	Prostate Cancer	Prostate Adenocarcinoma	NA	M0	T1C	TCGA-PRAD	NO	NA	NA	NA	NA	NA	NA	0.0	926	NA	926	60.05	0:DiseaseFree	NO	NA	NOT HISPANIC OR LATINO	NA	NA	4/4/12	3.0	4.0	3	7	NA	Prostate Adenocarcinoma Acinar Type	No	No	C61	8550/3	C61.9	YES	Core needle biopsy	2009.0	NO	Bilateral	1.7	8	YES	0	NA	13	NA	NA	PRAD	60.05	0:LIVING	N0	T3A	TCGA-EJ-5532.11afaa3c-a99c-4e43-b4cb-eb139c9b1dab.pdf	11afaa3c-a99c-4e43-b4cb-eb139c9b1dab	WXS	NA	NA	YES	10.0	NA	WHITE	NA	R0	NO	1	Primary	1.0	Male	0.4	Matched	1	NA	EJ	0.433333333333	NA	NA	Middle|Base	TUMOR FREE	Prostate	A	Alive	NA
prad_cpcg_2017	TCGA-EJ-5542	TCGA-EJ-5542-01	60.0	NO	Normal (no evidence of prostate cancer) [cM0]	Prostate Cancer	Prostate Adenocarcinoma	NA	M0	T2B	TCGA-PRAD	YES	No Evidence of Extraprostatic Extension	NA	8	NA	9	NA	0.0	519	-21	519	49.7	0:DiseaseFree	YES	NA	NOT HISPANIC OR LATINO	NA	NA	4/4/12	3.0	4.0	3	7	NA	Prostate Adenocarcinoma Acinar Type	No	Yes	C61	8550/3	C61.9	YES	Core needle biopsy	2010.0	NO	Bilateral	1.7	17	YES	0	No Evidence of Extraprostatic Extension	10	NA	NA	PRAD	49.7	0:LIVING	N0	T3A	TCGA-EJ-5542.d6fe7cc6-45e5-4b6c-b1f4-1dd7fd3c27be.pdf	d6fe7cc6-45e5-4b6c-b1f4-1dd7fd3c27be	WXS	NA	NA	YES	10.0	NA	WHITE	NA	R0	NO	1	Primary	1.0	Male	0.4	Matched	0.9	NA	EJ	0.333333333333	NA	NA	Apex|Middle|Base	TUMOR FREE	Prostate	A	Alive	NA
prad_cpcg_2017	TCGA-EJ-7115	TCGA-EJ-7115-01	65.0	NO	Normal (no evidence of prostate cancer) [cM0]	Prostate Cancer	Prostate Adenocarcinoma	NA	M0	T1C	TCGA-PRAD	YES	No Evidence of Extraprostatic Extension	NA	10	NA	10	NA	0.0	822	NA	204	88.27	0:DiseaseFree	NO	NA	NOT HISPANIC OR LATINO	NA	NA	4/5/12	4.0	3.0	2	7	NA	Prostate Adenocarcinoma Acinar Type	No	No	C61	8550/3	C61.9	YES	Core needle biopsy	2006.0	NO	Bilateral	1.1	21	YES	0	NA	24	NA	NA	PRAD	88.27	0:LIVING	N0	T3A	TCGA-EJ-7115.1638ac15-f8d6-4c88-b91e-e21033ae09db.pdf	1638ac15-f8d6-4c88-b91e-e21033ae09db	WXS	NA	NA	YES	10.0	NA	WHITE	NA	R0	NO	1	Primary	1.0	Male	0.4	Matched	0.9	NA	EJ	0.8	NA	NA	NA	TUMOR FREE	Prostate	A	Alive	NA
prad_cpcg_2017	TCGA-EJ-7123	TCGA-EJ-7123-01	59.0	NO	NA	Prostate Cancer	Prostate Adenocarcinoma	NA	M0	T1C	TCGA-PRAD	NO	NA	NA	NA	NA	NA	NA	0.0	1491	NA	1491	84.49	0:DiseaseFree	NO	NA	NOT HISPANIC OR LATINO	NA	NA	4/5/12	3.0	4.0	3	7	NA	Prostate Adenocarcinoma Acinar Type	No	Yes	C61	8550/3	C61.9	YES	Core needle biopsy	2007.0	NO	Bilateral	0.7	22	YES	0	NA	11	NA	NA	PRAD	84.49	0:LIVING	N0	T2C	TCGA-EJ-7123.1ba8d08d-0be5-46a6-9540-8f6d028e0dea.pdf	1ba8d08d-0be5-46a6-9540-8f6d028e0dea	WXS	NA	NA	YES	10.0	NA	WHITE	NA	R0	NO	1	Primary	1.0	Male	0.1	Matched	0.4	NA	EJ	0.366666666667	NA	NA	Apex|Middle|Base	TUMOR FREE	Prostate	A	Alive	NA
prad_cpcg_2017	TCGA-EJ-7125	TCGA-EJ-7125-01	44.0	NO	Normal (no evidence of prostate cancer) [cM0]	Prostate Cancer	Prostate Adenocarcinoma	NA	M0	T1C	TCGA-PRAD	NO	NA	NA	12	NA	NA	NA	0.0	1860	NA	1860	93.63	0:DiseaseFree	NO	NA	NOT HISPANIC OR LATINO	NA	NA	4/5/12	3.0	4.0	3	7	NA	Prostate Adenocarcinoma Acinar Type	No	No	C61	8550/3	C61.9	YES	Core needle biopsy	2005.0	NO	Bilateral	1	13	YES	0	NA	15	NA	NA	PRAD	93.63	0:LIVING	N0	T2C	TCGA-EJ-7125.3565cc83-8305-490f-a47a-dc71b36a9044.pdf	3565cc83-8305-490f-a47a-dc71b36a9044	WXS	NA	NA	YES	10.0	NA	WHITE	NA	R0	NO	1	Primary	1.0	Male	0.4	Matched	1	NA	EJ	0.5	NA	NA	Apex|Middle	TUMOR FREE	Prostate	A	Alive	NA
prad_cpcg_2017	TCGA-EJ-7218	TCGA-EJ-7218-01	71.0	NO	NA	Prostate Cancer	Prostate Adenocarcinoma	NA	M0	T2A	TCGA-PRAD	NA	NA	NA	NA	2397	NA	NA	0.0	2542	NA	1473	83.51	0:DiseaseFree	NA	NA	NA	NA	NA	3/3/14	3.0	4.0	NA	7	NA	Prostate Adenocarcinoma Acinar Type	No	No	C61	8550/3	C61.9	YES	Core needle biopsy	2006.0	NO	Bilateral	NA	3	YES	0	NA	6	NO	TRUE	PRAD	83.51	0:LIVING	N0	T2C	TCGA-EJ-7218.D1D8A1D3-24B1-4787-8925-A5A8FC19DF74.pdf	D1D8A1D3-24B1-4787-8925-A5A8FC19DF74	WXS	NA	NA	YES	10.0	NA	NA	NO	R0	NO	1	Primary	1.0	Male	NA	Matched	NA	NO	EJ	0.2	NA	Complete Remission/Response	NA	TUMOR FREE	Prostate	B	Alive	NA
prad_cpcg_2017	TCGA-EJ-7312	TCGA-EJ-7312-01	58.0	NO	NA	Prostate Cancer	Prostate Adenocarcinoma	NA	M0	T3B	TCGA-PRAD	NA	NA	NA	NA	832	NA	NA	0.0	663	NA	376	36.1	0:DiseaseFree	NA	NA	NA	NA	NA	3/3/14	4.0	3.0	NA	7	NA	Prostate Adenocarcinoma Acinar Type	No	Yes, History of Prior Malignancy	C61	8550/3	C61.9	YES	Core needle biopsy	2011.0	NO	Bilateral	NA	3	YES	0	NA	11	NO	TRUE	PRAD	36.1	0:LIVING	N0	T3B	TCGA-EJ-7312.92D81258-C134-48A6-8B74-DE3789E1530F.pdf	92D81258-C134-48A6-8B74-DE3789E1530F	WXS	NA	NA	YES	10.0	NA	NA	NO	R0	NO	1	Primary	1.0	Male	NA	Matched	NA	NO	EJ	0.366666666667	NA	Complete Remission/Response	NA	TUMOR FREE	Prostate	B	Alive	NA
prad_cpcg_2017	TCGA-EJ-7314	TCGA-EJ-7314-01	62.0	NO	NA	Prostate Cancer	Prostate Adenocarcinoma	NA	M0	T2C	TCGA-PRAD	YES	No Evidence of Extraprostatic Extension	NA	NA	NA	14	NA	0.0	295	NA	295	37.78	0:DiseaseFree	NO	NA	NOT HISPANIC OR LATINO	NA	NA	4/5/12	4.0	3.0	5	7	NA	Prostate Adenocarcinoma Acinar Type	No	No	C61	8550/3	C61.9	YES	Core needle biopsy	2011.0	NO	Bilateral	1.5	14	YES	0	NA	11	NA	NA	PRAD	37.78	0:LIVING	N0	T3B	TCGA-EJ-7314.bbd6fa31-f4d4-4c06-aa64-1e263ccd8844.pdf	bbd6fa31-f4d4-4c06-aa64-1e263ccd8844	WXS	NA	NA	YES	10.0	NA	WHITE	NA	R0	NO	1	Primary	1.0	Male	0.3	Matched	1	NA	EJ	0.366666666667	NA	NA	Apex|Middle|Base	TUMOR FREE	Prostate	A	Alive	NA
prad_cpcg_2017	TCGA-EJ-7315	TCGA-EJ-7315-01	68.0	NO	NA	Prostate Cancer	Prostate Adenocarcinoma	NA	M0	T2A	TCGA-PRAD	NO	NA	NA	NA	NA	NA	NA	0.0	289	NA	289	33.11	0:DiseaseFree	NO	NA	NOT HISPANIC OR LATINO	NA	NA	4/5/12	4.0	3.0	5	7	NA	Prostate Adenocarcinoma Acinar Type	No	No	C61	8550/3	C61.9	YES	Core needle biopsy	2011.0	NO	Bilateral	2.5	7	YES	0	NA	12	NA	NA	PRAD	33.11	0:LIVING	N0	T3A	TCGA-EJ-7315.6afa83ac-9060-4b49-90a3-dc19824822e3.pdf	6afa83ac-9060-4b49-90a3-dc19824822e3	WXS	NA	NA	YES	10.0	NA	WHITE	NA	R0	NO	1	Primary	1.0	Male	0.5	Matched	1.5	NA	EJ	0.4	NA	NA	Apex|Middle|Base	TUMOR FREE	Prostate	A	Alive	NA
prad_cpcg_2017	TCGA-EJ-7317	TCGA-EJ-7317-01	71.0	NO	NA	Prostate Cancer	Prostate Adenocarcinoma	NA	M0	T1C	TCGA-PRAD	NA	NA	NA	NA	NA	NA	NA	0.0	285	NA	285	25.33	0:DiseaseFree	NA	NA	NOT HISPANIC OR LATINO	NA	NA	4/5/12	3.0	4.0	3	7	NA	Prostate Adenocarcinoma Acinar Type	No	No	C61	8550/3	C61.9	YES	Core needle biopsy	2011.0	NO	Bilateral	1.2	40	YES	0	NA	17	NA	NA	PRAD	25.33	0:LIVING	N0	T2C	TCGA-EJ-7317.f1531404-e42a-47a0-bbd7-6b0bd5ebf56b.pdf	f1531404-e42a-47a0-bbd7-6b0bd5ebf56b	WXS	NA	NA	YES	10.0	NA	WHITE	NA	R0	NO	1	Primary	1.0	Male	0.3	Matched	0.8	NA	EJ	0.566666666667	NA	NA	Apex|Middle	TUMOR FREE	Prostate	A	Alive	NA
prad_cpcg_2017	TCGA-EJ-7318	TCGA-EJ-7318-01	51.0	YES	NA	Prostate Cancer	Prostate Adenocarcinoma	NA	M0	T3A	TCGA-PRAD	NA	NA	189	NA	757	NA	NA	0.0	510	NA	189	12.48	1:Recurred/Progressed	NA	NA	NA	NA	NA	3/3/14	4.0	3.0	NA	7	NA	Prostate Adenocarcinoma Acinar Type	No	No	C61	8550/3	C61.9	YES	Core needle biopsy	2011.0	NO	Bilateral	NA	NA	NO	NA	NA	16	YES	TRUE	PRAD	33.8	0:LIVING	NA	T3A	TCGA-EJ-7318.B31F5757-0D35-4436-8F26-9AFE229049CD.pdf	B31F5757-0D35-4436-8F26-9AFE229049CD	WXS	NA	NA	YES	8.0	NA	NA	NO	R0	NO	1	Primary	1.0	Male	NA	Matched	NA	NO	EJ	0.533333333333	NA	Partial Remission/Response	NA	WITH TUMOR	Prostate	B	Alive	NA
prad_cpcg_2017	TCGA-EJ-7321	TCGA-EJ-7321-01	57.0	NO	Normal (no evidence of prostate cancer) [cM0]	Prostate Cancer	Prostate Adenocarcinoma	NA	M0	T1C	TCGA-PRAD	NO	NA	NA	10	NA	NA	NA	0.0	233	NA	128	27.07	0:DiseaseFree	NO	NA	NOT HISPANIC OR LATINO	NA	NA	4/5/12	3.0	3.0	4	6	NA	Prostate Adenocarcinoma Acinar Type	No	No	C61	8550/3	C61.9	YES	Core needle biopsy	2011.0	NO	Bilateral	1.4	25	YES	0	NA	8	NA	NA	PRAD	27.07	0:LIVING	N0	T3A	TCGA-EJ-7321.9d0d3184-b73a-4f24-919d-0ba7d5d32ff2.pdf	9d0d3184-b73a-4f24-919d-0ba7d5d32ff2	WXS	NA	NA	YES	10.0	NA	BLACK OR AFRICAN AMERICAN	NA	R0	NO	1	Primary	1.0	Male	0.4	Matched	1	NA	EJ	0.266666666667	NA	NA	NA	TUMOR FREE	Prostate	A	Alive	NA
prad_cpcg_2017	TCGA-EJ-7325	TCGA-EJ-7325-01	63.0	NO	NA	Prostate Cancer	Prostate Adenocarcinoma	NA	M0	T3B	TCGA-PRAD	NA	NA	NA	NA	855	NA	NA	0.0	533	NA	507	35.15	0:DiseaseFree	NA	NA	NA	NA	NA	3/3/14	3.0	4.0	NA	7	NA	Prostate Adenocarcinoma Acinar Type	No	Yes, History of Prior Malignancy	C61	8550/3	C61.9	YES	Core needle biopsy	2011.0	NO	Bilateral	NA	9	YES	0	NA	10	NO	TRUE	PRAD	35.15	0:LIVING	N0	T3B	TCGA-EJ-7325.6E9EC98C-FD89-47DA-BF8A-B7F4229C9E09.pdf	6E9EC98C-FD89-47DA-BF8A-B7F4229C9E09	WXS	NA	NA	YES	10.0	NA	NA	NO	R0	NO	1	Primary	1.0	Male	NA	Matched	NA	NO	EJ	0.333333333333	NA	Complete Remission/Response	NA	TUMOR FREE	Prostate	B	Alive	NA
prad_cpcg_2017	TCGA-EJ-7327	TCGA-EJ-7327-01	61.0	NO	NA	Prostate Cancer	Prostate Adenocarcinoma	NA	M0	T2A	TCGA-PRAD	NO	NA	NA	NA	NA	NA	NA	0.0	175	NA	175	30.32	0:DiseaseFree	NO	NA	NOT HISPANIC OR LATINO	NA	NA	4/5/12	3.0	4.0	5	7	NA	Prostate Adenocarcinoma Acinar Type	No	No	C61	8550/3	C61.9	YES	Core needle biopsy	2011.0	NO	Bilateral	1.7	17	YES	0	NA	10	NA	NA	PRAD	30.32	0:LIVING	N0	T3B	TCGA-EJ-7327.d2a2c78b-e7dd-4bdf-a6a0-4b87383a55bd.pdf	d2a2c78b-e7dd-4bdf-a6a0-4b87383a55bd	WXS	NA	NA	YES	10.0	NA	WHITE	NA	R0	NO	1	Primary	1.0	Male	0.2	Matched	1.6	NA	EJ	0.333333333333	NA	NA	Apex|Middle|Base	TUMOR FREE	Prostate	A	Alive	NA
prad_cpcg_2017	TCGA-EJ-7328	TCGA-EJ-7328-01	70.0	NA	NA	Prostate Cancer	Prostate Adenocarcinoma	NA	M0	T1C	TCGA-PRAD	NO	NA	NA	NA	NA	NA	NA	0.0	170	NA	NA	27.66	0:DiseaseFree	NO	NA	NOT HISPANIC OR LATINO	NA	NA	4/5/12	4.0	3.0	5	7	NA	Prostate Adenocarcinoma Acinar Type	No	No	C61	8550/3	C61.9	YES	Core needle biopsy	2011.0	NO	Bilateral	1.8	9	YES	0	NA	12	NA	NA	PRAD	27.66	0:LIVING	N0	T3A	TCGA-EJ-7328.30c9c833-ae7e-46de-951c-a488df1d723a.pdf	30c9c833-ae7e-46de-951c-a488df1d723a	WXS	NA	NA	YES	NA	NA	WHITE	NA	R0	NO	1	Primary	1.0	Male	0.5	Matched	0.8	NA	EJ	0.4	NA	NA	Middle|Base	TUMOR FREE	Prostate	A	Alive	NA
prad_cpcg_2017	TCGA-EJ-7330	TCGA-EJ-7330-01	68.0	NO	NA	Prostate Cancer	Prostate Adenocarcinoma	NA	M0	T1C	TCGA-PRAD	NO	NA	NA	NA	NA	NA	NA	0.0	191	NA	191	6.27	0:DiseaseFree	NO	NA	NOT HISPANIC OR LATINO	NA	NA	4/5/12	4.0	3.0	5	7	NA	Prostate Adenocarcinoma Acinar Type	No	No	C61	8550/3	C61.9	YES	Core needle biopsy	2011.0	NO	Bilateral	1.5	18	YES	0	NA	6	NA	NA	PRAD	6.27	0:LIVING	N0	T3A	TCGA-EJ-7330.d910cd86-89be-4fc9-8f9d-497692a6face.pdf	d910cd86-89be-4fc9-8f9d-497692a6face	WXS	NA	NA	YES	10.0	NA	WHITE	NA	R0	NO	1	Primary	1.0	Male	0.4	Matched	1.3	NA	EJ	0.2	NA	NA	Apex|Middle|Base	TUMOR FREE	Prostate	A	Alive	NA
prad_cpcg_2017	TCGA-EJ-7331	TCGA-EJ-7331-01	64.0	YES	NA	Prostate Cancer	Prostate Adenocarcinoma	NA	M0	T1C	TCGA-PRAD	NO	NA	189	NA	NA	NA	NA	0.0	9	NA	189	24.38	0:DiseaseFree	NO	NA	NOT HISPANIC OR LATINO	NA	NA	4/5/12	3.0	4.0	3	7	NA	Prostate Adenocarcinoma Acinar Type	No	No	C61	8550/3	C61.9	YES	Core needle biopsy	2011.0	NO	Bilateral	1.9	7	YES	0	NA	10	NA	NA	PRAD	24.38	0:LIVING	N0	T2C	TCGA-EJ-7331.84790d75-bbef-49b0-9486-94e049c13ddd.pdf	84790d75-bbef-49b0-9486-94e049c13ddd	WXS	NA	NA	YES	80.0	NA	WHITE	NA	R0	NO	1	Primary	1.0	Male	0.3	Matched	1.4	NA	EJ	0.333333333333	NA	NA	Apex|Middle	TUMOR FREE	Prostate	A	Alive	NA
prad_cpcg_2017	TCGA-EJ-7781	TCGA-EJ-7781-01	65.0	NO	NA	Prostate Cancer	Prostate Adenocarcinoma	NA	M0	T1C	TCGA-PRAD	NO	NA	NA	NA	NA	NA	NA	0.0	169	NA	169	35.25	0:DiseaseFree	NO	NA	NOT HISPANIC OR LATINO	NA	NA	4/6/12	3.0	4.0	5	7	NA	Prostate Adenocarcinoma Acinar Type	No	No	C61	8550/3	C61.9	YES	Core needle biopsy	2011.0	NO	Bilateral	2	17	YES	0	NA	11	NA	NA	PRAD	35.25	0:LIVING	N0	T2C	TCGA-EJ-7781.3582ff42-09f7-4ffb-9421-60f3cba1ff28.pdf	3582ff42-09f7-4ffb-9421-60f3cba1ff28	WXS	NA	NA	YES	10.0	NA	WHITE	NA	R0	NO	1	Primary	1.0	Male	0.3	Matched	0.5	NA	EJ	0.366666666667	NA	NA	NA	TUMOR FREE	Prostate	A	Alive	NA
prad_cpcg_2017	TCGA-EJ-7783	TCGA-EJ-7783-01	70.0	YES	NA	Prostate Cancer	Prostate Adenocarcinoma	NA	M0	T2C	TCGA-PRAD	NO	NA	81	NA	NA	NA	NA	0.0	172	NA	172	25.85	0:DiseaseFree	NO	NA	NOT HISPANIC OR LATINO	NA	NA	4/6/12	4.0	3.0	4	7	NA	Prostate Adenocarcinoma Acinar Type	No	No	C61	8550/3	C61.9	YES	Core needle biopsy	2011.0	NO	Bilateral	1.4	17	YES	0	NA	9	NA	NA	PRAD	25.85	0:LIVING	N0	T3A	TCGA-EJ-7783.8c4eab7f-e0e2-4cad-b06c-ae2d3ed11052.pdf	8c4eab7f-e0e2-4cad-b06c-ae2d3ed11052	WXS	NA	NA	YES	70.0	NA	WHITE	NA	R0	NO	1	Primary	1.0	Male	0.3	Matched	1.3	NA	EJ	0.3	NA	NA	NA	TUMOR FREE	Prostate	A	Alive	NA
prad_cpcg_2017	TCGA-EJ-7784	TCGA-EJ-7784-01	63.0	NO	Normal (no evidence of prostate cancer) [cM0]	Prostate Cancer	Prostate Adenocarcinoma	NA	M0	T2C	TCGA-PRAD	YES	No Evidence of Extraprostatic Extension	NA	0	NA	0	NA	0.0	167	NA	167	25.66	0:DiseaseFree	NO	NA	NOT HISPANIC OR LATINO	NA	NA	4/6/12	4.0	3.0	4	7	NA	Prostate Adenocarcinoma Acinar Type	No	No	C61	8550/3	C61.9	YES	Core needle biopsy	2011.0	NO	Bilateral	1.1	13	YES	0	NA	12	NA	NA	PRAD	25.66	0:LIVING	N0	T2C	TCGA-EJ-7784.d140c74d-8e74-43da-a181-63a7bbe718af.pdf	d140c74d-8e74-43da-a181-63a7bbe718af	WXS	NA	NA	YES	10.0	NA	WHITE	NA	R0	NO	1	Primary	1.0	Male	0.3	Matched	1	NA	EJ	0.4	NA	NA	NA	TUMOR FREE	Prostate	A	Alive	NA
prad_cpcg_2017	TCGA-EJ-7785	TCGA-EJ-7785-01	54.0	NO	NA	Prostate Cancer	Prostate Adenocarcinoma	NA	M0	T2B	TCGA-PRAD	NO	NA	NA	NA	NA	NA	NA	0.0	259	NA	259	38.67	0:DiseaseFree	NO	NA	NOT HISPANIC OR LATINO	NA	NA	4/6/12	3.0	4.0	3	7	NA	Prostate Adenocarcinoma Acinar Type	No	No	C61	8550/3	C61.9	YES	Core needle biopsy	2011.0	NO	Bilateral	1	7	YES	0	NA	7	NA	NA	PRAD	38.67	0:LIVING	N0	T3A	TCGA-EJ-7785.01ed5c8e-64f0-4e58-bd52-92a0d4f4af2b.pdf	01ed5c8e-64f0-4e58-bd52-92a0d4f4af2b	WXS	NA	NA	YES	10.0	NA	WHITE	NA	R0	NO	1	Primary	1.0	Male	0.3	Matched	1	NA	EJ	0.233333333333	NA	NA	Middle|Base	TUMOR FREE	Prostate	A	Alive	NA
prad_cpcg_2017	TCGA-EJ-7786	TCGA-EJ-7786-01	62.0	NO	NA	Prostate Cancer	Prostate Adenocarcinoma	NA	M0	T1C	TCGA-PRAD	NO	NA	NA	NA	NA	NA	NA	0.0	79	NA	79	36.01	0:DiseaseFree	NO	NA	NOT HISPANIC OR LATINO	NA	NA	4/6/12	3.0	4.0	3	7	NA	Prostate Adenocarcinoma Acinar Type	No	No	C61	8550/3	C61.9	YES	Core needle biopsy	2011.0	NO	Bilateral	0.9	5	YES	0	NA	6	NA	NA	PRAD	36.01	0:LIVING	N0	T2C	TCGA-EJ-7786.3b3ac042-2bb6-445b-a82b-eea969f0bd33.pdf	3b3ac042-2bb6-445b-a82b-eea969f0bd33	WXS	NA	NA	YES	10.0	NA	WHITE	NA	R0	NO	1	Primary	1.0	Male	0.6	Matched	0.7	NA	EJ	0.2	NA	NA	NA	TUMOR FREE	Prostate	A	Alive	NA
prad_cpcg_2017	TCGA-EJ-7788	TCGA-EJ-7788-01	53.0	NO	NA	Prostate Cancer	Prostate Adenocarcinoma	NA	M0	T3B	TCGA-PRAD	NO	NA	NA	NA	NA	NA	NA	0.0	52	NA	52	28.22	0:DiseaseFree	NO	NA	NOT HISPANIC OR LATINO	NA	NA	4/6/12	3.0	4.0	5	7	NA	Prostate Adenocarcinoma Acinar Type	No	No	C61	8550/3	C61.9	YES	Core needle biopsy	2011.0	NO	Bilateral	2	6	YES	0	NA	17	NA	NA	PRAD	28.22	0:LIVING	N0	T3B	TCGA-EJ-7788.b66a0868-e91c-4ebf-be9c-ba55e94552fd.pdf	b66a0868-e91c-4ebf-be9c-ba55e94552fd	WXS	NA	NA	YES	20.0	NA	WHITE	NA	R0	NO	1	Primary	1.0	Male	0.4	Matched	1.2	NA	EJ	0.566666666667	NA	NA	Middle|Base	TUMOR FREE	Prostate	A	Alive	NA
prad_cpcg_2017	TCGA-EJ-7789	TCGA-EJ-7789-01	66.0	NA	NA	Prostate Cancer	Prostate Adenocarcinoma	NA	M0	T1C	TCGA-PRAD	NO	NA	NA	NA	NA	NA	NA	0.0	70	NA	NA	36.3	0:DiseaseFree	NO	NA	NOT HISPANIC OR LATINO	NA	NA	4/6/12	4.0	3.0	5	7	NA	Prostate Adenocarcinoma Acinar Type	No	No	C61	8550/3	C61.9	YES	Core needle biopsy	2011.0	NO	Bilateral	1.8	14	YES	0	NA	19	NA	NA	PRAD	36.3	0:LIVING	N0	T3A	TCGA-EJ-7789.7483212d-f96c-4afd-b817-74517b54de53.pdf	7483212d-f96c-4afd-b817-74517b54de53	WXS	NA	NA	YES	NA	NA	BLACK OR AFRICAN AMERICAN	NA	R0	NO	1	Primary	1.0	Male	0.3	Matched	1.5	NA	EJ	0.633333333333	NA	NA	Base	TUMOR FREE	Prostate	A	Alive	NA
prad_cpcg_2017	TCGA-EJ-7791	TCGA-EJ-7791-01	67.0	NO	NA	Prostate Cancer	Prostate Adenocarcinoma	NA	M0	T1C	TCGA-PRAD	NO	NA	NA	NA	NA	NA	NA	0.0	217	NA	217	36.73	0:DiseaseFree	NO	NA	NOT HISPANIC OR LATINO	NA	NA	4/9/12	3.0	4.0	4	7	NA	Prostate Adenocarcinoma Acinar Type	No	No	C61	8550/3	C61.9	YES	Core needle biopsy	2011.0	NO	Bilateral	2	18	YES	0	NA	5	NA	NA	PRAD	36.73	0:LIVING	N0	T2C	TCGA-EJ-7791.001c43cb-3e9b-43db-b6d0-61e67d058c9f.pdf	001c43cb-3e9b-43db-b6d0-61e67d058c9f	WXS;WGS	NA	NA	YES	10.0	NA	WHITE	NA	R0	NO	1	Primary	1.0	Male	0.3	Matched	1.5	NA	EJ	0.166666666667	NA	NA	Apex|Middle	TUMOR FREE	Prostate	A	Alive	NA
prad_cpcg_2017	TCGA-EJ-7792	TCGA-EJ-7792-01	53.0	NO	NA	Prostate Cancer	Prostate Adenocarcinoma	NA	M0	T1C	TCGA-PRAD	NO	NA	NA	NA	NA	NA	NA	0.0	526	NA	526	45.86	0:DiseaseFree	NO	NA	NOT HISPANIC OR LATINO	NA	NA	4/9/12	3.0	4.0	4	7	NA	Prostate Adenocarcinoma Acinar Type	No	No	C61	8550/3	C61.9	YES	Core needle biopsy	2010.0	NO	Bilateral	1.4	35	YES	0	NA	10	NA	NA	PRAD	45.86	0:LIVING	N0	T2C	TCGA-EJ-7792.607fd612-7ab9-475b-8c22-fd7cdbaccb37.pdf	607fd612-7ab9-475b-8c22-fd7cdbaccb37	WXS	NA	NA	YES	13.0	NA	WHITE	NA	R0	NO	1	Primary	1.0	Male	0.3	Matched	1.3	NA	EJ	0.333333333333	NA	NA	Apex|Middle	TUMOR FREE	Prostate	A	Alive	NA
prad_cpcg_2017	TCGA-EJ-7793	TCGA-EJ-7793-01	49.0	NO	NA	Prostate Cancer	Prostate Adenocarcinoma	NA	M0	T2C	TCGA-PRAD	NO	NA	NA	NA	NA	NA	NA	0.0	114	NA	114	3.75	0:DiseaseFree	NO	NA	NOT HISPANIC OR LATINO	NA	NA	4/9/12	3.0	4.0	4	7	NA	Prostate Adenocarcinoma Acinar Type	No	No	C61	8550/3	C61.9	YES	Core needle biopsy	2011.0	NO	Bilateral	1.7	NA	NO	NA	NA	2	NA	NA	PRAD	3.75	0:LIVING	NA	T2C	TCGA-EJ-7793.c9d3d69c-f362-454f-a8ff-cbda4d713c41.pdf	c9d3d69c-f362-454f-a8ff-cbda4d713c41	WXS	NA	NA	YES	10.0	NA	WHITE	NA	R0	NO	1	Primary	1.0	Male	0.3	Matched	1.3	NA	EJ	0.0666666666667	NA	NA	Apex|Middle	TUMOR FREE	Prostate	A	Alive	NA
prad_cpcg_2017	TCGA-EJ-7794	TCGA-EJ-7794-01	67.0	NO	Normal (no evidence of prostate cancer) [cM0]	Prostate Cancer	Prostate Adenocarcinoma	NA	M0	T2C	TCGA-PRAD	YES	No Evidence of Extraprostatic Extension	NA	35	NA	35	NA	0.0	285	NA	285	42.9	0:DiseaseFree	NO	NA	NOT HISPANIC OR LATINO	NA	NA	4/9/12	3.0	4.0	3	7	NA	Prostate Adenocarcinoma Acinar Type	No	No	C61	8550/3	C61.9	YES	Core needle biopsy	2010.0	NO	Bilateral	1.4	11	YES	0	NA	3	NA	NA	PRAD	42.9	0:LIVING	N0	T2C	TCGA-EJ-7794.73164d62-bc3a-4dd3-8201-86c5f35ef168.pdf	73164d62-bc3a-4dd3-8201-86c5f35ef168	WXS	NA	NA	YES	10.0	NA	WHITE	NA	R0	NO	1	Primary	1.0	Male	0.4	Matched	0.5	NA	EJ	0.1	NA	NA	NA	TUMOR FREE	Prostate	A	Alive	NA
prad_cpcg_2017	TCGA-EJ-7797	TCGA-EJ-7797-01	53.0	NO	NA	Prostate Cancer	Prostate Adenocarcinoma	NA	M0	T1C	TCGA-PRAD	NO	NA	NA	NA	NA	NA	NA	0.0	187	NA	187	32.29	0:DiseaseFree	NO	NA	NOT HISPANIC OR LATINO	NA	NA	4/9/12	3.0	4.0	4	7	NA	Prostate Adenocarcinoma Acinar Type	No	No	C61	8550/3	C61.9	YES	Core needle biopsy	2011.0	NO	Bilateral	1	14	YES	0	NA	3	NA	NA	PRAD	32.29	0:LIVING	N0	T2C	TCGA-EJ-7797.d9d6f871-c436-469e-9d7f-9684c379a320.pdf	d9d6f871-c436-469e-9d7f-9684c379a320	WXS	NA	NA	YES	10.0	NA	WHITE	NA	R0	NO	1	Primary	1.0	Male	0.4	Matched	0.6	NA	EJ	0.1	NA	NA	NA	TUMOR FREE	Prostate	A	Alive	NA
prad_cpcg_2017	TCGA-EJ-8470	TCGA-EJ-8470-01	58.0	NA	NA	Prostate Cancer	Prostate Adenocarcinoma	NA	M0	T2C	TCGA-PRAD	NA	NA	NA	NA	NA	NA	NA	0.0	821	NA	NA	38.07	0:DiseaseFree	NA	NA	NA	NA	NA	10/15/12	4.0	3.0	NA	7	NA	Prostate Adenocarcinoma Acinar Type	No	No	C61	8550/3	C61.9	YES	Core needle biopsy	2010.0	NO	Bilateral	1.9	21	YES	0	NA	9	NO	NA	PRAD	38.07	0:LIVING	N0	T2C	TCGA-EJ-8470.e53212bf-d686-4acc-8859-00cbdddd627c.pdf	e53212bf-d686-4acc-8859-00cbdddd627c	WXS	NA	NA	YES	NA	NA	NA	NO	NA	NO	1	Primary	1.0	Male	0.4	Matched	1.6	NO	EJ	0.3	NA	Complete Remission/Response	NA	TUMOR FREE	Prostate	A	Alive	NA
prad_cpcg_2017	TCGA-EJ-A46H	TCGA-EJ-A46H-01	60.0	NO	Normal (no evidence of prostate cancer) [cM0]	Prostate Cancer	Prostate Adenocarcinoma	NA	M0	T1C	TCGA-PRAD	NA	NA	NA	-6	188	NA	NA	0.0	229	NA	131	23.78	0:DiseaseFree	NA	NA	NA	NA	NA	1/24/13	3.0	4.0	NA	7	NA	Prostate Adenocarcinoma Acinar Type	No	No	C61	8140/3	C61.9	YES	Core needle biopsy	2012.0	NO	Bilateral	NA	6	YES	NA	NA	NA	NO	TRUE	PRAD	23.78	0:LIVING	N0	T2C	TCGA-EJ-A46H.CF251041-E282-4840-9652-67665E7B10BB.pdf	CF251041-E282-4840-9652-67665E7B10BB	WXS	NA	NA	YES	10.0	NA	NA	NO	R0	NO	1	Primary	1.0	Male	NA	Matched	NA	NO	EJ	0	NA	Complete Remission/Response	NA	TUMOR FREE	Prostate	A	Alive	NA
prad_cpcg_2017	TCGA-EJ-A46I	TCGA-EJ-A46I-01	57.0	NO	NA	Prostate Cancer	Prostate Adenocarcinoma	NA	M0	T1C	TCGA-PRAD	NA	NA	NA	NA	520	NA	NA	0.0	668	NA	484	21.94	0:DiseaseFree	NA	NA	NA	NA	NA	1/24/13	3.0	4.0	NA	7	NA	Prostate Adenocarcinoma Acinar Type	No	No	C61	8140/3	C61.9	YES	NA	2011.0	NO	Bilateral	NA	NA	NA	NA	NA	1	NO	TRUE	PRAD	21.94	0:LIVING	N0	T3A	TCGA-EJ-A46I.741CC282-0593-45E4-BEEB-343339F891AA.pdf	741CC282-0593-45E4-BEEB-343339F891AA	WXS	NA	NA	YES	10.0	NA	NA	NO	R0	NO	1	Primary	1.0	Male	NA	Matched	NA	NO	EJ	0.0333333333333	NA	Complete Remission/Response	NA	TUMOR FREE	Prostate	A	Alive	NA
prad_cpcg_2017	TCGA-EJ-A65E	TCGA-EJ-A65E-01	67.0	NO	NA	Prostate Cancer	Prostate Adenocarcinoma	NA	M0	T3B	TCGA-PRAD	NA	NA	NA	NA	289	NA	NA	0.0	417	NA	254	13.7	0:DiseaseFree	NA	NA	NA	NA	NA	3/5/14	4.0	3.0	NA	7	NA	Prostate Adenocarcinoma, Other Subtype	No	No	C61	8255/3	C61.9	YES	Core needle biopsy	2012.0	NO	Bilateral	NA	23	YES	0	NA	16	NO	TRUE	PRAD	13.7	0:LIVING	N0	T3B	TCGA-EJ-A65E.4B502278-393D-4B65-A424-B795547938ED.pdf	4B502278-393D-4B65-A424-B795547938ED	WXS	NA	NA	YES	10.0	NA	NA	NO	R0	NO	1	Primary	1.0	Male	NA	Matched	NA	NO	EJ	0.533333333333	NA	Complete Remission/Response	NA	TUMOR FREE	Prostate	A	Alive	NA
prad_cpcg_2017	TCGA-EJ-A65M	TCGA-EJ-A65M-01	65.0	NO	NA	Prostate Cancer	Prostate Adenocarcinoma	NA	M0	T2C	TCGA-PRAD	NA	NA	NA	NA	69	NA	NA	0.0	230	NA	230	7.56	0:DiseaseFree	NA	NA	NA	NA	NA	3/4/14	3.0	3.0	NA	6	NA	Prostate Adenocarcinoma Acinar Type	No	No	C61	8140/3	C61.9	YES	Transurethral resection (TURBT)	2013.0	NO	Bilateral	NA	30	YES	0	NA	15	NO	TRUE	PRAD	7.56	0:LIVING	N0	T2C	TCGA-EJ-A65M.E0FB271C-8BC6-43FB-BE90-85A28009D962.pdf	E0FB271C-8BC6-43FB-BE90-85A28009D962	WXS	NA	NA	YES	10.0	NA	NA	NO	NA	NO	1	Primary	1.0	Male	NA	Matched	NA	NO	EJ	0.5	NA	Complete Remission/Response	NA	TUMOR FREE	Prostate	A	Alive	NA
prad_cpcg_2017	TCGA-FC-7708	TCGA-FC-7708-01	52.0	NO	NA	Prostate Cancer	Prostate Adenocarcinoma	NA	M0	T1C	TCGA-PRAD	NO	NA	NA	NA	NA	NA	NA	0.0	32	NA	NA	28.38	0:DiseaseFree	NO	NA	NOT HISPANIC OR LATINO	NA	NA	2/17/12	4.0	3.0	NA	7	NA	Prostate Adenocarcinoma Acinar Type	No	No	C61	8550/3	C61.9	YES	Core needle biopsy	2011.0	NO	Bilateral	1.3	4	YES	0	NA	7	NA	NA	PRAD	28.38	0:LIVING	N0	T3A	TCGA-FC-7708.da17eddc-be95-4387-9c6a-fa647f33ceb7.pdf	da17eddc-be95-4387-9c6a-fa647f33ceb7	WXS	NA	Overlapping / Multiple Zones	YES	NA	NA	ASIAN	NA	RX	NO	1	Primary	1.0	Male	0.2	Matched	0.9	NA	FC	0.233333333333	NA	NA	Apex|Middle	TUMOR FREE	Prostate	A	Alive	NA
prad_cpcg_2017	TCGA-FC-A66V	TCGA-FC-A66V-01	74.0	NO	Normal (no evidence of prostate cancer) [cM0]	Prostate Cancer	Prostate Adenocarcinoma	NA	M0	T3B	TCGA-PRAD	YES	No Evidence of Extraprostatic Extension	NA	28	287	27	NA	0.0	122	NA	-164	17.21	0:DiseaseFree	NO	NA	NA	NA	NA	7/12/13	4.0	3.0	NA	7	NA	Prostate Adenocarcinoma Acinar Type	No	No	C61	8140/3	C61.9	YES	Core needle biopsy	2012.0	NO	Bilateral	NA	2	YES	0	NA	NA	NA	TRUE	PRAD	17.21	0:LIVING	N0	T3B	TCGA-FC-A66V.3C1BD6CD-0915-4DEA-A013-F2DE554C267F.pdf	3C1BD6CD-0915-4DEA-A013-F2DE554C267F	WXS	NA	Overlapping / Multiple Zones	YES	10.8	NA	NA	NO	R0	NO	1	Primary	1.0	Male	NA	Matched	NA	NO	FC	0	NA	Complete Remission/Response	Middle|Base	TUMOR FREE	Prostate	A	Alive	NA
prad_cpcg_2017	TCGA-FC-A6HD	TCGA-FC-A6HD-01	77.0	NA	Normal (no evidence of prostate cancer) [cM0]	Prostate Cancer	Prostate Adenocarcinoma	NA	M0	T3A	TCGA-PRAD	YES	No Evidence of Extraprostatic Extension	NA	33	140	33	NA	0.0	54	NA	NA	25.92	0:DiseaseFree	NO	NA	NA	NA	NA	10/17/13	4.0	3.0	NA	7	NA	Prostate Adenocarcinoma Acinar Type	No	No	C61	8140/3	C61.9	YES	Core needle biopsy	2013.0	NO	Bilateral	NA	10	YES	0	NA	16	NO	TRUE	PRAD	25.92	0:LIVING	N0	T3A	TCGA-FC-A6HD.7452FEB1-FFB9-4DD2-8CD7-5BEB2B108208.pdf	7452FEB1-FFB9-4DD2-8CD7-5BEB2B108208	WXS	NA	Overlapping / Multiple Zones	YES	NA	NA	NA	NA	R0	NO	1	Primary	1.0	Male	NA	Matched	NA	NA	FC	0.533333333333	NA	NA	Middle	NA	Prostate	A	Alive	NA
prad_cpcg_2017	TCGA-FC-A8O0	TCGA-FC-A8O0-01	68.0	NO	NA	Prostate Cancer	Prostate Adenocarcinoma	NA	M0	T2C	TCGA-PRAD	YES	Extraprostatic Extension  Localized (e.g. seminal vesicles)	NA	NA	168	10	NA	0.0	54	-8	18	20.24	0:DiseaseFree	YES	NA	NA	NA	NA	2/27/14	3.0	3.0	4	6	NA	Prostate Adenocarcinoma Acinar Type	No	No	C61	8140/3	C61.9	YES	Core needle biopsy	2013.0	NO	Bilateral	NA	12	YES	0	Extraprostatic Extension Localized (e.g. seminal vesicles)|Extraprostatic Extension (regional lymphadenopathy) [e.g. cN1]	7	NO	TRUE	PRAD	20.24	0:LIVING	N0	T3A	TCGA-FC-A8O0.4DC18F34-9319-45E5-8ECA-D86E9CD81EE6.pdf	4DC18F34-9319-45E5-8ECA-D86E9CD81EE6	WXS	NA	Peripheral Zone	YES	7.82	NA	NA	NA	R0	NO	1	Primary	1.0	Male	NA	Matched	NA	NA	FC	0.233333333333	NA	Complete Remission/Response	Base	TUMOR FREE	Prostate	A	Alive	NA
prad_cpcg_2017	TCGA-G9-6329	TCGA-G9-6329-01	67.0	NO	Normal (no evidence of prostate cancer) [cM0]	Prostate Cancer	Prostate Adenocarcinoma	NA	M0	T1C	TCGA-PRAD	YES	No Evidence of Extraprostatic Extension	NA	10	NA	10	NA	0.0	923	NA	923	41.59	0:DiseaseFree	NO	NA	NOT HISPANIC OR LATINO	NA	NA	3/20/12	3.0	4.0	NA	7	NA	Prostate Adenocarcinoma Acinar Type	No	No	C61	8550/3	C61.9	YES	Core needle biopsy	2009.0	NO	Bilateral	1.3	NA	NO	NA	NA	2	NA	NA	PRAD	41.59	0:LIVING	NA	T2C	TCGA-G9-6329.fd7b8f28-b1ee-428e-859c-c888c459a3b0.pdf	fd7b8f28-b1ee-428e-859c-c888c459a3b0	WXS	NA	NA	NO	3.0	NA	WHITE	NA	R0	YES	1	Primary	1.0	Male	0.2	Matched	0.7	NA	G9	0.0666666666667	NA	NA	NA	TUMOR FREE	Prostate	A	Alive	NA
prad_cpcg_2017	TCGA-G9-6332	TCGA-G9-6332-01	55.0	NA	Normal (no evidence of prostate cancer) [cM0]	Prostate Cancer	Prostate Adenocarcinoma	NA	M0	T2B	TCGA-PRAD	YES	No Evidence of Extraprostatic Extension	NA	11	NA	11	NA	0.0	2328	NA	2090	42.21	1:Recurred/Progressed	NO	NA	NOT HISPANIC OR LATINO	NA	NA	3/20/12	4.0	3.0	NA	7	NA	Prostate Adenocarcinoma Acinar Type	No	No	C61	8550/3	C61.9	YES	Core needle biopsy	2005.0	NO	Bilateral	0.4	7	YES	0	NA	16	NA	NA	PRAD	87.29	0:LIVING	N0	T3A	TCGA-G9-6332.18b9fda1-2d69-4c5e-94ba-bfbbcd742bdd.pdf	18b9fda1-2d69-4c5e-94ba-bfbbcd742bdd	WXS	NA	NA	NO	73.0	NA	WHITE	NA	R0	YES	1	Primary	1.0	Male	0.1	Matched	0.2	NA	G9	0.533333333333	NA	NA	Apex|Base	TUMOR FREE	Prostate	A	Alive	NA
prad_cpcg_2017	TCGA-G9-6333	TCGA-G9-6333-01	66.0	NO	Normal (no evidence of prostate cancer) [cM0]	Prostate Cancer	Prostate Adenocarcinoma	NA	M0	T1C	TCGA-PRAD	YES	No Evidence of Extraprostatic Extension	NA	1102	NA	1102	NA	0.0	1925	NA	1920	80.98	0:DiseaseFree	NO	NA	NOT HISPANIC OR LATINO	NA	NA	3/19/12	4.0	3.0	NA	7	NA	Prostate Adenocarcinoma Acinar Type	No	No	C61	8550/3	C61.9	YES	Core needle biopsy	2006.0	NO	Bilateral	1	13	YES	0	NA	10	NA	NA	PRAD	80.98	0:LIVING	N0	T2C	TCGA-G9-6333.df50612f-a299-468b-b6bf-226366f4cf42.pdf	df50612f-a299-468b-b6bf-226366f4cf42	WXS	NA	NA	NO	3.0	NA	WHITE	NA	R0	YES	1	Primary	1.0	Male	0.2	Matched	0.6	NA	G9	0.333333333333	NA	NA	Apex|Base	TUMOR FREE	Prostate	A	Alive	NA
prad_cpcg_2017	TCGA-G9-6336	TCGA-G9-6336-01	57.0	NO	Normal (no evidence of prostate cancer) [cM0]	Prostate Cancer	Prostate Adenocarcinoma	NA	M0	T2C	TCGA-PRAD	YES	No Evidence of Extraprostatic Extension	NA	98	NA	104	NA	0.0	1669	NA	1669	67.94	0:DiseaseFree	NO	NA	NOT HISPANIC OR LATINO	NA	NA	3/19/12	3.0	4.0	NA	7	NA	Prostate Adenocarcinoma Acinar Type	No	No	C61	8550/3	C61.9	YES	Core needle biopsy	2007.0	NO	Bilateral	0.4	5	YES	0	NA	4	NA	NA	PRAD	67.94	0:LIVING	N0	NA	TCGA-G9-6336.ceda2ffb-b844-4f89-baba-82a66e6f3f0e.pdf	ceda2ffb-b844-4f89-baba-82a66e6f3f0e	WXS;WGS	NA	NA	NO	10.0	NA	WHITE	NA	R1	YES	1	Primary	1.0	Male	0.2	Matched	0.3	NA	G9	0.133333333333	NA	NA	Apex|Base	TUMOR FREE	Prostate	A	Alive	NA
prad_cpcg_2017	TCGA-G9-6338	TCGA-G9-6338-01	61.0	NA	Normal (no evidence of prostate cancer) [cM0]	Prostate Cancer	Prostate Adenocarcinoma	NA	M0	T1C	TCGA-PRAD	YES	No Evidence of Extraprostatic Extension	NA	13	NA	82	NA	0.0	1649	NA	1634	66.62	0:DiseaseFree	NO	NA	NOT HISPANIC OR LATINO	NA	NA	3/16/12	4.0	3.0	NA	7	NA	Prostate Adenocarcinoma Acinar Type	No	No	C61	8550/3	C61.9	YES	Core needle biopsy	2007.0	NO	Bilateral	1	2	YES	0	NA	14	NA	NA	PRAD	66.62	0:LIVING	N0	T3A	TCGA-G9-6338.d3962697-f160-4a76-bfbe-81c06c89d5c3.pdf	d3962697-f160-4a76-bfbe-81c06c89d5c3	WXS	NA	NA	NO	5.0	NA	WHITE	NA	R1	YES	1	Primary	1.0	Male	0.2	Matched	1	NA	G9	0.466666666667	NA	NA	Apex	WITH TUMOR	Prostate	A	Alive	NA
prad_cpcg_2017	TCGA-G9-6339	TCGA-G9-6339-01	58.0	NO	Normal (no evidence of prostate cancer) [cM0]	Prostate Cancer	Prostate Adenocarcinoma	NA	M0	T3B	TCGA-PRAD	NO	NA	1634	4	NA	NA	NA	0.0	2110	NA	2110	53.68	1:Recurred/Progressed	NO	NA	NA	NA	NA	10/29/13	3.0	4.0	NA	7	NA	Prostate Adenocarcinoma Acinar Type	No	No	C61	8550/3	C61.9	YES	Core needle biopsy	2007.0	NO	Bilateral	1.3	6	YES	0	NA	19	YES	NA	PRAD	83.8	0:LIVING	N0	T3B	TCGA-G9-6339.10FA561E-76C7-4F83-BC1C-B858DF9CCC46.pdf	10FA561E-76C7-4F83-BC1C-B858DF9CCC46	WXS	NA	NA	NO	3.0	NA	NA	NO	R0	YES	1	Primary	1.0	Male	0.3	Matched	0.8	NO	G9	0.633333333333	NA	Complete Remission/Response	Apex|Middle|Base	TUMOR FREE	Prostate	A	Alive	NA
prad_cpcg_2017	TCGA-G9-6342	TCGA-G9-6342-01	61.0	NO	Normal (no evidence of prostate cancer) [cM0]	Prostate Cancer	Prostate Adenocarcinoma	NA	M0	T2C	TCGA-PRAD	YES	No Evidence of Extraprostatic Extension	NA	32	NA	36	NA	0.0	1338	NA	1338	55.72	0:DiseaseFree	NO	NA	NOT HISPANIC OR LATINO	NA	NA	3/16/12	3.0	3.0	4	6	NA	Prostate Adenocarcinoma Acinar Type	No	No	C61	8550/3	C61.9	YES	Core needle biopsy	2008.0	NO	Bilateral	0.8	NA	NO	NA	NA	9	NA	NA	PRAD	55.72	0:LIVING	NA	T3A	TCGA-G9-6342.80379cb8-9fb7-4e01-9e4a-2bf7813dc839.pdf	80379cb8-9fb7-4e01-9e4a-2bf7813dc839	WXS	NA	NA	NO	5.0	NA	WHITE	NA	R0	YES	1	Primary	1.0	Male	0.3	Matched	0.4	NA	G9	0.3	NA	NA	Apex|Base	TUMOR FREE	Prostate	A	Alive	NA
prad_cpcg_2017	TCGA-G9-6343	TCGA-G9-6343-01	62.0	NO	NA	Prostate Cancer	Prostate Adenocarcinoma	NA	M0	T2A	TCGA-PRAD	NO	NA	NA	NA	NA	NA	NA	0.0	554	NA	554	80.49	0:DiseaseFree	NO	NA	NOT HISPANIC OR LATINO	NA	NA	3/16/12	4.0	3.0	NA	7	NA	Prostate Adenocarcinoma Acinar Type	No	No	C61	8550/3	C61.9	YES	Core needle biopsy	2008.0	NO	Bilateral	1.5	NA	NO	NA	NA	1	NA	NA	PRAD	80.49	0:LIVING	NA	T2C	TCGA-G9-6343.3d7d837b-a09e-4281-93af-a789123a9356.pdf	3d7d837b-a09e-4281-93af-a789123a9356	WXS	NA	NA	NO	3.0	NA	WHITE	NA	R0	YES	1	Primary	1.0	Male	0.2	Matched	0.6	NA	G9	0.0333333333333	NA	NA	Apex|Base	TUMOR FREE	Prostate	A	Alive	NA
prad_cpcg_2017	TCGA-G9-6347	TCGA-G9-6347-01	59.0	NO	NA	Prostate Cancer	Prostate Adenocarcinoma	NA	M0	T1C	TCGA-PRAD	NO	NA	NA	NA	NA	NA	NA	0.0	1718	NA	1718	68.63	0:DiseaseFree	NO	NA	NA	NA	NA	10/29/13	3.0	3.0	NA	6	NA	Prostate Adenocarcinoma Acinar Type	No	No	C61	8140/3	C61.9	YES	Core needle biopsy	2008.0	NO	Bilateral	1	NA	NO	NA	NA	1	NO	NA	PRAD	68.63	0:LIVING	NA	T2C	TCGA-G9-6347.2ED4FCE8-5DCF-4529-95E5-C454529D7971.pdf	2ED4FCE8-5DCF-4529-95E5-C454529D7971	WXS	NA	Peripheral Zone	NO	3.0	NA	NA	NO	R0	YES	1	Primary	1.0	Male	0.1	Matched	0.4	NO	G9	0.0333333333333	NA	Complete Remission/Response	Apex|Middle	TUMOR FREE	Prostate	A	Alive	NA
prad_cpcg_2017	TCGA-G9-6348	TCGA-G9-6348-01	68.0	NO	Abnormal (not related to prostate cancer)	Prostate Cancer	Prostate Adenocarcinoma	NA	M0	T3A	TCGA-PRAD	YES	No Evidence of Extraprostatic Extension	NA	31	NA	31	NA	0.0	1144	NA	1136	49.77	0:DiseaseFree	NO	NA	NOT HISPANIC OR LATINO	NA	NA	3/15/12	3.0	4.0	NA	7	NA	Prostate Adenocarcinoma Acinar Type	No	No	C61	8550/3	C61.9	YES	Core needle biopsy	2008.0	NO	Bilateral	1.9	15	NA	0	NA	11	NA	NA	PRAD	49.77	0:LIVING	N0	T2C	TCGA-G9-6348.2ee3eb4c-3673-41a1-b005-fec737174aca.pdf	2ee3eb4c-3673-41a1-b005-fec737174aca	WXS	NA	NA	NO	2.0	NA	WHITE	NA	R0	YES	1	Primary	1.0	Male	0.1	Matched	0.8	NA	G9	0.366666666667	NA	NA	Apex|Base	TUMOR FREE	Prostate	A	Alive	NA
prad_cpcg_2017	TCGA-G9-6351	TCGA-G9-6351-01	51.0	NO	Normal (no evidence of prostate cancer) [cM0]	Prostate Cancer	Prostate Adenocarcinoma	NA	M0	T1C	TCGA-PRAD	YES	No Evidence of Extraprostatic Extension	NA	8	NA	11	NA	0.0	1215	NA	1215	67.28	0:DiseaseFree	NO	NA	NOT HISPANIC OR LATINO	NA	NA	3/14/12	3.0	4.0	NA	7	NA	Prostate Adenocarcinoma Acinar Type	No	No	C61	8550/3	C61.9	YES	Core needle biopsy	2008.0	NO	Bilateral	0.6	NA	NO	NA	NA	5	NA	NA	PRAD	67.28	0:LIVING	NA	T2C	TCGA-G9-6351.7942304b-0a3d-492c-bbb2-65695f1958e4.pdf	7942304b-0a3d-492c-bbb2-65695f1958e4	WXS	NA	NA	NO	3.0	NA	WHITE	NA	R1	YES	1	Primary	1.0	Male	0.3	Matched	0.3	NA	G9	0.166666666667	NA	NA	Apex	TUMOR FREE	Prostate	A	Alive	NA
prad_cpcg_2017	TCGA-G9-6353	TCGA-G9-6353-01	58.0	NO	NA	Prostate Cancer	Prostate Adenocarcinoma	NA	M0	T1C	TCGA-PRAD	NO	NA	NA	NA	NA	NA	NA	0.0	848	NA	590	50.66	0:DiseaseFree	NO	NA	NOT HISPANIC OR LATINO	NA	NA	3/14/12	3.0	4.0	NA	7	NA	Prostate Adenocarcinoma Acinar Type	No	No	C61	8550/3	C61.9	YES	Core needle biopsy	2009.0	NO	Bilateral	1	NA	NO	NA	NA	NA	NA	NA	PRAD	50.66	0:LIVING	NA	T3A	TCGA-G9-6353.72b2694f-8b37-402a-a75a-2a50372a789e.pdf	72b2694f-8b37-402a-a75a-2a50372a789e	WXS	NA	Peripheral Zone	NO	10.0	NA	WHITE	NA	R1	YES	1	Primary	1.0	Male	0.5	Matched	0.6	NA	G9	0	NA	NA	Apex|Middle	TUMOR FREE	Prostate	A	Alive	NA
prad_cpcg_2017	TCGA-G9-6354	TCGA-G9-6354-01	55.0	NO	NA	Prostate Cancer	Prostate Adenocarcinoma	NA	M0	T1C	TCGA-PRAD	NO	NA	NA	NA	NA	NA	NA	0.0	1501	NA	525	67.87	0:DiseaseFree	NO	NA	NA	NA	NA	10/29/13	3.0	4.0	NA	7	NA	Prostate Adenocarcinoma Acinar Type	No	No	C61	8550/3	C61.9	YES	Core needle biopsy	2009.0	NO	Right	0.6	NA	NO	NA	NA	7	NO	NA	PRAD	67.87	0:LIVING	NA	T2B	TCGA-G9-6354.CFFC4C63-D738-41CD-8EE3-25C190A9638C.pdf	CFFC4C63-D738-41CD-8EE3-25C190A9638C	WXS	NA	NA	NO	3.0	NA	NA	NO	R0	YES	1	Primary	1.0	Male	0.1	Matched	0.1	NO	G9	0.233333333333	NA	Complete Remission/Response	Apex|Base	TUMOR FREE	Prostate	A	Alive	NA
prad_cpcg_2017	TCGA-G9-6361	TCGA-G9-6361-01	61.0	NO	Normal (no evidence of prostate cancer) [cM0]	Prostate Cancer	Prostate Adenocarcinoma	NA	M0	T2C	TCGA-PRAD	YES	No Evidence of Extraprostatic Extension	NA	38	NA	31	NA	0.0	1008	NA	1002	46.48	0:DiseaseFree	NO	NA	NOT HISPANIC OR LATINO	NA	NA	3/13/12	3.0	4.0	NA	7	NA	Prostate Adenocarcinoma Acinar Type	No	No	C61	8550/3	C61.9	YES	Core needle biopsy	2009.0	NO	Bilateral	1.3	12	YES	0	NA	17	NA	NA	PRAD	46.48	0:LIVING	N0	T3A	TCGA-G9-6361.49fe865a-79e8-4ff3-a52e-9888c4514cf2.pdf	49fe865a-79e8-4ff3-a52e-9888c4514cf2	WXS	NA	NA	NO	10.0	NA	WHITE	NA	R1	YES	1	Primary	1.0	Male	0.2	Matched	0.7	NA	G9	0.566666666667	NA	NA	Apex|Base	TUMOR FREE	Prostate	A	Alive	NA
prad_cpcg_2017	TCGA-G9-6362	TCGA-G9-6362-01	57.0	NO	Normal (no evidence of prostate cancer) [cM0]	Prostate Cancer	Prostate Adenocarcinoma	NA	M0	T1C	TCGA-PRAD	NO	NA	NA	8	NA	NA	NA	0.0	822	NA	815	47.4	0:DiseaseFree	NO	NA	NOT HISPANIC OR LATINO	NA	NA	3/13/12	4.0	3.0	5	7	NA	Prostate Adenocarcinoma Acinar Type	No	No	C61	8550/3	C61.9	YES	Core needle biopsy	2009.0	NO	Bilateral	1.2	2	YES	0	NA	12	NA	NA	PRAD	47.4	0:LIVING	N0	T3A	TCGA-G9-6362.fc8bac85-e3c5-47c1-b4c1-9b8834e01780.pdf	fc8bac85-e3c5-47c1-b4c1-9b8834e01780	WXS	NA	NA	NO	7.0	NA	WHITE	NA	R1	YES	1	Primary	1.0	Male	0.2	Matched	0.8	NA	G9	0.4	NA	NA	Apex|Base	TUMOR FREE	Prostate	A	Alive	NA
prad_cpcg_2017	TCGA-G9-6363	TCGA-G9-6363-01	64.0	NO	Normal (no evidence of prostate cancer) [cM0]	Prostate Cancer	Prostate Adenocarcinoma	NA	M0	T2B	TCGA-PRAD	YES	No Evidence of Extraprostatic Extension	NA	58	NA	23	NA	0.0	993	NA	993	45.27	0:DiseaseFree	NO	NA	NOT HISPANIC OR LATINO	NA	NA	3/9/12	4.0	3.0	NA	7	NA	Prostate Adenocarcinoma Acinar Type	No	No	C61	8550/3	C61.9	YES	Core needle biopsy	2009.0	NO	Bilateral	1.2	6	YES	0	NA	12	NA	NA	PRAD	45.27	0:LIVING	N0	T4	TCGA-G9-6363.bd52ccc2-462d-41df-a5a4-dc45bd78aea4.pdf	bd52ccc2-462d-41df-a5a4-dc45bd78aea4	WXS	NA	NA	NO	3.0	NA	WHITE	NA	R0	YES	1	Primary	1.0	Male	0.3	Matched	0.9	NA	G9	0.4	NA	NA	Base	TUMOR FREE	Prostate	A	Alive	NA
prad_cpcg_2017	TCGA-G9-6364	TCGA-G9-6364-01	72.0	NO	NA	Prostate Cancer	Prostate Adenocarcinoma	NA	M0	NA	TCGA-PRAD	NO	NA	NA	NA	NA	NA	NA	0.0	841	NA	841	39.36	0:DiseaseFree	NO	NA	NOT HISPANIC OR LATINO	NA	NA	3/9/12	3.0	4.0	NA	7	NA	Prostate Adenocarcinoma Acinar Type	No	Yes	C61	8550/3	C61.9	YES	Transurethral resection (TURBT)	2009.0	NO	Bilateral	1.7	25	YES	0	NA	10	NA	NA	PRAD	39.36	0:LIVING	N0	T3A	TCGA-G9-6364.81deb5a1-4d5d-490a-a956-a64a4e6763f8.pdf	81deb5a1-4d5d-490a-a956-a64a4e6763f8	WXS	NA	NA	NO	3.0	NA	WHITE	NA	R0	YES	1	Primary	1.0	Male	0.4	Matched	0.8	NA	G9	0.366666666667	NA	NA	NA	TUMOR FREE	Prostate	A	Alive	NA
prad_cpcg_2017	TCGA-G9-6365	TCGA-G9-6365-01	71.0	NO	NA	Prostate Cancer	Prostate Adenocarcinoma	NA	NA	T2A	TCGA-PRAD	NO	NA	NA	NA	NA	NA	NA	0.0	804	NA	804	44.78	0:DiseaseFree	NO	NA	NOT HISPANIC OR LATINO	NA	NA	3/9/12	3.0	4.0	NA	7	NA	Prostate Adenocarcinoma Acinar Type	No	No	C61	8550/3	C61.9	YES	Core needle biopsy	2009.0	NO	Bilateral	2	13	YES	0	NA	13	NA	NA	PRAD	44.78	0:LIVING	N0	T4	TCGA-G9-6365.0f1f5e1b-4086-4a77-96ba-2108abdde80f.pdf	0f1f5e1b-4086-4a77-96ba-2108abdde80f	WXS;WGS	NA	NA	NO	1.0	NA	WHITE	NA	R1	YES	1	Primary	1.0	Male	0.3	Matched	0.8	NA	G9	0.433333333333	NA	NA	Apex|Base	TUMOR FREE	Prostate	A	Alive	NA
prad_cpcg_2017	TCGA-G9-6366	TCGA-G9-6366-01	61.0	NO	NA	Prostate Cancer	Prostate Adenocarcinoma	NA	NA	T1C	TCGA-PRAD	NO	NA	NA	NA	NA	NA	NA	0.0	101	NA	101	63.96	0:DiseaseFree	NO	NA	NOT HISPANIC OR LATINO	NA	NA	3/8/12	4.0	3.0	NA	7	NA	Prostate Adenocarcinoma Acinar Type	No	No	C61	8550/3	C61.9	YES	Core needle biopsy	2009.0	NO	Left	1.8	NA	NO	NA	NA	14	NA	NA	PRAD	63.96	0:LIVING	NA	T3B	TCGA-G9-6366.6ef07861-a4db-4aa2-ba73-4cd43e10d72f.pdf	6ef07861-a4db-4aa2-ba73-4cd43e10d72f	WXS	NA	NA	NO	10.0	NA	WHITE	NA	R0	YES	1	Primary	1.0	Male	0.2	Matched	1.2	NA	G9	0.466666666667	NA	NA	Apex|Base	NA	Prostate	A	Alive	NA
prad_cpcg_2017	TCGA-G9-6369	TCGA-G9-6369-01	55.0	NO	Normal (no evidence of prostate cancer) [cM0]	Prostate Cancer	Prostate Adenocarcinoma	NA	M0	T1C	TCGA-PRAD	YES	No Evidence of Extraprostatic Extension	NA	35	NA	23	NA	0.0	851	NA	851	39.91	0:DiseaseFree	NO	NA	NOT HISPANIC OR LATINO	NA	NA	3/7/12	4.0	3.0	NA	7	NA	Prostate Adenocarcinoma Acinar Type	No	No	C61	8550/3	C61.9	YES	Core needle biopsy	2009.0	NO	Bilateral	1	21	YES	0	NA	19	NA	NA	PRAD	39.91	0:LIVING	N0	T2C	TCGA-G9-6369.8da381e8-6bab-4b75-9ae3-d7b76f90f044.pdf	8da381e8-6bab-4b75-9ae3-d7b76f90f044	WXS	NA	NA	NO	3.0	NA	WHITE	NA	R0	YES	1	Primary	1.0	Male	0.2	Matched	0.5	NA	G9	0.633333333333	NA	NA	Base	TUMOR FREE	Prostate	A	Alive	NA
prad_cpcg_2017	TCGA-G9-6370	TCGA-G9-6370-01	52.0	NO	NA	Prostate Cancer	Prostate Adenocarcinoma	NA	M0	T1C	TCGA-PRAD	NO	NA	NA	NA	NA	NA	NA	0.0	806	NA	806	37.98	0:DiseaseFree	NO	NA	NOT HISPANIC OR LATINO	NA	NA	3/7/12	3.0	4.0	NA	7	NA	Prostate Adenocarcinoma Acinar Type	No	No	C61	8550/3	C61.9	YES	Core needle biopsy	2009.0	NO	Bilateral	1.2	1	YES	0	NA	NA	NA	NA	PRAD	37.98	0:LIVING	N0	T3B	TCGA-G9-6370.fa0332e6-d535-45c0-8ed9-9b36816f1350.pdf	fa0332e6-d535-45c0-8ed9-9b36816f1350	WXS;WGS	NA	NA	NO	3.0	NA	WHITE	NA	R0	YES	1	Primary	1.0	Male	0.4	Matched	0.6	NA	G9	0	NA	NA	Apex|Base	TUMOR FREE	Prostate	A	Alive	NA
prad_cpcg_2017	TCGA-G9-6371	TCGA-G9-6371-01	58.0	NO	NA	Prostate Cancer	Prostate Adenocarcinoma	NA	M0	T1C	TCGA-PRAD	NO	NA	NA	NA	NA	NA	NA	0.0	846	NA	846	40.28	0:DiseaseFree	NO	NA	NOT HISPANIC OR LATINO	NA	NA	3/6/12	3.0	3.0	NA	6	NA	Prostate Adenocarcinoma Acinar Type	No	No	C61	8550/3	C61.9	YES	Core needle biopsy	2009.0	NO	Bilateral	1	NA	NO	NA	NA	5	NA	NA	PRAD	40.28	0:LIVING	NA	T2C	TCGA-G9-6371.26034718-f43a-491d-99fb-934d99ba4a6a.pdf	26034718-f43a-491d-99fb-934d99ba4a6a	WXS	NA	NA	NO	3.0	NA	WHITE	NA	R1	YES	1	Primary	1.0	Male	0.3	Matched	0.6	NA	G9	0.166666666667	NA	NA	Apex|Base	TUMOR FREE	Prostate	A	Alive	NA
prad_cpcg_2017	TCGA-G9-6373	TCGA-G9-6373-01	68.0	NA	Normal (no evidence of prostate cancer) [cM0]	Prostate Cancer	Prostate Adenocarcinoma	NA	M0	T2B	TCGA-PRAD	NO	NA	NA	29	NA	NA	NA	0.0	505	NA	NA	26.64	0:DiseaseFree	NO	NA	NOT HISPANIC OR LATINO	NA	NA	3/6/12	4.0	3.0	NA	7	NA	Prostate Adenocarcinoma Acinar Type	No	No	C61	8550/3	C61.9	YES	Core needle biopsy	2009.0	NO	Bilateral	1	NA	NO	NA	NA	15	NA	NA	PRAD	26.64	0:LIVING	NA	T3A	TCGA-G9-6373.ed631fb0-95e4-4b30-963f-1ff4cb4f0ece.pdf	ed631fb0-95e4-4b30-963f-1ff4cb4f0ece	WXS	NA	NA	NO	NA	NA	WHITE	NA	R0	YES	1	Primary	1.0	Male	0.1	Matched	0.9	NA	G9	0.5	NA	NA	Apex|Base	TUMOR FREE	Prostate	A	Alive	NA
prad_cpcg_2017	TCGA-G9-6377	TCGA-G9-6377-01	61.0	NO	Abnormal (not related to prostate cancer)	Prostate Cancer	Prostate Adenocarcinoma	NA	M0	T2B	TCGA-PRAD	YES	No Evidence of Extraprostatic Extension	NA	36	NA	11	NA	0.0	518	NA	518	31.47	0:DiseaseFree	NO	NA	NOT HISPANIC OR LATINO	NA	NA	3/5/12	3.0	4.0	NA	7	NA	Prostate Adenocarcinoma Acinar Type	No	No	C61	8550/3	C61.9	YES	Core needle biopsy	2009.0	NO	Bilateral	1.4	6	YES	0	NA	8	NA	NA	PRAD	31.47	0:LIVING	N0	T2C	TCGA-G9-6377.520abbf9-817a-45db-aecc-22c4fc80ddae.pdf	520abbf9-817a-45db-aecc-22c4fc80ddae	WXS	NA	NA	NO	3.0	NA	WHITE	NA	R0	YES	1	Primary	1.0	Male	0.2	Matched	0.5	NA	G9	0.266666666667	NA	NA	Apex|Base	TUMOR FREE	Prostate	A	Alive	NA
prad_cpcg_2017	TCGA-G9-6378	TCGA-G9-6378-01	54.0	NO	Normal (no evidence of prostate cancer) [cM0]	Prostate Cancer	Prostate Adenocarcinoma	NA	M0	T1C	TCGA-PRAD	YES	No Evidence of Extraprostatic Extension	NA	-176	NA	100	NA	0.0	664	NA	223	37.94	0:DiseaseFree	NO	NA	NOT HISPANIC OR LATINO	NA	NA	3/5/12	3.0	4.0	NA	7	NA	Prostate Adenocarcinoma Acinar Type	No	No	C61	8550/3	C61.9	YES	Core needle biopsy	2009.0	NO	Bilateral	1.2	NA	NO	NA	NA	2	NA	NA	PRAD	37.94	0:LIVING	NA	T2C	TCGA-G9-6378.425008c5-919c-45b3-beb7-2392d6866ffb.pdf	425008c5-919c-45b3-beb7-2392d6866ffb	WXS	NA	NA	NO	3.0	NA	BLACK OR AFRICAN AMERICAN	NA	R1	YES	1	Primary	1.0	Male	0.2	Matched	0.9	NA	G9	0.0666666666667	NA	NA	Apex|Base	TUMOR FREE	Prostate	A	Alive	NA
prad_cpcg_2017	TCGA-G9-6379	TCGA-G9-6379-01	68.0	NO	NA	Prostate Cancer	Prostate Adenocarcinoma	NA	M0	T1B	TCGA-PRAD	NO	NA	NA	NA	NA	NA	NA	0.0	1393	NA	1393	58.41	0:DiseaseFree	NO	NA	NA	NA	NA	10/29/13	4.0	3.0	5	7	NA	Prostate Adenocarcinoma Acinar Type	No	No	C61	8550/3	C61.9	YES	Core needle biopsy	2009.0	NO	Bilateral	1.5	6	YES	0	NA	5	NO	NA	PRAD	58.41	0:LIVING	N0	T3B	TCGA-G9-6379.A097CB29-5440-45F9-B261-025603C37CEF.pdf	A097CB29-5440-45F9-B261-025603C37CEF	WXS	NA	NA	NO	3.0	NA	NA	NO	R1	YES	1	Primary	1.0	Male	0.4	Matched	1	NO	G9	0.166666666667	NA	Complete Remission/Response	Apex	TUMOR FREE	Prostate	A	Alive	NA
prad_cpcg_2017	TCGA-G9-6384	TCGA-G9-6384-01	53.0	NO	NA	Prostate Cancer	Prostate Adenocarcinoma	NA	M0	T1C	TCGA-PRAD	NO	NA	NA	NA	NA	NA	NA	0.0	390	NA	390	25.13	0:DiseaseFree	NO	NA	NOT HISPANIC OR LATINO	NA	NA	3/2/12	3.0	4.0	NA	7	NA	Prostate Adenocarcinoma Acinar Type	No	No	C61	8550/3	C61.9	YES	Core needle biopsy	2010.0	NO	Bilateral	1.2	14	YES	0	NA	10	NA	NA	PRAD	25.13	0:LIVING	N0	T3A	TCGA-G9-6384.6987c1c1-6e23-44f0-bba8-6bba4a288025.pdf	6987c1c1-6e23-44f0-bba8-6bba4a288025	WXS	NA	NA	NO	3.0	NA	WHITE	NA	R0	YES	1	Primary	1.0	Male	0.6	Matched	0.7	NA	G9	0.333333333333	NA	NA	Apex|Base	TUMOR FREE	Prostate	A	Alive	NA
prad_cpcg_2017	TCGA-G9-6385	TCGA-G9-6385-01	66.0	NO	Normal (no evidence of prostate cancer) [cM0]	Prostate Cancer	Prostate Adenocarcinoma	NA	M0	T1C	TCGA-PRAD	NO	NA	NA	12	NA	NA	NA	0.0	356	NA	336	27.27	0:DiseaseFree	NO	NA	NOT HISPANIC OR LATINO	NA	NA	3/2/12	3.0	4.0	NA	7	NA	Prostate Adenocarcinoma Acinar Type	No	No	C61	8550/3	C61.9	YES	Core needle biopsy	2010.0	NO	Bilateral	1	NA	NO	NA	NA	3	NA	NA	PRAD	27.27	0:LIVING	NA	T2C	TCGA-G9-6385.3027c5cd-f972-469c-a9f2-9a72b83a86c8.pdf	3027c5cd-f972-469c-a9f2-9a72b83a86c8	WXS	NA	NA	NO	6.4	NA	WHITE	NA	R0	YES	1	Primary	1.0	Male	0.3	Matched	0.7	NA	G9	0.1	NA	NA	Base	TUMOR FREE	Prostate	A	Alive	NA
prad_cpcg_2017	TCGA-G9-6494	TCGA-G9-6494-01	66.0	NA	Normal (no evidence of prostate cancer) [cM0]	Prostate Cancer	Prostate Adenocarcinoma	NA	M0	T1C	TCGA-PRAD	YES	No Evidence of Extraprostatic Extension	NA	-13	NA	-13	NA	0.0	1442	NA	1423	58.18	0:DiseaseFree	NO	NA	NOT HISPANIC OR LATINO	NA	NA	4/6/12	4.0	3.0	NA	7	NA	Prostate Adenocarcinoma Acinar Type	No	No	C61	8550/3	C61.9	YES	Core needle biopsy	2008.0	NO	Bilateral	1.7	2	YES	0	NA	13	NA	NA	PRAD	58.18	0:LIVING	N0	T4	TCGA-G9-6494.9aad0222-0731-498b-a9c2-400ce0ccfa0d.pdf	9aad0222-0731-498b-a9c2-400ce0ccfa0d	WXS	NA	NA	NO	1.13	NA	WHITE	NA	R1	YES	1	Primary	1.0	Male	0.4	Matched	1	NA	G9	0.433333333333	NA	NA	Base	WITH TUMOR	Prostate	A	Alive	NA
prad_cpcg_2017	TCGA-G9-6496	TCGA-G9-6496-01	61.0	NO	Normal (no evidence of prostate cancer) [cM0]	Prostate Cancer	Prostate Adenocarcinoma	NA	M0	T1C	TCGA-PRAD	YES	No Evidence of Extraprostatic Extension	NA	19	NA	20	NA	0.0	1014	NA	703	56.7	0:DiseaseFree	NO	NA	NOT HISPANIC OR LATINO	NA	NA	3/21/12	4.0	3.0	NA	7	NA	Prostate Adenocarcinoma Acinar Type	No	No	C61	8550/3	C61.9	YES	Core needle biopsy	2008.0	NO	Bilateral	1.2	15	YES	0	NA	22	NA	NA	PRAD	56.7	0:LIVING	N0	T2C	TCGA-G9-6496.193cca51-2d1f-49aa-afdb-63a55d689c86.pdf	193cca51-2d1f-49aa-afdb-63a55d689c86	WXS	NA	NA	NO	3.0	NA	WHITE	NA	R0	YES	1	Primary	1.0	Male	0.5	Matched	1	NA	G9	0.766666666667	NA	NA	Apex|Base	TUMOR FREE	Prostate	A	Alive	NA
prad_cpcg_2017	TCGA-G9-6498	TCGA-G9-6498-01	53.0	NO	Normal (no evidence of prostate cancer) [cM0]	Prostate Cancer	Prostate Adenocarcinoma	NA	M0	T1C	TCGA-PRAD	NO	NA	1342	47	NA	NA	NA	0.0	1608	NA	1608	44.09	1:Recurred/Progressed	NO	NA	NA	NA	NA	10/29/13	3.0	4.0	NA	7	NA	Prostate Adenocarcinoma Acinar Type	No	No	C61	8550/3	C61.9	YES	Core needle biopsy	2008.0	NO	Bilateral	1.3	NA	NO	NA	NA	10	YES	NA	PRAD	64.13	0:LIVING	NA	T3A	TCGA-G9-6498.0F610D96-54E9-4E40-B3D4-19554C782057.pdf	0F610D96-54E9-4E40-B3D4-19554C782057	WXS	NA	NA	NO	3.0	NA	NA	NO	R1	YES	1	Primary	1.0	Male	0.4	Matched	0.5	NO	G9	0.333333333333	NA	Complete Remission/Response	Apex	TUMOR FREE	Prostate	A	Alive	NA
prad_cpcg_2017	TCGA-G9-7519	TCGA-G9-7519-01	58.0	NO	Abnormal (not related to prostate cancer)	Prostate Cancer	Prostate Adenocarcinoma	NA	M0	T1C	TCGA-PRAD	YES	No Evidence of Extraprostatic Extension	NA	7	NA	7	NA	0.0	457	NA	457	27.89	0:DiseaseFree	NO	NA	NA	NA	NA	5/31/12	3.0	4.0	NA	7	NA	Prostate Adenocarcinoma Acinar Type	No	No	C61	8550/3	C61.9	YES	Core needle biopsy	2010.0	NO	Bilateral	1.1	NA	NO	NA	NA	8	NO	NA	PRAD	27.89	0:LIVING	NA	T2C	TCGA-G9-7519.07227b7d-9285-4d1b-9484-ccdb20841905.pdf	07227b7d-9285-4d1b-9484-ccdb20841905	WXS	NA	NA	NO	3.0	NA	NA	NO	R0	YES	1	Primary	1.0	Male	0.7	Matched	0.8	NO	G9	0.266666666667	NA	Complete Remission/Response	Apex|Base	TUMOR FREE	Prostate	A	Alive	NA
prad_cpcg_2017	TCGA-G9-7522	TCGA-G9-7522-01	49.0	NO	NA	Prostate Cancer	Prostate Adenocarcinoma	NA	M0	T1C	TCGA-PRAD	NO	NA	NA	NA	NA	NA	NA	0.0	452	NA	452	35.41	0:DiseaseFree	NO	NA	NA	NA	NA	5/31/12	3.0	4.0	NA	7	NA	Prostate Adenocarcinoma Acinar Type	No	No	C61	8550/3	C61.9	YES	Core needle biopsy	2011.0	NO	Bilateral	1.1	9	YES	0	NA	3	NO	NA	PRAD	35.41	0:LIVING	N0	T2C	TCGA-G9-7522.8d3c4720-f528-4a73-b2f0-95b2aac093f2.pdf	8d3c4720-f528-4a73-b2f0-95b2aac093f2	WXS;WGS	NA	NA	NO	10.0	NA	NA	NO	R0	YES	1	Primary	1.0	Male	0.4	Matched	0.9	NO	G9	0.1	NA	Complete Remission/Response	Apex	TUMOR FREE	Prostate	A	Alive	NA
prad_cpcg_2017	TCGA-G9-7525	TCGA-G9-7525-01	64.0	NO	Normal (no evidence of prostate cancer) [cM0]	Prostate Cancer	Prostate Adenocarcinoma	NA	M0	T1C	TCGA-PRAD	YES	No Evidence of Extraprostatic Extension	NA	12	NA	12	NA	0.0	512	NA	512	32.65	0:DiseaseFree	NO	NA	NA	NA	NA	5/31/12	4.0	3.0	NA	7	NA	Prostate Adenocarcinoma Acinar Type	No	No	C61	8550/3	C61.9	YES	Core needle biopsy	2010.0	NO	Bilateral	1.8	6	YES	0	NA	16	NO	NA	PRAD	32.65	0:LIVING	N0	T2C	TCGA-G9-7525.837a5284-61ec-4a13-9743-010fc6a8df6a.pdf	837a5284-61ec-4a13-9743-010fc6a8df6a	WXS	NA	NA	NO	3.0	NA	NA	NO	R0	YES	1	Primary	1.0	Male	0.4	Matched	0.9	NO	G9	0.533333333333	NA	Complete Remission/Response	Base	TUMOR FREE	Prostate	A	Alive	NA
prad_cpcg_2017	TCGA-H9-7775	TCGA-H9-7775-01	68.0	NO	NA	Prostate Cancer	Prostate Adenocarcinoma	NA	NA	NA	TCGA-PRAD	NA	NA	NA	NA	NA	NA	NA	0.0	44	NA	73	6.08	0:DiseaseFree	NA	NA	NOT HISPANIC OR LATINO	NA	NA	2/8/12	3.0	4.0	0	7	NA	Prostate Adenocarcinoma Acinar Type	No	No	C61	8550/3	C61.9	YES	Core needle biopsy	2011.0	NO	Right	1	NA	NO	NA	NA	16	NA	NA	PRAD	6.08	0:LIVING	NA	T2C	TCGA-H9-7775.2a752788-15f1-4879-96a7-eaf5dfa6921d.pdf	2a752788-15f1-4879-96a7-eaf5dfa6921d	WXS	NA	NA	YES	4.0	NA	WHITE	NA	NA	NO	1	Primary	1.0	Male	0.4	Matched	0.6	NA	H9	0.533333333333	NA	NA	NA	NA	Prostate	A	Alive	NA
prad_cpcg_2017	TCGA-H9-A6BX	TCGA-H9-A6BX-01	60.0	NO	NA	Prostate Cancer	Prostate Adenocarcinoma	NA	NA	NA	TCGA-PRAD	NO	NA	NA	NA	479	NA	NA	0.0	570	NA	570	30.91	0:DiseaseFree	NO	NA	NA	NA	NA	11/26/13	3.0	3.0	NA	6	NA	Prostate Adenocarcinoma Acinar Type	No	No	C61	8140/3	C61.9	YES	NA	2012.0	NO	Bilateral	NA	NA	NO	NA	NA	NA	NO	FALSE	PRAD	30.91	0:LIVING	NA	T2C	TCGA-H9-A6BX.5AEA61BF-A79E-4A8A-B3F1-45982DAF288E.pdf	5AEA61BF-A79E-4A8A-B3F1-45982DAF288E	WXS	NA	NA	YES	4.0	NA	NA	NO	R0	NO	1	Primary	1.0	Male	NA	Matched	NA	NO	H9	0	NA	Complete Remission/Response	NA	TUMOR FREE	Prostate	A	Alive	NA
prad_cpcg_2017	TCGA-H9-A6BY	TCGA-H9-A6BY-01	63.0	NA	NA	Prostate Cancer	Prostate Adenocarcinoma	NA	NA	T1C	TCGA-PRAD	NA	NA	NA	NA	303	NA	NA	0.0	112	NA	NA	3.68	0:DiseaseFree	NA	NA	NA	NA	NA	12/2/13	3.0	4.0	NA	7	NA	Prostate Adenocarcinoma Acinar Type	No	No	C61	8140/3	C61.9	YES	Core needle biopsy	2012.0	NO	Bilateral	NA	19	YES	0	NA	14	NO	FALSE	PRAD	3.68	0:LIVING	N0	T3A	TCGA-H9-A6BY.87EDA3C6-8BAC-49FD-8592-1D38812660E6.pdf	87EDA3C6-8BAC-49FD-8592-1D38812660E6	WXS	NA	Overlapping / Multiple Zones	YES	NA	NA	NA	NA	RX	NO	1	Primary	1.0	Male	NA	Matched	NA	NA	H9	0.466666666667	NA	NA	NA	NA	Prostate	A	Alive	NA
prad_cpcg_2017	TCGA-HC-7075	TCGA-HC-7075-01	63.0	NA	NA	Prostate Cancer	Prostate Adenocarcinoma	NA	M0	T1C	TCGA-PRAD	NA	NA	NA	NA	NA	NA	NA	0.0	63	NA	96	19.74	0:DiseaseFree	NA	NA	NOT HISPANIC OR LATINO	NA	NA	3/29/12	3.0	3.0	NA	6	NA	Prostate Adenocarcinoma Acinar Type	No	No	C61	8550/3	C61.9	YES	Core needle biopsy	2010.0	NO	Right	0.7	NA	NO	NA	NA	13	NA	NA	PRAD	19.74	0:LIVING	NA	T2A	TCGA-HC-7075.72e3166c-bbd4-4bc1-931c-5fda225b3cf9.pdf	72e3166c-bbd4-4bc1-931c-5fda225b3cf9	WXS;WGS	NA	NA	NO	1.0	NA	WHITE	NA	R0	YES	1	Primary	1.0	Male	0.2	Matched	0.4	NA	HC	0.433333333333	NA	NA	NA	TUMOR FREE	Prostate	A	Alive	NA
prad_cpcg_2017	TCGA-HC-7077	TCGA-HC-7077-01	64.0	NA	Normal (no evidence of prostate cancer) [cM0]	Prostate Cancer	Prostate Adenocarcinoma	NA	M0	T1C	TCGA-PRAD	NO	NA	NA	-14	NA	NA	NA	0.0	77	NA	1749	69.48	0:DiseaseFree	NO	NA	NOT HISPANIC OR LATINO	NA	NA	4/9/12	3.0	3.0	NA	6	NA	Prostate Adenocarcinoma Acinar Type	No	No	C61	8550/3	C61.9	YES	Transurethral resection (TURBT)	2006.0	NO	Bilateral	1.1	NA	NO	NA	NA	21	NA	NA	PRAD	69.48	0:LIVING	NA	T3A	TCGA-HC-7077.67940700-dcd0-4e3c-9cca-4f6daeacf34c.pdf	67940700-dcd0-4e3c-9cca-4f6daeacf34c	WXS	NA	NA	NO	83.0	NA	BLACK OR AFRICAN AMERICAN	NA	R0	YES	1	Primary	1.0	Male	0.1	Matched	0.5	NA	HC	0.7	NA	NA	NA	TUMOR FREE	Prostate	A	Alive	NA
prad_cpcg_2017	TCGA-HC-7078	TCGA-HC-7078-01	69.0	NA	Normal (no evidence of prostate cancer) [cM0]	Prostate Cancer	Prostate Adenocarcinoma	NA	M0	T1C	TCGA-PRAD	NO	No Evidence of Extraprostatic Extension	NA	NA	NA	NA	NA	0.0	162	NA	1409	65.21	0:DiseaseFree	NO	NA	NOT HISPANIC OR LATINO	NA	NA	4/10/12	3.0	4.0	NA	7	NA	Prostate Adenocarcinoma Acinar Type	No	No	C61	8550/3	C61.9	YES	Core needle biopsy	2007.0	NO	Bilateral	0.9	3	YES	0	NA	22	NA	NA	PRAD	65.21	0:LIVING	N0	T3A	TCGA-HC-7078.fb3865df-5e90-4a2f-b684-063d41369bfc.pdf	fb3865df-5e90-4a2f-b684-063d41369bfc	WXS	NA	NA	NO	1.0	NA	WHITE	NA	R0	YES	1	Primary	1.0	Male	0.1	Matched	0.5	NA	HC	0.733333333333	NA	NA	NA	TUMOR FREE	Prostate	A	Alive	NA
prad_cpcg_2017	TCGA-HC-7079	TCGA-HC-7079-01	51.0	NA	NA	Prostate Cancer	Prostate Adenocarcinoma	NA	M0	T3A	TCGA-PRAD	NO	NA	NA	NA	NA	NA	NA	0.0	126	NA	126	12.48	1:Recurred/Progressed	NO	NA	NOT HISPANIC OR LATINO	NA	NA	4/10/12	3.0	4.0	NA	7	NA	Prostate Adenocarcinoma Acinar Type	No	No	C61	8550/3	C61.9	YES	Core needle biopsy	2010.0	NO	Bilateral	0.9	4	YES	0	NA	NA	NA	NA	PRAD	38.9	0:LIVING	N0	T3A	TCGA-HC-7079.8e42fce1-33e7-45e1-b8e9-2faf5a02766d.pdf	8e42fce1-33e7-45e1-b8e9-2faf5a02766d	WXS;WGS	NA	NA	NO	10.0	NA	WHITE	NA	R0	YES	1	Primary	1.0	Male	0.3	Matched	0.6	NA	HC	0	NA	NA	Apex|Middle|Base	WITH TUMOR	Prostate	A	Alive	NA
prad_cpcg_2017	TCGA-HC-7080	TCGA-HC-7080-01	66.0	NO	Normal (no evidence of prostate cancer) [cM0]	Prostate Cancer	Prostate Adenocarcinoma	NA	M0	T2A	TCGA-PRAD	YES	No Evidence of Extraprostatic Extension	NA	19	NA	19	NA	0.0	104	NA	104	29.37	1:Recurred/Progressed	NO	NA	NOT HISPANIC OR LATINO	NA	NA	4/9/12	3.0	4.0	NA	7	NA	Prostate Adenocarcinoma Acinar Type	No	No	C61	8550/3	C61.9	YES	Core needle biopsy	2010.0	NO	Right	0.5	2	YES	0	NA	20	NA	NA	PRAD	36.33	0:LIVING	N0	T2A	TCGA-HC-7080.f2bf590a-9473-47fe-89a9-69c480b6c42b.pdf	f2bf590a-9473-47fe-89a9-69c480b6c42b	WXS	NA	NA	NO	10.0	NA	WHITE	NA	R0	YES	1	Primary	1.0	Male	0.2	Matched	0.4	NA	HC	0.666666666667	NA	NA	Apex|Middle	TUMOR FREE	Prostate	A	Alive	NA
prad_cpcg_2017	TCGA-HC-7209	TCGA-HC-7209-01	60.0	NA	NA	Prostate Cancer	Prostate Adenocarcinoma	NA	NA	T2B	TCGA-PRAD	NA	NA	NA	NA	NA	NA	NA	0.0	41	NA	108	14.45	0:DiseaseFree	NA	NA	NOT HISPANIC OR LATINO	NA	NA	4/10/12	3.0	3.0	NA	6	NA	Prostate Adenocarcinoma Acinar Type	No	No	C61	8550/3	C61.9	YES	Core needle biopsy	2011.0	NO	Bilateral	0.6	2	YES	0	NA	11	NA	NA	PRAD	14.45	0:LIVING	N0	T2C	TCGA-HC-7209.87f8ff1b-d58b-470e-9156-144cbe34b71c.pdf	87f8ff1b-d58b-470e-9156-144cbe34b71c	WXS	NA	NA	YES	5.0	NA	WHITE	NA	R0	NO	1	Primary	1.0	Male	0.1	Matched	0.4	NA	HC	0.4	NA	NA	Apex|Middle|Base	TUMOR FREE	Prostate	A	Alive	NA
prad_cpcg_2017	TCGA-HC-7210	TCGA-HC-7210-01	74.0	NA	NA	Prostate Cancer	Prostate Adenocarcinoma	NA	NA	NA	TCGA-PRAD	NA	NA	NA	NA	NA	NA	NA	0.0	149	NA	149	28.52	0:DiseaseFree	NA	NA	NOT HISPANIC OR LATINO	NA	NA	4/10/12	3.0	4.0	NA	7	NA	Prostate Adenocarcinoma Acinar Type	No	No	C61	8550/3	C61.9	YES	Core needle biopsy	2011.0	NO	Right	1.1	7	YES	0	NA	15	NA	NA	PRAD	28.52	0:LIVING	N0	T2A	TCGA-HC-7210.8398444a-bfad-41d6-94a6-ab85ddf159aa.pdf	8398444a-bfad-41d6-94a6-ab85ddf159aa	WXS	NA	NA	YES	10.0	NA	WHITE	NA	R0	NO	1	Primary	1.0	Male	0.4	Matched	0.9	NA	HC	0.5	NA	NA	NA	TUMOR FREE	Prostate	A	Alive	NA
prad_cpcg_2017	TCGA-HC-7212	TCGA-HC-7212-01	56.0	NA	NA	Prostate Cancer	Prostate Adenocarcinoma	NA	M0	NA	TCGA-PRAD	NA	NA	NA	NA	NA	NA	NA	0.0	41	NA	424	28.58	0:DiseaseFree	NA	NA	NOT HISPANIC OR LATINO	NA	NA	4/11/12	3.0	4.0	NA	7	NA	Prostate Adenocarcinoma Acinar Type	No	No	C61	8550/3	C61.9	YES	Core needle biopsy	2011.0	NO	Right	1	4	YES	0	NA	8	NA	NA	PRAD	28.58	0:LIVING	N0	T2A	TCGA-HC-7212.b401d78b-78c2-4e6e-86db-c93997da85a4.pdf	b401d78b-78c2-4e6e-86db-c93997da85a4	WXS	NA	NA	YES	28.0	NA	WHITE	NA	NA	NO	1	Primary	1.0	Male	0.3	Matched	0.8	NA	HC	0.266666666667	NA	NA	NA	NA	Prostate	A	Alive	NA
prad_cpcg_2017	TCGA-HC-7230	TCGA-HC-7230-01	50.0	NA	NA	Prostate Cancer	Prostate Adenocarcinoma	NA	NA	NA	TCGA-PRAD	NA	NA	NA	NA	NA	NA	NA	0.0	51	NA	NA	32.88	0:DiseaseFree	NA	NA	NOT HISPANIC OR LATINO	NA	NA	10/6/11	3.0	4.0	NA	7	NA	Prostate Adenocarcinoma Acinar Type	No	No	C61	8550/3	C61.9	YES	Core needle biopsy	2011.0	NO	NA	0.5	3	YES	0	NA	12	NA	NA	PRAD	32.88	0:LIVING	N0	T2C	TCGA-HC-7230.0c078733-c8ed-4d5c-9da0-979f4af4fc4f.pdf	0c078733-c8ed-4d5c-9da0-979f4af4fc4f	WXS	NA	NA	YES	3.0	NA	WHITE	NA	R0	NO	1	Primary	1.0	Male	0.1	Matched	0.4	NA	HC	0.4	NA	NA	NA	TUMOR FREE	Prostate	A	Alive	NA
prad_cpcg_2017	TCGA-HC-7231	TCGA-HC-7231-01	66.0	NA	NA	Prostate Cancer	Prostate Adenocarcinoma	NA	M0	T1C	TCGA-PRAD	NA	NA	NA	NA	NA	NA	NA	0.0	72	NA	NA	30.85	0:DiseaseFree	NA	NA	NA	NA	NA	10/6/11	3.0	4.0	NA	7	NA	Prostate Adenocarcinoma Acinar Type	No	No	C61	8550/3	C61.9	YES	Core needle biopsy	2011.0	NO	Bilateral	0.3	NA	NO	NA	NA	10	NA	NA	PRAD	30.85	0:LIVING	NA	T2C	TCGA-HC-7231.4a904b18-b8cf-4666-a384-2b3ce33f7891.pdf	4a904b18-b8cf-4666-a384-2b3ce33f7891	WXS	NA	NA	YES	NA	NA	WHITE	NA	R0	NO	1	Primary	1.0	Male	0.1	Matched	0.2	NA	HC	0.333333333333	NA	NA	NA	TUMOR FREE	Prostate	A	Alive	NA
prad_cpcg_2017	TCGA-HC-7233	TCGA-HC-7233-01	73.0	NA	NA	Prostate Cancer	Prostate Adenocarcinoma	NA	NA	NA	TCGA-PRAD	NA	NA	NA	NA	NA	NA	NA	0.0	52	NA	NA	44.51	0:DiseaseFree	NA	NA	NA	NA	NA	4/11/12	4.0	3.0	NA	7	NA	Prostate Adenocarcinoma Acinar Type	No	Yes	C61	8550/3	C61.9	YES	Core needle biopsy	2010.0	NO	Left	1	2	YES	0	NA	21	NA	NA	PRAD	44.51	0:LIVING	N0	T2A	TCGA-HC-7233.3531e095-4042-4fc8-aa69-522b16e4e1fc.pdf	3531e095-4042-4fc8-aa69-522b16e4e1fc	WXS;WGS	NA	NA	NO	NA	NA	WHITE	NA	R1	YES	1	Primary	1.0	Male	0.6	Matched	0.9	NA	HC	0.7	NA	NA	Apex	WITH TUMOR	Prostate	A	Alive	NA
prad_cpcg_2017	TCGA-HC-7736	TCGA-HC-7736-01	59.0	NA	NA	Prostate Cancer	Prostate Adenocarcinoma	NA	M0	T2B	TCGA-PRAD	YES	No Evidence of Extraprostatic Extension	NA	NA	NA	-21	NA	0.0	22	NA	102	36.24	0:DiseaseFree	NA	NA	NOT HISPANIC OR LATINO	NA	NA	4/11/12	3.0	4.0	NA	7	NA	Prostate Adenocarcinoma Acinar Type	No	No	C61	8550/3	C61.9	YES	Core needle biopsy	2010.0	NO	Bilateral	1	13	YES	0	NA	10	NA	NA	PRAD	36.24	0:LIVING	N0	T2C	TCGA-HC-7736.d5cb57cb-ff9a-4c83-b019-7b5ed2cd7494.pdf	d5cb57cb-ff9a-4c83-b019-7b5ed2cd7494	WXS	NA	NA	NO	2.0	NA	WHITE	NA	R0	YES	1	Primary	1.0	Male	0.4	Matched	1	NA	HC	0.333333333333	NA	NA	Middle|Base	TUMOR FREE	Prostate	A	Alive	NA
prad_cpcg_2017	TCGA-HC-7738	TCGA-HC-7738-01	58.0	NA	NA	Prostate Cancer	Prostate Adenocarcinoma	NA	M0	NA	TCGA-PRAD	NA	NA	NA	NA	NA	NA	NA	0.0	81	NA	NA	13.8	1:Recurred/Progressed	NA	NA	NOT HISPANIC OR LATINO	NA	NA	3/29/12	3.0	4.0	NA	7	NA	Prostate Adenocarcinoma Acinar Type	No	No	C61	8550/3	C61.9	YES	Core needle biopsy	2011.0	NO	Bilateral	0.6	NA	NO	NA	NA	16	NA	NA	PRAD	31.67	0:LIVING	NA	T2C	TCGA-HC-7738.374827be-3cc2-4da8-a815-40539e441ccd.pdf	374827be-3cc2-4da8-a815-40539e441ccd	WXS	NA	NA	YES	NA	NA	WHITE	NA	R0	NO	1	Primary	1.0	Male	0.1	Matched	0.3	NA	HC	0.533333333333	NA	NA	Apex	TUMOR FREE	Prostate	A	Alive	NA
prad_cpcg_2017	TCGA-HC-7740	TCGA-HC-7740-01	59.0	NA	NA	Prostate Cancer	Prostate Adenocarcinoma	NA	M0	T2A	TCGA-PRAD	NA	NA	NA	NA	NA	NA	NA	0.0	53	NA	154	23.55	0:DiseaseFree	NA	NA	NOT HISPANIC OR LATINO	NA	NA	4/11/12	3.0	4.0	NA	7	NA	Prostate Adenocarcinoma Acinar Type	No	No	C61	8550/3	C61.9	YES	Core needle biopsy	2011.0	NO	Bilateral	1.2	4	YES	0	NA	3	NA	NA	PRAD	23.55	0:LIVING	N0	T2C	TCGA-HC-7740.d2b80346-3a50-4fc3-99c2-0e15225cc433.pdf	d2b80346-3a50-4fc3-99c2-0e15225cc433	WXS;WGS	NA	NA	YES	0.0	NA	WHITE	NA	R0	NO	1	Primary	1.0	Male	0.3	Matched	0.7	NA	HC	0.1	NA	NA	Apex|Middle|Base	TUMOR FREE	Prostate	A	Alive	NA
prad_cpcg_2017	TCGA-HC-7742	TCGA-HC-7742-01	58.0	NO	NA	Prostate Cancer	Prostate Adenocarcinoma	NA	M0	NA	TCGA-PRAD	NA	NA	NA	NA	NA	NA	NA	0.0	113	NA	113	30.81	0:DiseaseFree	NA	NA	NOT HISPANIC OR LATINO	NA	NA	4/11/12	3.0	4.0	NA	7	NA	Prostate Adenocarcinoma Acinar Type	No	No	C61	8140/3	C61.9	YES	Core needle biopsy	2011.0	NO	NA	0.6	2	YES	0	NA	20	NA	NA	PRAD	30.81	0:LIVING	N0	T3A	TCGA-HC-7742.1fe1a801-da9e-4e62-935e-0d014c0b5631.pdf	1fe1a801-da9e-4e62-935e-0d014c0b5631	WXS	NA	NA	YES	10.0	NA	WHITE	NA	R0	NO	1	Primary	1.0	Male	0.1	Matched	0.4	NA	HC	0.666666666667	NA	NA	NA	WITH TUMOR	Prostate	A	Alive	NA
prad_cpcg_2017	TCGA-HC-7744	TCGA-HC-7744-01	46.0	NO	Normal (no evidence of prostate cancer) [cM0]	Prostate Cancer	Prostate Adenocarcinoma	NA	M0	NA	TCGA-PRAD	YES	NA	NA	10	NA	40	NA	0.0	51	42	282	17.44	0:DiseaseFree	YES	NA	NOT HISPANIC OR LATINO	NA	NA	4/11/12	4.0	3.0	NA	7	NA	Prostate Adenocarcinoma Acinar Type	No	No	C61	8550/3	C61.9	YES	Core needle biopsy	2011.0	NO	Bilateral	1	8	YES	0	Extraprostatic Extension Localized (e.g. seminal vesicles)	18	NA	NA	PRAD	17.44	0:LIVING	N0	T3B	TCGA-HC-7744.01b8c2af-bdf8-4627-bf6e-c7a41d929b94.pdf	01b8c2af-bdf8-4627-bf6e-c7a41d929b94	WXS;WGS	NA	NA	YES	4.0	NA	WHITE	NA	R1	NO	1	Primary	1.0	Male	0.3	Matched	0.6	NA	HC	0.6	NA	NA	Apex|Middle|Base	WITH TUMOR	Prostate	A	Alive	NA
prad_cpcg_2017	TCGA-HC-7745	TCGA-HC-7745-01	65.0	NA	NA	Prostate Cancer	Prostate Adenocarcinoma	NA	NA	NA	TCGA-PRAD	NO	NA	NA	NA	NA	NA	NA	0.0	63	NA	NA	23.69	0:DiseaseFree	NO	NA	NOT HISPANIC OR LATINO	NA	NA	4/11/12	4.0	3.0	NA	7	NA	Prostate Adenocarcinoma Acinar Type	No	No	C61	8550/3	C61.9	YES	Core needle biopsy	2011.0	NO	Bilateral	0.7	3	YES	0	NA	7	NA	NA	PRAD	23.69	0:LIVING	N0	T3B	TCGA-HC-7745.4a65a2d9-6007-4ff2-9711-46351f540367.pdf	4a65a2d9-6007-4ff2-9711-46351f540367	WXS	NA	NA	YES	NA	NA	WHITE	NA	R0	NO	1	Primary	1.0	Male	0.2	Matched	0.4	NA	HC	0.233333333333	NA	NA	Middle	TUMOR FREE	Prostate	A	Alive	NA
prad_cpcg_2017	TCGA-HC-7747	TCGA-HC-7747-01	52.0	NO	Normal (no evidence of prostate cancer) [cM0]	Prostate Cancer	Prostate Adenocarcinoma	NA	M0	T2B	TCGA-PRAD	YES	No Evidence of Extraprostatic Extension	NA	25	NA	25	NA	0.0	57	NA	392	24.57	0:DiseaseFree	NO	NA	NOT HISPANIC OR LATINO	NA	NA	4/12/12	3.0	4.0	NA	7	NA	Prostate Adenocarcinoma Acinar Type	No	No	C61	8550/3	C61.9	YES	Core needle biopsy	2011.0	NO	Bilateral	0.5	4	YES	0	NA	4	NA	NA	PRAD	24.57	0:LIVING	N0	T2C	TCGA-HC-7747.cd814697-95e2-46d6-8f80-4467d7bedf01.pdf	cd814697-95e2-46d6-8f80-4467d7bedf01	WXS	NA	NA	YES	19.0	NA	WHITE	NA	NA	NO	1	Primary	1.0	Male	0.2	Matched	0.4	NA	HC	0.133333333333	NA	NA	Apex|Middle|Base	TUMOR FREE	Prostate	A	Alive	NA
prad_cpcg_2017	TCGA-HC-7748	TCGA-HC-7748-01	60.0	NA	NA	Prostate Cancer	Prostate Adenocarcinoma	NA	NA	NA	TCGA-PRAD	NA	NA	NA	NA	NA	NA	NA	0.0	62	NA	99	26.02	0:DiseaseFree	NA	NA	NOT HISPANIC OR LATINO	NA	NA	4/12/12	3.0	3.0	NA	6	NA	Prostate Adenocarcinoma Acinar Type	No	Yes	C61	8550/3	C61.9	YES	Core needle biopsy	2011.0	NO	Right	0.8	10	YES	0	NA	10	NA	NA	PRAD	26.02	0:LIVING	N0	T2A	TCGA-HC-7748.6516e000-dc8c-4715-a561-ee47a114ad23.pdf	6516e000-dc8c-4715-a561-ee47a114ad23	WXS	NA	NA	YES	10.0	NA	WHITE	NA	R0	NO	1	Primary	1.0	Male	0.4	Matched	0.7	NA	HC	0.333333333333	NA	NA	NA	TUMOR FREE	Prostate	A	Alive	NA
prad_cpcg_2017	TCGA-HC-7749	TCGA-HC-7749-01	70.0	NA	NA	Prostate Cancer	Prostate Adenocarcinoma	NA	M0	NA	TCGA-PRAD	NA	NA	NA	NA	NA	NA	NA	0.0	60	NA	102	23.78	0:DiseaseFree	NA	NA	NOT HISPANIC OR LATINO	NA	NA	4/20/12	4.0	3.0	5	7	NA	Prostate Adenocarcinoma Acinar Type	No	No	C61	8550/3	C61.9	YES	Core needle biopsy	2011.0	NO	Right	0.3	10	YES	0	NA	28	NA	NA	PRAD	23.78	0:LIVING	N0	T3A	TCGA-HC-7749.35e33cb7-77a7-4d02-b4ec-9374423027c0.pdf	35e33cb7-77a7-4d02-b4ec-9374423027c0	WXS	NA	NA	YES	10.0	NA	WHITE	NA	R0	NO	1	Primary	1.0	Male	0.2	Matched	0.3	NA	HC	0.933333333333	NA	NA	Middle|Base	TUMOR FREE	Prostate	A	Alive	NA
prad_cpcg_2017	TCGA-HC-7750	TCGA-HC-7750-01	50.0	NA	NA	Prostate Cancer	Prostate Adenocarcinoma	NA	M0	T2B	TCGA-PRAD	NA	NA	NA	NA	NA	NA	NA	0.0	34	NA	83	17.15	0:DiseaseFree	NA	NA	NOT HISPANIC OR LATINO	NA	NA	4/20/12	3.0	4.0	NA	7	NA	Prostate Adenocarcinoma Acinar Type	No	No	C61	8550/3	C61.9	YES	Core needle biopsy	2011.0	NO	Left	0.4	NA	NO	NA	NA	4	NA	NA	PRAD	17.15	0:LIVING	NA	T2C	TCGA-HC-7750.f05d95fd-391d-49ab-8a2f-039110a654bd.pdf	f05d95fd-391d-49ab-8a2f-039110a654bd	WXS	NA	NA	YES	10.0	NA	WHITE	NA	R0	NO	1	Primary	1.0	Male	0.2	Matched	0.3	NA	HC	0.166666666667	NA	NA	Apex|Middle|Base	TUMOR FREE	Prostate	A	Alive	NA
prad_cpcg_2017	TCGA-HC-7752	TCGA-HC-7752-01	61.0	NA	NA	Prostate Cancer	Prostate Adenocarcinoma	NA	M0	NA	TCGA-PRAD	NA	NA	NA	NA	NA	NA	NA	0.0	98	NA	138	25.69	0:DiseaseFree	NA	NA	NOT HISPANIC OR LATINO	NA	NA	4/20/12	3.0	4.0	NA	7	NA	Prostate Adenocarcinoma Acinar Type	No	No	C61	8550/3	C61.9	YES	Core needle biopsy	2011.0	NO	Bilateral	0.4	6	YES	0	NA	19	NA	NA	PRAD	25.69	0:LIVING	N0	T2C	TCGA-HC-7752.d077f87f-0c7a-4641-a3fd-8bcd89fc67e7.pdf	d077f87f-0c7a-4641-a3fd-8bcd89fc67e7	WXS	NA	NA	YES	10.0	NA	WHITE	NA	R0	NO	1	Primary	1.0	Male	0.2	Matched	0.3	NA	HC	0.633333333333	NA	NA	Base	TUMOR FREE	Prostate	A	Alive	NA
prad_cpcg_2017	TCGA-HC-7817	TCGA-HC-7817-01	52.0	NO	Normal (no evidence of prostate cancer) [cM0]	Prostate Cancer	Prostate Adenocarcinoma	NA	M0	NA	TCGA-PRAD	YES	No Evidence of Extraprostatic Extension	NA	NA	NA	NA	NA	0.0	32	NA	171	30.49	0:DiseaseFree	YES	NA	NA	NA	NA	6/20/12	4.0	3.0	NA	7	NA	Prostate Adenocarcinoma Acinar Type	No	No	C61	8140/3	C61.9	YES	Core needle biopsy	2011.0	NO	Bilateral	1.1	NA	NO	NA	No Evidence of Extraprostatic Extension	3	NO	NA	PRAD	30.49	0:LIVING	NA	T3B	TCGA-HC-7817.A1E3EC71-D7D2-4286-A12F-78ADFD27E53C.pdf	A1E3EC71-D7D2-4286-A12F-78ADFD27E53C	WXS	NA	NA	YES	10.0	NA	NA	NA	NA	NO	1	Primary	1.0	Male	0.5	Matched	0.8	NA	HC	0.1	NA	NA	Apex|Middle|Base	TUMOR FREE	Prostate	B	Alive	NA
prad_cpcg_2017	TCGA-HC-7818	TCGA-HC-7818-01	66.0	NA	NA	Prostate Cancer	Prostate Adenocarcinoma	NA	M0	T2B	TCGA-PRAD	NA	NA	NA	NA	NA	NA	NA	0.0	45	NA	99	30.81	0:DiseaseFree	NA	NA	NOT HISPANIC OR LATINO	NA	NA	4/20/12	3.0	4.0	NA	7	NA	Prostate Adenocarcinoma Acinar Type	No	No	C61	8550/3	C61.9	YES	Core needle biopsy	2011.0	NO	Bilateral	0.4	6	YES	0	NA	NA	NA	NA	PRAD	30.81	0:LIVING	N0	T2C	TCGA-HC-7818.e6f3745f-31bf-4475-85f8-956811ce6cb6.pdf	e6f3745f-31bf-4475-85f8-956811ce6cb6	WXS	NA	NA	YES	1.0	NA	WHITE	NA	R0	NO	1	Primary	1.0	Male	0.2	Matched	0.2	NA	HC	0	NA	NA	Apex|Middle|Base	TUMOR FREE	Prostate	A	Alive	NA
prad_cpcg_2017	TCGA-HC-7820	TCGA-HC-7820-01	72.0	NA	NA	Prostate Cancer	Prostate Adenocarcinoma	NA	NA	NA	TCGA-PRAD	NA	NA	NA	NA	NA	NA	NA	0.0	102	NA	NA	24.54	0:DiseaseFree	NA	NA	NOT HISPANIC OR LATINO	NA	NA	4/20/12	3.0	4.0	NA	7	NA	Prostate Adenocarcinoma Acinar Type	No	No	C61	8550/3	C61.9	YES	Core needle biopsy	2011.0	NO	Bilateral	0.4	NA	NO	NA	NA	8	NA	NA	PRAD	24.54	0:LIVING	NA	T2C	TCGA-HC-7820.750c91eb-1732-4ca3-8c71-f1309a90e4f5.pdf	750c91eb-1732-4ca3-8c71-f1309a90e4f5	WXS	NA	NA	YES	NA	NA	WHITE	NA	R0	NO	1	Primary	1.0	Male	0.1	Matched	0.3	NA	HC	0.266666666667	NA	NA	NA	TUMOR FREE	Prostate	A	Alive	NA
prad_cpcg_2017	TCGA-HC-8213	TCGA-HC-8213-01	48.0	NA	NA	Prostate Cancer	Prostate Adenocarcinoma	NA	NA	NA	TCGA-PRAD	NA	NA	NA	NA	NA	NA	NA	0.0	1	NA	NA	19.35	0:DiseaseFree	NA	NA	NA	NA	NA	7/8/12	3.0	3.0	NA	6	NA	Prostate Adenocarcinoma Acinar Type	No	No	C61	8550/3	C61.9	YES	NA	2011.0	NO	Bilateral	0.7	NA	NO	NA	NA	3	NO	NA	PRAD	19.35	0:LIVING	NA	T2C	TCGA-HC-8213.E6CE4E34-DE42-455C-AD93-CCE42FCFE049.pdf	E6CE4E34-DE42-455C-AD93-CCE42FCFE049	WXS	NA	NA	YES	NA	NA	NA	NA	R0	NO	1	Primary	1.0	Male	0.3	Matched	0.5	NA	HC	0.1	NA	NA	NA	TUMOR FREE	Prostate	A	Alive	NA
prad_cpcg_2017	TCGA-HC-8216	TCGA-HC-8216-01	58.0	NA	Normal (no evidence of prostate cancer) [cM0]	Prostate Cancer	Prostate Adenocarcinoma	NA	M0	T2A	TCGA-PRAD	YES	No Evidence of Extraprostatic Extension	NA	10	NA	10	NA	0.0	42	NA	137	22.4	0:DiseaseFree	NO	NA	NA	NA	NA	6/17/12	4.0	3.0	5	7	NA	Prostate Adenocarcinoma Acinar Type	No	No	C61	8550/3	C61.9	YES	Core needle biopsy	2011.0	NO	Right	0.4	3	YES	0	NA	18	NO	NA	PRAD	22.4	0:LIVING	N0	T3A	TCGA-HC-8216.CD881D57-9CCB-4984-8C37-B3DDE9189814.pdf	CD881D57-9CCB-4984-8C37-B3DDE9189814	WXS	NA	NA	YES	19.0	NA	NA	NA	R0	NO	1	Primary	1.0	Male	0.3	Matched	0.3	NA	HC	0.6	NA	NA	Middle|Base	TUMOR FREE	Prostate	A	Alive	NA
prad_cpcg_2017	TCGA-HC-8256	TCGA-HC-8256-01	53.0	NA	NA	Prostate Cancer	Prostate Adenocarcinoma	NA	M0	NA	TCGA-PRAD	NA	NA	NA	NA	NA	NA	NA	0.0	95	NA	NA	28.25	0:DiseaseFree	NA	NA	NA	NA	NA	6/13/12	3.0	4.0	NA	7	NA	Prostate Adenocarcinoma Acinar Type	No	No	C61	8550/3	C61.9	YES	Core needle biopsy	2011.0	NO	Bilateral	0.4	NA	NO	NA	NA	8	NO	NA	PRAD	28.25	0:LIVING	NA	T2C	TCGA-HC-8256.2ec7732c-f24c-41eb-ba84-39bfc1c0c5b3.pdf	2ec7732c-f24c-41eb-ba84-39bfc1c0c5b3	WXS	NA	NA	YES	NA	NA	NA	NO	R0	NO	1	Primary	1.0	Male	0.1	Matched	0.3	NO	HC	0.266666666667	NA	Complete Remission/Response	NA	TUMOR FREE	Prostate	A	Alive	NA
prad_cpcg_2017	TCGA-HC-8257	TCGA-HC-8257-01	70.0	NO	NA	Prostate Cancer	Prostate Adenocarcinoma	NA	NA	NA	TCGA-PRAD	NA	NA	NA	NA	NA	NA	NA	0.0	29	NA	726	23.85	0:DiseaseFree	NA	NA	NA	NA	NA	10/1/12	3.0	4.0	NA	7	NA	Prostate Adenocarcinoma Acinar Type	No	No	C61	8550/3	C61.9	YES	NA	2011.0	NO	Bilateral	1.1	8	YES	1	NA	15	NO	NA	PRAD	23.85	0:LIVING	N1	T3B	TCGA-HC-8257.ff35baf5-f38f-4458-8c20-c61d61c61c19.pdf	ff35baf5-f38f-4458-8c20-c61d61c61c19	WXS	NA	NA	YES	10.0	NA	NA	NO	R1	NO	1	Primary	1.0	Male	0.1	Matched	0.3	YES	HC	0.5	NA	Complete Remission/Response	NA	WITH TUMOR	Prostate	A	Alive	NA
prad_cpcg_2017	TCGA-HC-8258	TCGA-HC-8258-01	56.0	NO	NA	Prostate Cancer	Prostate Adenocarcinoma	NA	NA	NA	TCGA-PRAD	NA	NA	NA	NA	NA	NA	NA	0.0	66	NA	162	27.83	0:DiseaseFree	NA	NA	NA	NA	NA	6/20/12	3.0	3.0	NA	6	NA	Prostate Adenocarcinoma Acinar Type	No	No	C61	8550/3	C61.9	YES	Core needle biopsy	2011.0	NO	Bilateral	0.6	2	YES	0	NA	NA	NO	NA	PRAD	27.83	0:LIVING	N0	T2C	TCGA-HC-8258.fffd3795-6c0c-43a0-afe4-30e759e5f20a.pdf	fffd3795-6c0c-43a0-afe4-30e759e5f20a	WXS;WGS	NA	NA	YES	1.0	NA	NA	NA	NA	NO	1	Primary	1.0	Male	0.2	Matched	0.5	NA	HC	0	NA	NA	NA	TUMOR FREE	Prostate	A	Alive	NA
prad_cpcg_2017	TCGA-HC-8259	TCGA-HC-8259-01	50.0	NO	NA	Prostate Cancer	Prostate Adenocarcinoma	NA	M0	T1C	TCGA-PRAD	NA	NA	NA	NA	NA	NA	NA	0.0	123	NA	123	30.35	0:DiseaseFree	NA	NA	NA	NA	NA	6/20/12	3.0	3.0	NA	6	NA	Prostate Adenocarcinoma Acinar Type	No	No	C61	8550/3	C61.9	YES	Core needle biopsy	2011.0	NO	Left	0.5	NA	NO	NA	NA	9	NO	NA	PRAD	30.35	0:LIVING	NA	T2A	TCGA-HC-8259.e53c1322-0854-4ae8-b087-3ddd3712df56.pdf	e53c1322-0854-4ae8-b087-3ddd3712df56	WXS	NA	NA	YES	1.0	NA	NA	NO	R0	NO	1	Primary	1.0	Male	0.2	Matched	0.4	NO	HC	0.3	NA	Complete Remission/Response	NA	TUMOR FREE	Prostate	A	Alive	NA
prad_cpcg_2017	TCGA-HC-8260	TCGA-HC-8260-01	43.0	NO	NA	Prostate Cancer	Prostate Adenocarcinoma	NA	M0	NA	TCGA-PRAD	NA	NA	NA	NA	NA	NA	NA	0.0	106	NA	106	22.54	0:DiseaseFree	NA	NA	NA	NA	NA	6/20/12	3.0	4.0	NA	7	NA	Prostate Adenocarcinoma Acinar Type	No	No	C61	8550/3	C61.9	YES	Core needle biopsy	2011.0	NO	Bilateral	1	9	YES	0	NA	4	NO	NA	PRAD	22.54	0:LIVING	N0	T2C	TCGA-HC-8260.12d41624-f0a9-4ba1-aa55-18fea0b733af.pdf	12d41624-f0a9-4ba1-aa55-18fea0b733af	WXS	NA	Peripheral Zone	YES	1.0	NA	NA	NA	R1	NO	1	Primary	1.0	Male	0.1	Matched	0.7	NA	HC	0.133333333333	NA	NA	Apex	WITH TUMOR	Prostate	A	Alive	NA
prad_cpcg_2017	TCGA-HC-8261	TCGA-HC-8261-01	48.0	NA	NA	Prostate Cancer	Prostate Adenocarcinoma	NA	NA	NA	TCGA-PRAD	NA	NA	NA	NA	NA	NA	NA	0.0	62	NA	NA	17.94	0:DiseaseFree	NA	NA	NA	NA	NA	6/13/12	3.0	4.0	NA	7	NA	Prostate Adenocarcinoma Acinar Type	No	No	C61	8550/3	C61.9	YES	Core needle biopsy	2011.0	NO	Bilateral	0.4	NA	NO	NA	NA	10	NO	NA	PRAD	17.94	0:LIVING	NA	T2C	TCGA-HC-8261.66690c59-06ae-4d5e-b862-3be6a11d67fb.pdf	66690c59-06ae-4d5e-b862-3be6a11d67fb	WXS	NA	NA	YES	NA	NA	NA	NO	R0	NO	1	Primary	1.0	Male	0.2	Matched	0.3	NO	HC	0.333333333333	NA	Complete Remission/Response	NA	TUMOR FREE	Prostate	A	Alive	NA
prad_cpcg_2017	TCGA-HC-A6AL	TCGA-HC-A6AL-01	64.0	NA	NA	Prostate Cancer	Prostate Adenocarcinoma	NA	M0	T1C	TCGA-PRAD	YES	No Evidence of Extraprostatic Extension	NA	NA	224	21	NA	0.0	67	NA	NA	2.2	0:DiseaseFree	NO	NA	NA	NA	NA	9/19/13	3.0	4.0	NA	7	NA	Prostate Adenocarcinoma Acinar Type	No	No	C61	8140/3	C61.9	YES	Core needle biopsy	2012.0	NO	Bilateral	NA	3	YES	0	NA	20	NO	FALSE	PRAD	2.2	0:LIVING	N0	T2C	TCGA-HC-A6AL.2A2BA0EA-C67A-4AA6-948C-019AA6475C06.pdf	2A2BA0EA-C67A-4AA6-948C-019AA6475C06	WXS	NA	NA	YES	NA	NA	NA	NA	R0	NO	1	Primary	1.0	Male	NA	Matched	NA	NA	HC	0.666666666667	NA	NA	NA	TUMOR FREE	Prostate	A	Alive	NA
prad_cpcg_2017	TCGA-HC-A6AN	TCGA-HC-A6AN-01	67.0	NA	NA	Prostate Cancer	Prostate Adenocarcinoma	NA	M0	T1C	TCGA-PRAD	NA	NA	NA	NA	209	NA	NA	0.0	49	NA	NA	1.61	0:DiseaseFree	NA	NA	NA	NA	NA	4/22/14	4.0	3.0	NA	7	NA	Prostate Adenocarcinoma Acinar Type	No	No	C61	8140/3	C61.9	YES	Core needle biopsy	2012.0	NO	Bilateral	NA	1	YES	0	NA	18	NO	FALSE	PRAD	1.61	0:LIVING	N0	T3A	TCGA-HC-A6AN.D5C8CC7E-BADE-457C-AC31-CC138C8C794C.pdf	D5C8CC7E-BADE-457C-AC31-CC138C8C794C	WXS	NA	NA	YES	NA	NA	NA	NA	R1	NO	1	Primary	1.0	Male	NA	Matched	NA	NA	HC	0.6	NA	NA	NA	WITH TUMOR	Prostate	A	Alive	NA
prad_cpcg_2017	TCGA-HC-A6AO	TCGA-HC-A6AO-01	52.0	NA	NA	Prostate Cancer	Prostate Adenocarcinoma	NA	M0	T1C	TCGA-PRAD	NO	NA	NA	NA	301	NA	NA	0.0	167	NA	NA	17.41	0:DiseaseFree	YES	NA	NA	NA	NA	9/19/13	4.0	3.0	NA	7	NA	Prostate Adenocarcinoma Acinar Type	No	No	C61	8140/3	C61.9	YES	Core needle biopsy	2012.0	NO	Bilateral	NA	NA	NO	NA	Extraprostatic Extension Localized (e.g. seminal vesicles)	8	NO	FALSE	PRAD	17.41	0:LIVING	NA	T2C	TCGA-HC-A6AO.37F41695-9D8D-4CA1-9728-6A04AAD76274.pdf	37F41695-9D8D-4CA1-9728-6A04AAD76274	WXS	NA	NA	YES	NA	NA	NA	NA	R0	NO	1	Primary	1.0	Male	NA	Matched	NA	NA	HC	0.266666666667	NA	NA	NA	TUMOR FREE	Prostate	A	Alive	NA
prad_cpcg_2017	TCGA-HC-A6AP	TCGA-HC-A6AP-01	61.0	NA	NA	Prostate Cancer	Prostate Adenocarcinoma	NA	M0	T1C	TCGA-PRAD	YES	No Evidence of Extraprostatic Extension	NA	NA	182	15	NA	0.0	71	NA	NA	2.33	0:DiseaseFree	NO	NA	NA	NA	NA	9/19/13	3.0	4.0	NA	7	NA	Prostate Adenocarcinoma Acinar Type	No	No	C61	8140/3	C61.9	YES	Core needle biopsy	2012.0	NO	Bilateral	NA	NA	NO	NA	NA	7	NO	FALSE	PRAD	2.33	0:LIVING	NA	T2C	TCGA-HC-A6AP.7271E139-D1C7-4FB1-B148-54DE4A1DF42B.pdf	7271E139-D1C7-4FB1-B148-54DE4A1DF42B	WXS	NA	Overlapping / Multiple Zones	YES	NA	NA	NA	NA	RX	NO	1	Primary	1.0	Male	NA	Matched	NA	NA	HC	0.233333333333	NA	NA	NA	NA	Prostate	A	Alive	NA
prad_cpcg_2017	TCGA-HC-A6AQ	TCGA-HC-A6AQ-01	60.0	NA	Normal (no evidence of prostate cancer) [cM0]	Prostate Cancer	Prostate Adenocarcinoma	NA	M0	T1C	TCGA-PRAD	NO	NA	NA	15	204	NA	NA	0.0	106	NA	NA	3.48	0:DiseaseFree	NO	NA	NA	NA	NA	9/19/13	3.0	4.0	NA	7	NA	Prostate Adenocarcinoma Acinar Type	No	Yes, History of Prior Malignancy	C61	8140/3	C61.9	YES	Core needle biopsy	2012.0	NO	Bilateral	NA	NA	NO	NA	NA	5	NO	FALSE	PRAD	3.48	0:LIVING	NA	T2C	TCGA-HC-A6AQ.1B1D93C4-54AB-43CA-B800-6807A81AA89A.pdf	1B1D93C4-54AB-43CA-B800-6807A81AA89A	WXS	NA	NA	YES	NA	NA	NA	NA	R0	NO	1	Primary	1.0	Male	NA	Matched	NA	NA	HC	0.166666666667	NA	NA	NA	TUMOR FREE	Prostate	A	Alive	NA
prad_cpcg_2017	TCGA-HC-A6AS	TCGA-HC-A6AS-01	70.0	NA	Normal (no evidence of prostate cancer) [cM0]	Prostate Cancer	Prostate Adenocarcinoma	NA	M0	T1C	TCGA-PRAD	YES	No Evidence of Extraprostatic Extension	NA	27	127	27	NA	0.0	44	NA	NA	1.45	0:DiseaseFree	NO	NA	NA	NA	NA	9/19/13	3.0	4.0	NA	7	NA	Prostate Adenocarcinoma Acinar Type	No	No	C61	8140/3	C61.9	YES	Core needle biopsy	2012.0	NO	Right	NA	5	YES	0	NA	4	NO	FALSE	PRAD	1.45	0:LIVING	N0	T2A	TCGA-HC-A6AS.89891821-AF8C-4105-8270-D6FCF714697F.pdf	89891821-AF8C-4105-8270-D6FCF714697F	WXS	NA	NA	YES	NA	NA	NA	NA	R0	NO	1	Primary	1.0	Male	NA	Matched	NA	NA	HC	0.133333333333	NA	NA	NA	TUMOR FREE	Prostate	A	Alive	NA
prad_cpcg_2017	TCGA-HC-A6HX	TCGA-HC-A6HX-01	55.0	NA	NA	Prostate Cancer	Prostate Adenocarcinoma	NA	M0	T1C	TCGA-PRAD	NA	NA	NA	NA	112	NA	NA	0.0	38	NA	NA	1.25	0:DiseaseFree	NA	NA	NA	NA	NA	9/19/13	4.0	3.0	5	7	NA	Prostate Adenocarcinoma Acinar Type	No	No	C61	8140/3	C61.9	YES	Core needle biopsy	2013.0	NO	Bilateral	NA	4	YES	0	NA	1	NO	FALSE	PRAD	1.25	0:LIVING	N0	T2C	TCGA-HC-A6HX.0E22E3BE-B28B-40CC-83F9-9B59593B7187.pdf	0E22E3BE-B28B-40CC-83F9-9B59593B7187	WXS	NA	NA	YES	NA	NA	NA	NA	R0	NO	1	Primary	1.0	Male	NA	Matched	NA	NA	HC	0.0333333333333	NA	NA	NA	TUMOR FREE	Prostate	A	Alive	NA
prad_cpcg_2017	TCGA-HC-A6HY	TCGA-HC-A6HY-01	51.0	NA	NA	Prostate Cancer	Prostate Adenocarcinoma	NA	M0	T1C	TCGA-PRAD	YES	No Evidence of Extraprostatic Extension	NA	NA	179	92	NA	0.0	134	NA	NA	4.4	0:DiseaseFree	NA	NA	NA	NA	NA	9/19/13	3.0	4.0	NA	7	NA	Prostate Adenocarcinoma Acinar Type	No	No	C61	8140/3	C61.9	YES	Core needle biopsy	2012.0	NO	Bilateral	NA	NA	NO	NA	NA	15	NO	FALSE	PRAD	4.4	0:LIVING	NA	T2C	TCGA-HC-A6HY.91DC18E8-EF04-47C0-A77F-632A9DE2BA55.pdf	91DC18E8-EF04-47C0-A77F-632A9DE2BA55	WXS	NA	NA	YES	NA	NA	NA	NA	R0	NO	1	Primary	1.0	Male	NA	Matched	NA	NA	HC	0.5	NA	NA	NA	TUMOR FREE	Prostate	A	Alive	NA
prad_cpcg_2017	TCGA-HI-7169	TCGA-HI-7169-01	55.0	NO	Normal (no evidence of prostate cancer) [cM0]	Prostate Cancer	Prostate Adenocarcinoma	NA	M0	T2B	TCGA-PRAD	NO	NA	NA	33	NA	NA	NA	0.0	1949	NA	1941	88.17	0:DiseaseFree	NO	NA	NOT HISPANIC OR LATINO	NA	NA	2/21/12	3.0	4.0	NA	7	NA	Prostate Adenocarcinoma Acinar Type	No	No	C61	8550/3	C61.9	YES	Core needle biopsy	2006.0	NO	Bilateral	1.3	4	YES	0	NA	11	NA	NA	PRAD	88.17	0:LIVING	N0	T3A	TCGA-HI-7169.ed386bc1-82a8-489e-81e0-53a93325a48e.pdf	ed386bc1-82a8-489e-81e0-53a93325a48e	WXS;WGS	NA	NA	NO	10.0	NA	WHITE	NA	R1	YES	1	Primary	1.0	Male	0.3	Matched	0.5	NA	HI	0.366666666667	NA	NA	Apex	TUMOR FREE	Prostate	A	Alive	NA
prad_cpcg_2017	TCGA-HI-7170	TCGA-HI-7170-01	58.0	NO	Normal (no evidence of prostate cancer) [cM0]	Prostate Cancer	Prostate Adenocarcinoma	NA	M0	T1C	TCGA-PRAD	YES	No Evidence of Extraprostatic Extension	NA	-96	NA	-92	NA	0.0	1780	-78	1746	82.85	0:DiseaseFree	YES	NA	NOT HISPANIC OR LATINO	NA	NA	2/21/12	3.0	3.0	NA	6	NA	Prostate Adenocarcinoma Acinar Type	No	No	C61	8550/3	C61.9	YES	Transurethral resection (TURBT)	2006.0	NO	Bilateral	1.3	6	YES	0	No Evidence of Extraprostatic Extension	14	NA	NA	PRAD	82.85	0:LIVING	N0	T2C	TCGA-HI-7170.96f2ece8-246a-43fe-8963-217613c84f0b.pdf	96f2ece8-246a-43fe-8963-217613c84f0b	WXS	NA	NA	NO	10.0	NA	WHITE	NA	R0	YES	1	Primary	1.0	Male	0.4	Matched	0.8	NA	HI	0.466666666667	NA	NA	Apex	TUMOR FREE	Prostate	A	Alive	NA
prad_cpcg_2017	TCGA-J4-8198	TCGA-J4-8198-01	49.0	NO	NA	Prostate Cancer	Prostate Adenocarcinoma	NA	M0	T1C	TCGA-PRAD	NA	NA	NA	NA	NA	NA	NA	0.0	98	NA	76	20.17	0:DiseaseFree	NA	NA	NA	NA	NA	6/6/12	4.0	3.0	5	7	NA	Prostate Adenocarcinoma Acinar Type	No	No	C61	8550/3	C61.9	YES	Core needle biopsy	2011.0	NO	Bilateral	0.8	NA	NO	NA	NA	19	NO	NA	PRAD	20.17	0:LIVING	NA	T3B	TCGA-J4-8198.c61b1da1-f0d2-48c9-ac71-5967799def29.pdf	c61b1da1-f0d2-48c9-ac71-5967799def29	WXS	NA	NA	YES	10.0	NA	NA	NO	NA	NO	1	Primary	1.0	Male	0.4	Matched	0.7	NO	J4	0.666666666667	NA	NA	Apex|Middle|Base	NA	Prostate	A	Alive	NA
prad_cpcg_2017	TCGA-J4-8200	TCGA-J4-8200-01	47.0	NO	Normal (no evidence of prostate cancer) [cM0]	Prostate Cancer	Prostate Adenocarcinoma	NA	M0	T2	TCGA-PRAD	YES	No Evidence of Extraprostatic Extension	NA	41	NA	41	NA	0.0	196	NA	196	40.01	0:DiseaseFree	NO	NA	NA	NA	NA	6/6/12	3.0	4.0	NA	7	NA	Prostate Adenocarcinoma Acinar Type	No	No	C61	8550/3	C61.9	YES	Core needle biopsy	2011.0	NO	Bilateral	0.7	4	YES	0	NA	8	NO	NA	PRAD	40.01	0:LIVING	N0	T2C	TCGA-J4-8200.5E18C318-D20B-4837-850D-34FD96C87EEC.pdf	5E18C318-D20B-4837-850D-34FD96C87EEC	WXS	NA	Overlapping / Multiple Zones	YES	10.0	NA	NA	NO	R0	NO	1	Primary	1.0	Male	0.4	Matched	0.5	NO	J4	0.266666666667	NA	NA	NA	TUMOR FREE	Prostate	A	Alive	NA
prad_cpcg_2017	TCGA-J4-A67K	TCGA-J4-A67K-01	68.0	NO	NA	Prostate Cancer	Prostate Adenocarcinoma	NA	M0	T2B	TCGA-PRAD	NA	NA	NA	NA	580	NA	NA	0.0	662	NA	557	32.98	0:DiseaseFree	NA	NA	NA	NA	NA	8/16/13	4.0	3.0	NA	7	NA	Prostate Adenocarcinoma Acinar Type	No	No	C61	8140/3	C61.9	YES	Core needle biopsy	2011.0	NO	Bilateral	NA	NA	NO	NA	NA	11	NO	TRUE	PRAD	32.98	0:LIVING	NA	T2C	TCGA-J4-A67K.F8FF8077-8922-4CC8-95DD-4AF68CCC7EEC.pdf	F8FF8077-8922-4CC8-95DD-4AF68CCC7EEC	WXS	NA	Peripheral Zone	YES	10.0	NA	NA	NO	R0	NO	1	Primary	1.0	Male	NA	Matched	NA	NO	J4	0.366666666667	NA	Complete Remission/Response	NA	TUMOR FREE	Prostate	A	Alive	NA
prad_cpcg_2017	TCGA-J4-A67L	TCGA-J4-A67L-01	54.0	NO	NA	Prostate Cancer	Prostate Adenocarcinoma	NA	M0	T2A	TCGA-PRAD	NA	NA	NA	NA	485	NA	NA	0.0	518	NA	518	25.3	0:DiseaseFree	NA	NA	NA	NA	NA	8/16/13	3.0	4.0	NA	7	NA	Prostate Adenocarcinoma Acinar Type	No	No	C61	8140/3	C61.9	YES	Core needle biopsy	2011.0	NO	Left	NA	1	YES	0	NA	13	NO	TRUE	PRAD	25.3	0:LIVING	N0	T3A	TCGA-J4-A67L.91F854F5-D488-4B25-B59A-6CB59C6357BB.pdf	91F854F5-D488-4B25-B59A-6CB59C6357BB	WXS	NA	Peripheral Zone	YES	1.0	NA	NA	NO	R0	NO	1	Primary	1.0	Male	NA	Matched	NA	NO	J4	0.433333333333	NA	Complete Remission/Response	Apex|Middle|Base	TUMOR FREE	Prostate	A	Alive	NA
prad_cpcg_2017	TCGA-J4-A67M	TCGA-J4-A67M-01	55.0	NO	NA	Prostate Cancer	Prostate Adenocarcinoma	NA	M0	T2A	TCGA-PRAD	NA	NA	NA	NA	482	NA	NA	0.0	488	NA	482	30.91	0:DiseaseFree	NA	NA	NA	NA	NA	8/16/13	4.0	3.0	NA	7	NA	Prostate Adenocarcinoma Acinar Type	No	No	C61	8140/3	C61.9	YES	Core needle biopsy	2011.0	NO	Bilateral	NA	6	YES	0	NA	11	NO	TRUE	PRAD	30.91	0:LIVING	N0	T3A	TCGA-J4-A67M.590FEE5C-E5FF-4DB2-8A7E-6502E5B9A56B.pdf	590FEE5C-E5FF-4DB2-8A7E-6502E5B9A56B	WXS	NA	Peripheral Zone	YES	10.0	NA	NA	NO	R0	NO	1	Primary	1.0	Male	NA	Matched	NA	NO	J4	0.366666666667	NA	Complete Remission/Response	Apex|Middle|Base	TUMOR FREE	Prostate	A	Alive	NA
prad_cpcg_2017	TCGA-J4-A67N	TCGA-J4-A67N-01	61.0	YES	NA	Prostate Cancer	Prostate Adenocarcinoma	NA	M0	T2A	TCGA-PRAD	NA	NA	442	NA	504	NA	NA	0.0	503	NA	503	14.52	1:Recurred/Progressed	NA	NA	NA	NA	NA	8/16/13	3.0	4.0	NA	7	NA	Prostate Adenocarcinoma Acinar Type	No	No	C61	8140/3	C61.9	YES	Core needle biopsy	2011.0	NO	Bilateral	NA	8	YES	0	NA	11	YES	TRUE	PRAD	30.78	0:LIVING	N0	T3A	TCGA-J4-A67N.70E5E77E-6B59-40A7-8E87-456EF28AED98.pdf	70E5E77E-6B59-40A7-8E87-456EF28AED98	WXS	NA	Peripheral Zone	YES	70.0	NA	NA	NO	R0	NO	1	Primary	1.0	Male	NA	Matched	NA	NO	J4	0.366666666667	NA	Partial Remission/Response	Apex|Middle|Base	WITH TUMOR	Prostate	A	Alive	NA
prad_cpcg_2017	TCGA-J4-A67O	TCGA-J4-A67O-01	59.0	NO	NA	Prostate Cancer	Prostate Adenocarcinoma	NA	M0	T2A	TCGA-PRAD	NA	NA	NA	NA	392	NA	NA	0.0	491	NA	490	27.56	0:DiseaseFree	NA	NA	NA	NA	NA	8/16/13	3.0	4.0	NA	7	NA	Prostate Adenocarcinoma Acinar Type	No	No	C61	8140/3	C61.9	YES	Core needle biopsy	2012.0	NO	Bilateral	NA	2	YES	0	NA	3	NO	TRUE	PRAD	27.56	0:LIVING	N0	T2C	TCGA-J4-A67O.BF98B941-3DEB-46EB-803D-4A4AF49F529E.pdf	BF98B941-3DEB-46EB-803D-4A4AF49F529E	WXS	NA	Peripheral Zone	YES	10.0	NA	NA	NO	R0	NO	1	Primary	1.0	Male	NA	Matched	NA	NO	J4	0.1	NA	Complete Remission/Response	Apex	TUMOR FREE	Prostate	A	Alive	NA
prad_cpcg_2017	TCGA-J4-A67Q	TCGA-J4-A67Q-01	77.0	NO	NA	Prostate Cancer	Prostate Adenocarcinoma	NA	M0	T2B	TCGA-PRAD	NA	NA	NA	NA	584	NA	NA	0.0	624	NA	616	32.03	0:DiseaseFree	NA	NA	NA	NA	NA	8/16/13	3.0	3.0	NA	6	NA	Prostate Adenocarcinoma Acinar Type	No	No	C61	8140/3	C61.9	YES	Core needle biopsy	2011.0	NO	Bilateral	NA	NA	NO	NA	NA	2	NO	TRUE	PRAD	32.03	0:LIVING	NA	T2C	TCGA-J4-A67Q.E7702E20-7616-4A88-862B-E860045E9C81.pdf	E7702E20-7616-4A88-862B-E860045E9C81	WXS	NA	Peripheral Zone	YES	10.0	NA	NA	NO	NA	NO	1	Primary	1.0	Male	NA	Matched	NA	NO	J4	0.0666666666667	NA	Complete Remission/Response	Apex|Middle	TUMOR FREE	Prostate	A	Alive	NA
prad_cpcg_2017	TCGA-J4-A67R	TCGA-J4-A67R-01	65.0	NO	NA	Prostate Cancer	Prostate Adenocarcinoma	NA	M0	T1C	TCGA-PRAD	NA	NA	NA	NA	440	NA	NA	0.0	454	NA	454	29.89	0:DiseaseFree	NA	NA	NA	NA	NA	8/16/13	4.0	3.0	NA	7	NA	Prostate Adenocarcinoma Acinar Type	No	No	C61	8140/3	C61.9	YES	Core needle biopsy	2012.0	NO	Bilateral	NA	4	YES	0	NA	NA	NO	TRUE	PRAD	29.89	0:LIVING	N0	T2C	TCGA-J4-A67R.EAFE4CB1-BB7F-4D26-851D-49ECE5A73750.pdf	EAFE4CB1-BB7F-4D26-851D-49ECE5A73750	WXS	NA	Peripheral Zone	YES	10.0	NA	NA	NO	R0	NO	1	Primary	1.0	Male	NA	Matched	NA	NO	J4	0	NA	Complete Remission/Response	Middle|Base	TUMOR FREE	Prostate	A	Alive	NA
prad_cpcg_2017	TCGA-J4-A67S	TCGA-J4-A67S-01	63.0	NO	NA	Prostate Cancer	Prostate Adenocarcinoma	NA	M0	T2B	TCGA-PRAD	NA	NA	NA	NA	427	NA	NA	0.0	523	NA	522	23.26	1:Recurred/Progressed	NA	NA	NA	NA	NA	8/16/13	3.0	4.0	NA	7	NA	Prostate Adenocarcinoma Acinar Type	No	No	C61	8140/3	C61.9	YES	Core needle biopsy	2012.0	NO	Bilateral	NA	3	YES	0	NA	6	NO	TRUE	PRAD	27.37	0:LIVING	N0	T3A	TCGA-J4-A67S.D5BC3AA7-D957-4291-8A6B-D148AA7CA909.pdf	D5BC3AA7-D957-4291-8A6B-D148AA7CA909	WXS	NA	Peripheral Zone	YES	10.0	NA	NA	NO	R1	NO	1	Primary	1.0	Male	NA	Matched	NA	NO	J4	0.2	NA	NA	Apex|Middle|Base	WITH TUMOR	Prostate	A	Alive	NA
prad_cpcg_2017	TCGA-J4-A67T	TCGA-J4-A67T-01	63.0	NO	NA	Prostate Cancer	Prostate Adenocarcinoma	NA	M0	T1C	TCGA-PRAD	NA	NA	NA	NA	409	NA	NA	0.0	183	NA	154	6.01	0:DiseaseFree	NA	NA	NA	NA	NA	8/16/13	3.0	4.0	NA	7	NA	Prostate Adenocarcinoma Acinar Type	No	No	C61	8140/3	C61.9	YES	Core needle biopsy	2012.0	NO	Bilateral	NA	NA	NO	NA	NA	3	NO	TRUE	PRAD	6.01	0:LIVING	NA	T2C	TCGA-J4-A67T.8E3BAF97-3B7F-4B3A-BC88-BACB5A716DFD.pdf	8E3BAF97-3B7F-4B3A-BC88-BACB5A716DFD	WXS	NA	Peripheral Zone	YES	10.0	NA	NA	NO	R0	NO	1	Primary	1.0	Male	NA	Matched	NA	NO	J4	0.1	NA	Complete Remission/Response	Apex|Middle	TUMOR FREE	Prostate	A	Alive	NA
prad_cpcg_2017	TCGA-J4-A6M7	TCGA-J4-A6M7-01	53.0	NO	NA	Prostate Cancer	Prostate Adenocarcinoma	NA	M0	T2	TCGA-PRAD	NA	NA	NA	NA	309	NA	NA	0.0	279	NA	279	16.82	0:DiseaseFree	NA	NA	NA	NA	NA	9/23/13	3.0	4.0	NA	7	NA	Prostate Adenocarcinoma Acinar Type	No	No	C61	8140/3	C61.9	YES	Core needle biopsy	2012.0	NO	Bilateral	NA	NA	NO	NA	NA	7	NO	TRUE	PRAD	16.82	0:LIVING	NA	T2C	TCGA-J4-A6M7.F717DD9D-074A-4252-9125-C00A3DE587B0.pdf	F717DD9D-074A-4252-9125-C00A3DE587B0	WXS	NA	Peripheral Zone	YES	10.0	NA	NA	NO	R0	NO	1	Primary	1.0	Male	NA	Matched	NA	NO	J4	0.233333333333	NA	Complete Remission/Response	Apex|Middle	TUMOR FREE	Prostate	A	Alive	NA
prad_cpcg_2017	TCGA-J4-A83I	TCGA-J4-A83I-01	63.0	NO	NA	Prostate Cancer	Prostate Adenocarcinoma	NA	M0	T1C	TCGA-PRAD	NA	NA	NA	NA	183	NA	NA	0.0	279	NA	257	22.5	0:DiseaseFree	NA	NA	NA	NA	NA	1/20/14	4.0	3.0	NA	7	NA	Prostate Adenocarcinoma Acinar Type	No	No	C61	8140/3	C61.9	YES	Core needle biopsy	2013.0	NO	Bilateral	NA	2	YES	0	NA	11	NO	TRUE	PRAD	22.5	0:LIVING	N0	T3A	TCGA-J4-A83I.E3AFE230-AE22-4120-BC42-7FE78FCB06A2.pdf	E3AFE230-AE22-4120-BC42-7FE78FCB06A2	WXS	NA	Peripheral Zone	YES	10.0	NA	NA	NO	R0	NO	1	Primary	1.0	Male	NA	Matched	NA	NO	J4	0.366666666667	NA	Complete Remission/Response	Apex|Middle|Base	TUMOR FREE	Prostate	A	Alive	NA
prad_cpcg_2017	TCGA-J4-A83J	TCGA-J4-A83J-01	68.0	NO	NA	Prostate Cancer	Prostate Adenocarcinoma	NA	M0	T1C	TCGA-PRAD	NA	NA	NA	NA	272	NA	NA	0.0	310	NA	235	22.86	0:DiseaseFree	NA	NA	NA	NA	NA	1/20/14	3.0	4.0	NA	7	NA	Prostate Adenocarcinoma Acinar Type	No	No	C61	8140/3	C61.9	YES	Core needle biopsy	2013.0	NO	Bilateral	NA	1	YES	0	NA	22	NO	TRUE	PRAD	22.86	0:LIVING	N0	T2C	TCGA-J4-A83J.D3FF2CCF-E6D0-4C8A-9159-F78176E7EE59.pdf	D3FF2CCF-E6D0-4C8A-9159-F78176E7EE59	WXS	NA	Peripheral Zone	YES	4.0	NA	NA	NO	R1	NO	1	Primary	1.0	Male	NA	Matched	NA	NO	J4	0.733333333333	NA	Complete Remission/Response	Apex|Middle|Base	NA	Prostate	A	Alive	NA
prad_cpcg_2017	TCGA-J4-A83K	TCGA-J4-A83K-01	52.0	NO	NA	Prostate Cancer	Prostate Adenocarcinoma	NA	M0	T1C	TCGA-PRAD	NA	NA	NA	NA	254	NA	NA	0.0	206	NA	205	10.78	0:DiseaseFree	NA	NA	NA	NA	NA	1/20/14	3.0	3.0	NA	6	NA	Prostate Adenocarcinoma Acinar Type	No	No	C61	8140/3	C61.9	YES	Core needle biopsy	2013.0	NO	Bilateral	NA	NA	NO	NA	NA	5	NO	TRUE	PRAD	10.78	0:LIVING	NA	T2C	TCGA-J4-A83K.B03E6C45-550E-4657-9292-75D7BB058D2A.pdf	B03E6C45-550E-4657-9292-75D7BB058D2A	WXS	NA	Peripheral Zone	YES	10.0	NA	NA	NO	R0	NO	1	Primary	1.0	Male	NA	Matched	NA	NO	J4	0.166666666667	NA	Complete Remission/Response	Apex|Middle|Base	TUMOR FREE	Prostate	A	Alive	NA
prad_cpcg_2017	TCGA-J4-A83L	TCGA-J4-A83L-01	61.0	NO	NA	Prostate Cancer	Prostate Adenocarcinoma	NA	M0	T1C	TCGA-PRAD	NA	NA	NA	NA	218	NA	NA	0.0	316	NA	316	23.65	0:DiseaseFree	NA	NA	NA	NA	NA	1/20/14	3.0	4.0	NA	7	NA	Prostate Adenocarcinoma Acinar Type	No	No	C61	8140/3	C61.9	YES	Core needle biopsy	2013.0	NO	Bilateral	NA	5	YES	0	NA	4	NO	TRUE	PRAD	23.65	0:LIVING	N0	T2C	TCGA-J4-A83L.837A4811-0DAF-46F6-9C84-D2BBFFC56AF0.pdf	837A4811-0DAF-46F6-9C84-D2BBFFC56AF0	WXS	NA	Central Zone	YES	10.0	NA	NA	NO	R0	NO	1	Primary	1.0	Male	NA	Matched	NA	NO	J4	0.133333333333	NA	Complete Remission/Response	Apex|Middle|Base	TUMOR FREE	Prostate	A	Alive	NA
prad_cpcg_2017	TCGA-J4-A83M	TCGA-J4-A83M-01	64.0	NO	NA	Prostate Cancer	Prostate Adenocarcinoma	NA	M0	T2C	TCGA-PRAD	NA	NA	NA	NA	412	NA	NA	0.0	437	NA	437	17.12	1:Recurred/Progressed	NA	NA	NA	NA	NA	1/20/14	4.0	3.0	NA	7	NA	Prostate Adenocarcinoma Acinar Type	No	No	C61	8140/3	C61.9	YES	Core needle biopsy	2012.0	NO	Bilateral	NA	4	YES	0	NA	9	NO	TRUE	PRAD	17.84	0:LIVING	N0	T2C	TCGA-J4-A83M.8AA3EBE4-49E8-4D0A-A3A4-B51E41B3AA4F.pdf	8AA3EBE4-49E8-4D0A-A3A4-B51E41B3AA4F	WXS	NA	Peripheral Zone	YES	20.0	NA	NA	NO	R1	NO	1	Primary	1.0	Male	NA	Matched	NA	NO	J4	0.3	NA	Complete Remission/Response	Apex|Middle	NA	Prostate	A	Alive	NA
prad_cpcg_2017	TCGA-J4-A83N	TCGA-J4-A83N-01	57.0	NO	NA	Prostate Cancer	Prostate Adenocarcinoma	NA	M0	T1C	TCGA-PRAD	NA	NA	NA	NA	519	NA	NA	0.0	617	NA	530	14.22	1:Recurred/Progressed	NA	NA	NA	NA	NA	1/20/14	3.0	4.0	NA	7	NA	Prostate Adenocarcinoma Acinar Type	No	No	C61	8140/3	C61.9	YES	Core needle biopsy	2012.0	NO	Bilateral	NA	NA	NO	NA	NA	8	YES	TRUE	PRAD	32.59	0:LIVING	NA	T2C	TCGA-J4-A83N.C40A9D7F-BFEC-4C07-A1C3-A34706E39713.pdf	C40A9D7F-BFEC-4C07-A1C3-A34706E39713	WXS	NA	Overlapping / Multiple Zones	YES	10.0	NA	NA	NO	R0	NO	1	Primary	1.0	Male	NA	Matched	NA	NO	J4	0.266666666667	NA	Complete Remission/Response	Apex|Middle|Base	TUMOR FREE	Prostate	A	Alive	NA
prad_cpcg_2017	TCGA-M7-A71Y	TCGA-M7-A71Y-01	55.0	NO	NA	Prostate Cancer	Prostate Adenocarcinoma	NA	NA	T1C	TCGA-PRAD	NO	NA	NA	NA	183	NA	NA	0.0	158	NA	158	16.2	0:DiseaseFree	NO	NA	NA	NA	NA	12/10/13	3.0	4.0	NA	7	NA	Prostate Adenocarcinoma Acinar Type	No	No	C61	8140/3	C61.9	YES	Core needle biopsy	2013.0	NO	Bilateral	NA	NA	NO	NA	NA	NA	NO	FALSE	PRAD	16.2	0:LIVING	NA	T2C	TCGA-M7-A71Y.569825C5-98D3-4A52-AD1D-2859F8F54A34.pdf	569825C5-98D3-4A52-AD1D-2859F8F54A34	WXS	NA	Overlapping / Multiple Zones	YES	NA	NA	NA	NO	R0	NO	1	Primary	1.0	Male	NA	Matched	NA	NO	M7	0	NA	Complete Remission/Response	Apex|Middle|Base	TUMOR FREE	Prostate	A	Alive	NA
prad_cpcg_2017	TCGA-M7-A71Z	TCGA-M7-A71Z-01	62.0	NO	NA	Prostate Cancer	Prostate Adenocarcinoma	NA	NA	T2A	TCGA-PRAD	NO	NA	NA	NA	136	NA	NA	0.0	209	NA	209	21.12	0:DiseaseFree	NO	NA	NA	NA	NA	12/10/13	4.0	3.0	NA	7	NA	Prostate Adenocarcinoma Acinar Type	No	No	C61	8140/3	C61.9	YES	Core needle biopsy	2013.0	NO	Right	NA	9	YES	0	NA	15	NO	FALSE	PRAD	21.12	0:LIVING	N0	T3A	TCGA-M7-A71Z.5F9BC119-B8E9-4C05-8A34-AA8E79C490B6.pdf	5F9BC119-B8E9-4C05-8A34-AA8E79C490B6	WXS	NA	Overlapping / Multiple Zones	YES	NA	NA	NA	NO	R0	NO	1	Primary	1.0	Male	NA	Matched	NA	NO	M7	0.5	NA	Complete Remission/Response	Apex|Base	TUMOR FREE	Prostate	A	Alive	NA
prad_cpcg_2017	TCGA-M7-A720	TCGA-M7-A720-01	53.0	NO	NA	Prostate Cancer	Prostate Adenocarcinoma	NA	NA	T1C	TCGA-PRAD	NO	NA	NA	NA	190	NA	NA	0.0	302	NA	302	12.61	0:DiseaseFree	NO	NA	NA	NA	NA	12/10/13	3.0	3.0	NA	6	NA	Prostate Adenocarcinoma Acinar Type	No	No	C61	8140/3	C61.9	YES	Core needle biopsy	2013.0	NO	Bilateral	NA	NA	NO	NA	NA	NA	NO	FALSE	PRAD	12.61	0:LIVING	NA	T2C	TCGA-M7-A720.65D5D425-D41A-4E98-AA86-119F3BE1D3CE.pdf	65D5D425-D41A-4E98-AA86-119F3BE1D3CE	WXS	NA	Peripheral Zone	YES	NA	NA	NA	NO	R0	NO	1	Primary	1.0	Male	NA	Matched	NA	NO	M7	0	NA	Complete Remission/Response	Middle|Base	TUMOR FREE	Prostate	A	Alive	NA
prad_cpcg_2017	TCGA-M7-A721	TCGA-M7-A721-01	70.0	NO	Normal (no evidence of prostate cancer) [cM0]	Prostate Cancer	Prostate Adenocarcinoma	NA	M0	T1C	TCGA-PRAD	NO	NA	NA	-8	276	NA	NA	0.0	204	-8	162	13.14	0:DiseaseFree	YES	NA	NA	NA	NA	12/10/13	3.0	4.0	NA	7	NA	Prostate Adenocarcinoma Acinar Type	No	No	C61	8140/3	C61.9	YES	Core needle biopsy	2012.0	NO	Bilateral	NA	NA	NO	NA	No Evidence of Extraprostatic Extension	1	NO	FALSE	PRAD	13.14	0:LIVING	NA	T2C	TCGA-M7-A721.357FE07A-B561-44BF-B59B-811F77C1F634.pdf	357FE07A-B561-44BF-B59B-811F77C1F634	WXS	NA	Overlapping / Multiple Zones	YES	NA	NA	NA	NO	R1	NO	1	Primary	1.0	Male	NA	Matched	NA	NO	M7	0.0333333333333	NA	Complete Remission/Response	Apex|Middle|Base	TUMOR FREE	Prostate	A	Alive	NA
prad_cpcg_2017	TCGA-M7-A723	TCGA-M7-A723-01	54.0	NO	Normal (no evidence of prostate cancer) [cM0]	Prostate Cancer	Prostate Adenocarcinoma	NA	M0	T1C	TCGA-PRAD	YES	No Evidence of Extraprostatic Extension	NA	8	442	11	NA	0.0	62	NA	62	25.07	0:DiseaseFree	NO	NA	NA	NA	NA	12/10/13	4.0	3.0	5	7	NA	Prostate Adenocarcinoma Acinar Type	No	No	C61	8140/3	C61.9	YES	Core needle biopsy	2012.0	NO	Bilateral	NA	17	YES	1	NA	NA	NO	FALSE	PRAD	25.07	0:LIVING	N1	T3B	TCGA-M7-A723.8F42420C-A513-4A6A-A89F-B5C9303FBF59.pdf	8F42420C-A513-4A6A-A89F-B5C9303FBF59	WXS	NA	Overlapping / Multiple Zones	YES	10.0	NA	NA	YES	R1	NO	1	Primary	1.0	Male	NA	Matched	NA	YES	M7	0	NA	Complete Remission/Response	Apex|Middle|Base	TUMOR FREE	Prostate	A	Alive	NA
prad_cpcg_2017	TCGA-M7-A725	TCGA-M7-A725-01	56.0	NO	Normal (no evidence of prostate cancer) [cM0]	Prostate Cancer	Prostate Adenocarcinoma	NA	M0	T3A	TCGA-PRAD	YES	No Evidence of Extraprostatic Extension	NA	16	240	16	NA	0.0	96	NA	96	18.82	0:DiseaseFree	NO	NA	NA	NA	NA	12/10/13	4.0	3.0	5	7	NA	Prostate Adenocarcinoma Acinar Type	No	No	C61	8140/3	C61.9	YES	Core needle biopsy	2012.0	NO	Bilateral	NA	11	YES	0	NA	14	NO	FALSE	PRAD	18.82	0:LIVING	N0	T3B	TCGA-M7-A725.5885079D-F3C7-44DB-9BA1-60DCA1C9919C.pdf	5885079D-F3C7-44DB-9BA1-60DCA1C9919C	WXS	NA	Overlapping / Multiple Zones	YES	NA	NA	NA	NO	R1	NO	1	Primary	1.0	Male	NA	Matched	NA	NO	M7	0.466666666667	NA	Complete Remission/Response	Apex|Base	TUMOR FREE	Prostate	A	Alive	NA
prad_cpcg_2017	TCGA-QU-A6IL	TCGA-QU-A6IL-01	64.0	NO	NA	Prostate Cancer	Prostate Adenocarcinoma	NA	M0	T2A	TCGA-PRAD	NA	NA	NA	NA	4048	NA	NA	0.0	97	NA	91	3.19	0:DiseaseFree	NA	NA	NA	NA	NA	8/21/13	3.0	4.0	NA	7	NA	Prostate Adenocarcinoma Acinar Type	No	No	C61	8140/3	C61.9	YES	Core needle biopsy	2002.0	NO	Bilateral	NA	4	YES	0	NA	10	NO	TRUE	PRAD	3.19	0:LIVING	N0	T2C	TCGA-QU-A6IL.EF13AC98-FA7C-442C-A6A4-A5E7ECB2596D.pdf	EF13AC98-FA7C-442C-A6A4-A5E7ECB2596D	WXS	NA	NA	NO	20.0	NA	NA	NO	R0	YES	1	Primary	1.0	Male	NA	Matched	NA	NO	QU	0.333333333333	NA	Complete Remission/Response	Apex|Middle|Base	TUMOR FREE	Prostate	A	Alive	NA
prad_cpcg_2017	TCGA-QU-A6IM	TCGA-QU-A6IM-01	59.0	NO	Equivocal	Prostate Cancer	Prostate Adenocarcinoma	NA	M0	T2B	TCGA-PRAD	YES	Equivocal	NA	35	3796	50	NA	0.0	1247	35	896	40.97	0:DiseaseFree	YES	NA	NA	NA	NA	8/21/13	3.0	4.0	NA	7	NA	Prostate Adenocarcinoma Acinar Type	No	Yes, History of Prior Malignancy	C61	8140/3	C61.9	YES	Core needle biopsy	2003.0	NO	Left	NA	2	YES	0	No Evidence of Extraprostatic Extension	39	NO	TRUE	PRAD	40.97	0:LIVING	N0	T2A	TCGA-QU-A6IM.6999B5F3-AC5C-4447-9590-548F103039C3.pdf	6999B5F3-AC5C-4447-9590-548F103039C3	WXS	NA	NA	NO	10.0	NA	NA	NO	R0	YES	1	Primary	1.0	Male	NA	Matched	NA	NO	QU	1.3	NA	Complete Remission/Response	Apex|Middle	NA	Prostate	A	Alive	NA
prad_cpcg_2017	TCGA-QU-A6IN	TCGA-QU-A6IN-01	61.0	NO	Normal (no evidence of prostate cancer) [cM0]	Prostate Cancer	Prostate Adenocarcinoma	NA	M0	T1C	TCGA-PRAD	NO	NA	NA	21	3789	NA	NA	0.0	3487	43	3428	140.08	0:DiseaseFree	YES	NA	NA	NA	NA	8/21/13	3.0	4.0	5	7	NA	Prostate Adenocarcinoma Acinar Type	No	No	C61	8140/3	C61.9	YES	Core needle biopsy	2003.0	NO	Bilateral	NA	15	YES	0	NA	11	NO	TRUE	PRAD	140.08	0:LIVING	N0	T2C	TCGA-QU-A6IN.11063611-DCFF-427E-89A9-25961C79DF07.pdf	11063611-DCFF-427E-89A9-25961C79DF07	WXS	NA	NA	NO	10.0	NA	NA	NO	R0	YES	1	Primary	1.0	Male	NA	Matched	NA	NO	QU	0.366666666667	NA	Complete Remission/Response	Apex|Middle|Base	TUMOR FREE	Prostate	A	Alive	NA
prad_cpcg_2017	TCGA-QU-A6IO	TCGA-QU-A6IO-01	53.0	NO	NA	Prostate Cancer	Prostate Adenocarcinoma	NA	M0	T1C	TCGA-PRAD	NO	NA	NA	NA	3614	NA	NA	0.0	1436	NA	1436	122.08	0:DiseaseFree	NO	NA	NA	NA	NA	8/21/13	3.0	3.0	NA	6	NA	Prostate Adenocarcinoma Acinar Type	No	No	C61	8140/3	C61.9	YES	Core needle biopsy	2003.0	NO	Bilateral	NA	2	YES	0	NA	9	NO	TRUE	PRAD	122.08	0:LIVING	N0	T2C	TCGA-QU-A6IO.6450E3BE-55E8-4A6C-AA40-86B74F30458B.pdf	6450E3BE-55E8-4A6C-AA40-86B74F30458B	WXS	NA	NA	NO	10.0	NA	NA	NO	R1	YES	1	Primary	1.0	Male	NA	Matched	NA	NO	QU	0.3	NA	Complete Remission/Response	Apex|Middle|Base	TUMOR FREE	Prostate	A	Alive	NA
prad_cpcg_2017	TCGA-QU-A6IP	TCGA-QU-A6IP-01	66.0	NO	NA	Prostate Cancer	Prostate Adenocarcinoma	NA	M0	T2A	TCGA-PRAD	NO	NA	NA	NA	3118	NA	NA	0.0	2620	NA	2620	86.07	0:DiseaseFree	NO	NA	NA	NA	NA	8/21/13	3.0	3.0	NA	6	NA	Prostate Adenocarcinoma Acinar Type	No	No	C61	8140/3	C61.9	YES	Core needle biopsy	2004.0	NO	Right	NA	2	YES	0	NA	4	NO	TRUE	PRAD	86.07	0:LIVING	N0	T2A	TCGA-QU-A6IP.D1E73097-6F07-4B1E-8914-074FA037CB85.pdf	D1E73097-6F07-4B1E-8914-074FA037CB85	WXS	NA	NA	NO	0.0	NA	NA	NO	R0	YES	1	Primary	1.0	Male	NA	Matched	NA	NO	QU	0.133333333333	NA	Complete Remission/Response	Middle|Base	NA	Prostate	A	Alive	NA
prad_cpcg_2017	TCGA-VN-A88L	TCGA-VN-A88L-01	54.0	NO	NA	Prostate Cancer	Prostate Adenocarcinoma	NA	M0	T1C	TCGA-PRAD	NO	NA	NA	NA	367	NA	NA	0.0	394	79	394	24.51	0:DiseaseFree	YES	NA	NA	NA	NA	1/10/14	3.0	4.0	NA	7	NA	Prostate Adenocarcinoma Acinar Type	No	No	C61	8140/3	C61.9	YES	Core needle biopsy	2012.0	NO	Bilateral	NA	18	YES	0	No Evidence of Extraprostatic Extension	3	NO	TRUE	PRAD	24.51	0:LIVING	N0	T2C	TCGA-VN-A88L.7247904D-2E8C-49B5-8D35-A6CE0D9687DE.pdf	7247904D-2E8C-49B5-8D35-A6CE0D9687DE	WXS	NA	NA	NO	0.0	NA	NA	NO	R0	YES	1	Primary	1.0	Male	NA	Matched	NA	NO	VN	0.1	NA	Complete Remission/Response	Middle|Base	TUMOR FREE	Prostate	A	Alive	NA
prad_cpcg_2017	TCGA-VN-A88M	TCGA-VN-A88M-01	55.0	NA	NA	Prostate Cancer	Prostate Adenocarcinoma	NA	M0	T1C	TCGA-PRAD	NO	NA	NA	NA	288	NA	NA	0.0	183	128	NA	6.21	0:DiseaseFree	YES	NA	NA	NA	NA	1/10/14	3.0	4.0	NA	7	NA	Prostate Adenocarcinoma Acinar Type	No	No	C61	8140/3	C61.9	YES	Core needle biopsy	2013.0	NO	Bilateral	NA	13	YES	0	No Evidence of Extraprostatic Extension	3	NO	TRUE	PRAD	6.21	0:LIVING	N0	T2C	TCGA-VN-A88M.787071AD-ED3D-46CA-8982-2087EE6AC0EA.pdf	787071AD-ED3D-46CA-8982-2087EE6AC0EA	WXS	NA	NA	NO	NA	NA	NA	NO	R0	YES	1	Primary	1.0	Male	NA	Matched	NA	NO	VN	0.1	NA	Complete Remission/Response	Middle	TUMOR FREE	Prostate	A	Alive	NA
prad_cpcg_2017	TCGA-VN-A88N	TCGA-VN-A88N-01	62.0	NO	Equivocal	Prostate Cancer	Prostate Adenocarcinoma	NA	M0	T1C	TCGA-PRAD	YES	No Evidence of Extraprostatic Extension	NA	98	156	98	NA	0.0	176	-117	176	25.16	0:DiseaseFree	YES	NA	NA	NA	NA	1/10/14	4.0	3.0	NA	7	NA	Prostate Adenocarcinoma Acinar Type	No	No	C61	8140/3	C61.9	YES	Core needle biopsy	2013.0	NO	Bilateral	NA	50	YES	0	No Evidence of Extraprostatic Extension	10	NO	TRUE	PRAD	25.16	0:LIVING	N0	T2C	TCGA-VN-A88N.CB3E6129-CCCC-4EEB-88CD-63DE78D8F163.pdf	CB3E6129-CCCC-4EEB-88CD-63DE78D8F163	WXS	NA	Overlapping / Multiple Zones	NO	0.0	NA	NA	NO	R0	YES	1	Primary	1.0	Male	NA	Matched	NA	NO	VN	0.333333333333	NA	Complete Remission/Response	Apex|Middle|Base	TUMOR FREE	Prostate	A	Alive	NA
prad_cpcg_2017	TCGA-VN-A88O	TCGA-VN-A88O-01	49.0	NO	NA	Prostate Cancer	Prostate Adenocarcinoma	NA	M0	T1C	TCGA-PRAD	NO	NA	NA	NA	426	NA	NA	0.0	481	70	376	15.8	0:DiseaseFree	YES	NA	NA	NA	NA	1/10/14	3.0	4.0	4	7	NA	Prostate Adenocarcinoma Acinar Type	No	No	C61	8140/3	C61.9	YES	Core needle biopsy	2012.0	NO	Bilateral	NA	34	YES	0	No Evidence of Extraprostatic Extension	8	NO	TRUE	PRAD	15.8	0:LIVING	N0	T2C	TCGA-VN-A88O.E47DAF10-187B-4909-A0C5-D96231A5893F.pdf	E47DAF10-187B-4909-A0C5-D96231A5893F	WXS	NA	Overlapping / Multiple Zones	NO	0.0	NA	NA	NO	R0	YES	1	Primary	1.0	Male	NA	Matched	NA	NO	VN	0.266666666667	NA	Complete Remission/Response	Apex|Middle|Base	TUMOR FREE	Prostate	A	Alive	NA
prad_cpcg_2017	TCGA-VN-A88P	TCGA-VN-A88P-01	60.0	NO	Abnormal (not related to prostate cancer)	Prostate Cancer	Prostate Adenocarcinoma	NA	M0	T1C	TCGA-PRAD	YES	No Evidence of Extraprostatic Extension	NA	839	911	839	NA	0.0	917	805	917	41.39	0:DiseaseFree	YES	NA	NA	NA	NA	1/10/14	3.0	4.0	NA	7	NA	Prostate Adenocarcinoma Acinar Type	No	No	C61	8140/3	C61.9	YES	Core needle biopsy	2011.0	NO	Bilateral	NA	65	YES	0	No Evidence of Extraprostatic Extension	18	NO	TRUE	PRAD	41.39	0:LIVING	N0	T2C	TCGA-VN-A88P.9C83DFB8-B75A-40D1-B791-BE52B52BBDA6.pdf	9C83DFB8-B75A-40D1-B791-BE52B52BBDA6	WXS	NA	Overlapping / Multiple Zones	NO	0.0	NA	NA	NO	R0	YES	1	Primary	1.0	Male	NA	Matched	NA	NO	VN	0.6	NA	Complete Remission/Response	Base	TUMOR FREE	Prostate	A	Alive	NA
prad_cpcg_2017	TCGA-VP-A875	TCGA-VP-A875-01	67.0	NO	Abnormal (not related to prostate cancer)	Prostate Cancer	Prostate Adenocarcinoma	NA	M0	T2A	TCGA-PRAD	YES	No Evidence of Extraprostatic Extension	NA	15	3124	15	NA	0.0	805	NA	867	75.85	0:DiseaseFree	NO	NA	NA	NA	NA	3/26/14	3.0	4.0	NA	7	NA	Prostate Adenocarcinoma Acinar Type	No	No	C61	8140/3	C61.9	YES	Core needle biopsy	2005.0	NO	Bilateral	NA	4	YES	0	NA	12	NO	TRUE	PRAD	75.85	0:LIVING	N0	T3A	TCGA-VP-A875.2CF80467-58E9-4A65-94D5-08401BE6ACB5.pdf	2CF80467-58E9-4A65-94D5-08401BE6ACB5	WXS	NA	Overlapping / Multiple Zones	NO	1.0	NA	NA	NO	R0	YES	1	Primary	1.0	Male	NA	Matched	NA	NO	VP	0.4	NA	Complete Remission/Response	Apex|Base	NA	Prostate	A	Alive	NA
prad_cpcg_2017	TCGA-VP-A87C	TCGA-VP-A87C-01	67.0	NO	Normal (no evidence of prostate cancer) [cM0]	Prostate Cancer	Prostate Adenocarcinoma	NA	M0	T1C	TCGA-PRAD	YES	No Evidence of Extraprostatic Extension	NA	14	2229	14	NA	0.0	1690	NA	1690	55.52	0:DiseaseFree	NO	NA	NA	NA	NA	3/28/14	4.0	3.0	NA	7	NA	Prostate Adenocarcinoma Acinar Type	No	No	C61	8140/3	C61.9	YES	Core needle biopsy	2007.0	NO	Bilateral	NA	12	YES	0	NA	10	NO	TRUE	PRAD	55.52	0:LIVING	N0	T2C	TCGA-VP-A87C.2E0994EC-7C5F-4721-972D-5D590674D6AC.pdf	2E0994EC-7C5F-4721-972D-5D590674D6AC	WXS	NA	Overlapping / Multiple Zones	NO	50.0	NA	NA	NO	R0	YES	1	Primary	1.0	Male	NA	Matched	NA	NO	VP	0.333333333333	NA	Complete Remission/Response	Apex|Base	TUMOR FREE	Prostate	A	Alive	NA
prad_cpcg_2017	TCGA-VP-A87E	TCGA-VP-A87E-01	59.0	NO	Normal (no evidence of prostate cancer) [cM0]	Prostate Cancer	Prostate Adenocarcinoma	NA	M0	T1C	TCGA-PRAD	YES	No Evidence of Extraprostatic Extension	NA	15	2059	15	NA	0.0	2037	NA	2037	66.92	0:DiseaseFree	NO	NA	NA	NA	NA	3/28/14	3.0	3.0	NA	6	NA	Prostate Adenocarcinoma Acinar Type	No	No	C61	8140/3	C61.9	YES	Core needle biopsy	2008.0	NO	Bilateral	NA	12	YES	0	NA	1	NO	TRUE	PRAD	66.92	0:LIVING	N0	T2C	TCGA-VP-A87E.6B46F895-B5CD-40B8-8962-AA8DF2505446.pdf	6B46F895-B5CD-40B8-8962-AA8DF2505446	WXS	NA	Overlapping / Multiple Zones	NO	11.0	NA	NA	NO	R0	YES	1	Primary	1.0	Male	NA	Matched	NA	NO	VP	0.0333333333333	NA	Complete Remission/Response	Apex|Base	TUMOR FREE	Prostate	A	Alive	NA
prad_cpcg_2017	TCGA-VP-A87J	TCGA-VP-A87J-01	56.0	NO	Normal (no evidence of prostate cancer) [cM0]	Prostate Cancer	Prostate Adenocarcinoma	NA	M0	T2A	TCGA-PRAD	YES	No Evidence of Extraprostatic Extension	NA	11	1379	13	NA	0.0	1296	NA	1296	58.28	0:DiseaseFree	NO	NA	NA	NA	NA	3/31/14	3.0	4.0	NA	7	NA	Prostate Adenocarcinoma Acinar Type	No	No	C61	8140/3	C61.9	YES	Core needle biopsy	2010.0	NO	Bilateral	NA	11	YES	1	NA	9	NO	TRUE	PRAD	58.28	0:LIVING	N1	T3A	TCGA-VP-A87J.03F4F8F1-ACE1-4391-85AC-A10B2F56CDD0.pdf	03F4F8F1-ACE1-4391-85AC-A10B2F56CDD0	WXS	NA	Overlapping / Multiple Zones	NO	13.0	NA	NA	NO	R2	YES	1	Primary	1.0	Male	NA	Matched	NA	NO	VP	0.3	NA	NA	Apex|Base	WITH TUMOR	Prostate	A	Alive	NA
prad_cpcg_2017	TCGA-X4-A8KS	TCGA-X4-A8KS-01	61.0	NO	NA	Prostate Cancer	Prostate Adenocarcinoma	NA	M0	T2C	TCGA-PRAD	NO	NA	NA	NA	735	NA	NA	0.0	846	NA	797	32.16	0:DiseaseFree	NO	NA	NA	NA	NA	3/7/14	3.0	4.0	NA	7	NA	Prostate Adenocarcinoma Acinar Type	No	No	C61	8140/3	C61.9	YES	Core needle biopsy	2011.0	NO	Bilateral	NA	NA	NO	NA	NA	NA	NO	TRUE	PRAD	32.16	0:LIVING	NA	T2C	TCGA-X4-A8KS.30844429-3F9C-4AD0-8A23-64012532347C.pdf	30844429-3F9C-4AD0-8A23-64012532347C	WXS	NA	Peripheral Zone	NO	1.0	NA	NA	NO	RX	YES	1	Primary	1.0	Male	NA	Matched	NA	NO	X4	0	NA	Stable Disease	NA	TUMOR FREE	Prostate	A	Alive	NA
prad_cpcg_2017	TCGA-XA-A8JR	TCGA-XA-A8JR-01	68.0	NO	NA	Prostate Cancer	Prostate Adenocarcinoma	NA	M0	NA	TCGA-PRAD	NA	NA	NA	NA	223	NA	NA	0.0	119	NA	69	12.35	0:DiseaseFree	NA	NA	NA	NA	NA	10/9/13	4.0	3.0	5	7	NA	Prostate Adenocarcinoma Acinar Type	No	No	C61	8140/3	C61.9	YES	Core needle biopsy	2013.0	NO	Bilateral	NA	7	YES	0	NA	3	NO	TRUE	PRAD	12.35	0:LIVING	N0	T2C	TCGA-XA-A8JR.587379B6-9AF9-471D-834C-668555ABC32A.pdf	587379B6-9AF9-471D-834C-668555ABC32A	WXS	NA	NA	YES	0.0	NA	NA	NO	R2	NO	1	Primary	1.0	Male	NA	Matched	NA	NO	XA	0.1	NA	Complete Remission/Response	NA	TUMOR FREE	Prostate	A	Alive	NA
prad_cpcg_2017	TCGA-XJ-A83G	TCGA-XJ-A83G-01	51.0	NO	NA	Prostate Cancer	Prostate Adenocarcinoma	NA	NA	T1C	TCGA-PRAD	NO	NA	NA	NA	1114	NA	NA	0.0	1157	NA	1126	48	0:DiseaseFree	NA	NA	NA	NA	NA	3/6/14	4.0	3.0	5	7	NA	Prostate Adenocarcinoma Acinar Type	No	No	C61	8140/3	C61.9	YES	Core needle biopsy	2010.0	NO	Bilateral	NA	4	YES	0	NA	9	NO	FALSE	PRAD	48.0	0:LIVING	N0	T3B	TCGA-XJ-A83G.F5DB0EA7-336E-4A5E-9BFD-3291A5DB4D3D.pdf	F5DB0EA7-336E-4A5E-9BFD-3291A5DB4D3D	WXS	NA	Peripheral Zone	NO	1.0	NA	NA	NO	NA	YES	1	Primary	1.0	Male	NA	Matched	NA	NO	XJ	0.3	NA	Complete Remission/Response	Apex|Middle	TUMOR FREE	Prostate	A	Alive	NA
prad_cpcg_2017	TCGA-XJ-A9DQ	TCGA-XJ-A9DQ-01	48.0	NO	NA	Prostate Cancer	Prostate Adenocarcinoma	NA	M0	T1C	TCGA-PRAD	NO	NA	NA	NA	2265	NA	NA	0.0	91	NA	NA	2.99	0:DiseaseFree	NO	NA	NA	NA	NA	5/21/14	3.0	3.0	NA	6	NA	Prostate Adenocarcinoma Acinar Type	No	No	C61	8140/3	C61.9	YES	Core needle biopsy	2007.0	NO	Right	NA	NA	NO	NA	NA	2	NO	FALSE	PRAD	2.99	0:LIVING	NA	T2A	TCGA-XJ-A9DQ.CAD1C3A1-9EF6-4253-AEEB-C6D80A07C8E7.pdf	CAD1C3A1-9EF6-4253-AEEB-C6D80A07C8E7	WXS	NA	Peripheral Zone	NO	NA	NA	NA	NO	R0	YES	1	Primary	1.0	Male	NA	Matched	NA	NO	XJ	0.0666666666667	NA	NA	Apex|Base	NA	Prostate	A	Alive	NA
prad_cpcg_2017	TCGA-Y6-A8TL	TCGA-Y6-A8TL-01	65.0	NO	NA	Prostate Cancer	Prostate Adenocarcinoma	NA	NA	T2A	TCGA-PRAD	YES	No Evidence of Extraprostatic Extension	NA	NA	677	328	NA	0.0	775	NA	775	32.59	0:DiseaseFree	NO	NA	NA	NA	NA	4/17/14	3.0	3.0	NA	6	NA	Prostate Adenocarcinoma Acinar Type	No	No	C61	8140/3	C61.9	YES	Core needle biopsy	2012.0	NO	Right	NA	5	YES	0	NA	10	NO	TRUE	PRAD	32.59	0:LIVING	N0	T3A	TCGA-Y6-A8TL.8DE4AB1E-913E-4763-81EE-272430E5CC4A.pdf	8DE4AB1E-913E-4763-81EE-272430E5CC4A	WXS	NA	Peripheral Zone	NO	0.0	NA	NA	NO	R0	YES	1	Primary	1.0	Male	NA	Matched	NA	NO	Y6	0.333333333333	NA	NA	Apex	TUMOR FREE	Prostate	A	Alive	NA
prad_cpcg_2017	TCGA-YL-A8HO	TCGA-YL-A8HO-01	67.0	NO	Abnormal (not related to prostate cancer)	Prostate Cancer	Prostate Adenocarcinoma	NA	M0	NA	TCGA-PRAD	YES	No Evidence of Extraprostatic Extension	1068	62	2100	117	NA	0.0	2183	NA	2168	35.09	1:Recurred/Progressed	NO	NA	NA	NA	NA	3/14/14	4.0	3.0	5	7	NA	Prostate Adenocarcinoma Acinar Type	No	No	C61	8140/3	C61.9	YES	Core needle biopsy	2008.0	NO	Bilateral	NA	18	YES	0	NA	9	YES	TRUE	PRAD	75.69	0:LIVING	N0	T3A	TCGA-YL-A8HO.3C690B20-F9EC-456D-B397-928E39B3FFE2.pdf	3C690B20-F9EC-456D-B397-928E39B3FFE2	WXS	NA	Overlapping / Multiple Zones	NO	1.0	NA	NA	NO	R1	YES	1	Primary	1.0	Male	NA	Matched	NA	NO	YL	0.3	NA	Stable Disease	Middle|Base	NA	Prostate	A	Alive	NA
prad_cpcg_2017	TCGA-YL-A8SH	TCGA-YL-A8SH-01	69.0	NO	NA	Prostate Cancer	Prostate Adenocarcinoma	NA	M0	NA	TCGA-PRAD	NO	NA	NA	NA	1481	NA	875	0.0	NA	NA	617	NA	NA	NO	NA	NA	NA	NA	4/25/14	4.0	3.0	NA	7	NA	Prostate Adenocarcinoma Acinar Type	No	No	C61	8140/3	C61.9	YES	Core needle biopsy	2009.0	NO	Bilateral	NA	21	YES	0	NA	16	NO	TRUE	PRAD	28.75	1:DECEASED	N0	T3A	TCGA-YL-A8SH.62FF9B6A-9C3E-4E29-9D57-10CC2025C5B7.pdf	62FF9B6A-9C3E-4E29-9D57-10CC2025C5B7	WXS	NA	Overlapping / Multiple Zones	NO	6.0	NA	NA	NO	R0	YES	1	Primary	1.0	Male	NA	Matched	NA	NO	YL	0.533333333333	NA	Complete Remission/Response	Apex|Middle|Base	TUMOR FREE	Prostate	B	Dead	NA
prad_cpcg_2017	TCGA-ZG-A8QX	TCGA-ZG-A8QX-01	56.0	NA	NA	Prostate Cancer	Prostate Adenocarcinoma	NA	M0	T1C	TCGA-PRAD	NO	NA	NA	NA	167	NA	NA	0.0	150	NA	NA	14.52	0:DiseaseFree	NO	NA	NA	NA	NA	5/21/14	3.0	3.0	NA	6	NA	Prostate Adenocarcinoma Acinar Type	No	No	C61	8140/3	C61.9	YES	Core needle biopsy	2013.0	NO	Bilateral	NA	18	YES	0	NA	10	NA	TRUE	PRAD	14.52	0:LIVING	N0	T2C	TCGA-ZG-A8QX.153CAD0D-4566-4BC2-B33D-FF1B44BA8E2B.pdf	153CAD0D-4566-4BC2-B33D-FF1B44BA8E2B	WXS	NA	Overlapping / Multiple Zones	NO	NA	NA	NA	NA	R0	YES	1	Primary	1.0	Male	NA	Matched	NA	NA	ZG	0.333333333333	NA	NA	Middle	NA	Prostate	A	Alive	NA